url_length,domain_length,path_length,num_dots,num_hyphens,num_at,num_question,num_equal,num_slash,num_percent,num_ampersand,num_digits,digit_ratio,has_ip,is_shortened,num_subdomains,keyword_count,is_https,has_port,prefix_suffix,has_double_slash,entropy,is_suspicious_tld,has_brand_spoofing,tld_in_subdomain,label,url
36,8,20,1,0,0,0,0,4,0,0,0,0.0,0,0,0,0,1,0,0,0,3.9959,0,0,0,0,https://pypi.org/dashboard/analytics
64,18,26,3,2,0,1,1,5,0,0,8,0.125,0,0,0,2,0,0,1,1,4.6838,1,1,0,1,http://free-host-75.click//www.microsoft.com/update?token=461925
55,33,6,3,2,0,1,1,3,0,0,7,0.1273,0,0,2,3,0,0,1,0,4.558,0,1,1,1,http://paypal.com.account-alert-160.info/login?ref=1184
15,8,0,1,0,0,0,0,2,0,0,0,0.0,0,0,0,0,0,0,0,0,3.1899,0,0,0,0,http://citi.com
40,12,20,1,0,0,0,0,4,0,0,0,0.0,0,0,0,0,1,0,0,0,4.1251,0,0,0,0,https://facebook.com/dashboard/analytics
33,11,14,1,0,0,0,0,5,0,0,1,0.0303,0,0,0,0,1,0,0,0,3.7712,0,0,0,0,https://twitter.com/api/v1/status
48,17,24,2,1,0,0,0,5,0,0,1,0.0208,0,0,1,0,0,0,0,0,4.1837,0,0,0,0,http://portal.amazon.com/docs/v2/getting-started
22,8,6,1,0,0,0,0,3,0,0,0,0.0,0,0,0,0,1,0,0,0,3.6069,0,0,0,0,https://citi.com/about
37,8,21,1,0,0,0,0,6,0,0,6,0.1622,0,0,0,0,1,0,0,0,4.1008,0,0,0,0,https://citi.com/news/2026/08/article
24,15,1,2,0,0,0,0,3,0,0,0,0.0,0,0,1,0,1,0,0,0,3.7721,0,0,0,0,https://api.reuters.com/
20,8,4,1,0,0,0,0,3,0,0,0,0.0,0,0,0,0,1,0,0,0,3.7464,0,0,0,0,https://pypi.org/faq
41,12,21,2,1,0,0,0,4,0,0,6,0.1463,0,0,1,0,1,0,0,0,4.4611,0,0,0,0,https://dev.nasa.gov/products/item-129481
25,11,6,1,0,0,0,0,3,0,0,0,0.0,0,0,0,0,1,0,0,0,3.7835,0,0,0,0,https://spotify.com/about
67,48,12,2,4,0,0,0,3,0,0,0,0.0,0,0,0,3,0,0,1,0,4.1811,0,1,0,1,http://secure-bankofamerica-account-alert-center.online/signin.html
65,14,30,4,1,0,1,1,4,0,0,20,0.3077,1,0,0,2,0,1,0,0,4.6513,0,1,0,1,http://172.124.144.82:3000/microsoft/security-update.php?id=47152
30,17,5,1,0,0,0,0,3,0,0,0,0.0,0,0,0,0,1,0,0,0,4.0314,0,0,0,0,https://stackoverflow.com/help
54,13,25,4,1,0,1,1,4,0,0,15,0.2778,1,0,0,2,0,0,0,0,4.586,0,1,0,1,http://207.143.90.61/paypal/account-alert.php?id=63350
43,15,20,1,0,0,0,0,4,0,0,0,0.0,0,0,0,0,1,0,0,0,4.1292,0,0,0,0,https://theguardian.com/dashboard/analytics
24,12,4,1,0,0,0,0,3,0,0,0,0.0,0,0,0,0,1,0,0,0,4.1368,0,0,0,0,https://linkedin.com/faq
32,16,8,2,0,0,0,0,3,0,0,0,0.0,0,0,1,0,1,0,0,0,3.84,0,0,0,0,https://portal.vimeo.com/contact
35,7,21,1,2,0,0,0,3,0,0,1,0.0286,0,1,0,0,0,0,0,0,4.1399,0,1,0,1,http://cutt.ly/RAaO5zJY-apple-alert
44,16,20,2,0,0,0,0,4,0,0,0,0.0,0,0,1,0,1,0,0,0,3.9906,0,0,0,0,https://my.microsoft.com/category/technology
25,11,6,1,0,0,0,0,3,0,0,0,0.0,0,0,0,0,1,0,0,0,3.7533,0,0,0,0,https://harvard.edu/about
111,25,10,2,2,0,1,2,3,0,1,30,0.2703,0,0,0,3,0,0,1,0,5.0236,0,1,0,1,http://portal-amazon-verify.live/index.php?token=6b36c5c80ad86404ed791e3142ac86c209de1d78336fbd7c&auth=required
24,10,6,1,0,0,0,0,3,0,0,0,0.0,0,0,0,0,1,0,0,0,3.7721,0,0,0,0,https://google.com/about
58,16,22,3,2,0,1,1,5,0,0,8,0.1379,0,0,0,2,0,0,1,1,4.5175,1,1,0,1,http://free-host-86.top//www.chase.com/update?token=981314
29,13,8,1,0,0,0,0,3,0,0,0,0.0,0,0,0,0,1,0,0,0,3.6899,0,0,0,0,https://instagram.com/contact
118,32,10,2,2,0,1,2,3,0,1,29,0.2458,0,0,0,3,0,0,1,0,4.9577,0,1,0,1,http://portal-bankofamerica-verify.info/index.php?token=d903aad97c24ef73d19bc51850ac3c912ef4324476bf5ae5&auth=required
24,10,6,1,0,0,0,0,3,0,0,0,0.0,0,0,0,0,1,0,0,0,3.6368,0,0,0,0,https://reddit.com/terms
17,8,1,1,0,0,0,0,3,0,0,0,0.0,0,0,0,0,1,0,0,0,3.4104,0,0,0,0,https://pypi.org/
41,9,24,1,1,0,0,0,5,0,0,1,0.0244,0,0,0,0,1,0,0,0,3.9211,0,0,0,0,https://twitch.tv/docs/v2/getting-started
53,31,6,3,2,0,1,1,3,0,0,7,0.1321,0,0,2,2,0,0,1,0,4.6217,1,1,1,1,http://amazon.com.account-alert-904.tk/login?ref=5325
110,24,10,2,2,0,1,2,3,0,1,30,0.2727,0,0,0,3,0,0,1,0,4.9549,1,1,0,1,http://portal-chase-verify.loan/index.php?token=b3612eaef5c039f87872bbfff1789f35544697385ffaf1e6&auth=required
42,14,20,1,0,0,0,0,4,0,0,0,0.0,0,0,0,0,1,0,0,0,4.0713,0,0,0,0,https://salesforce.com/dashboard/analytics
54,40,7,3,2,0,0,0,3,0,0,0,0.0,0,0,2,1,0,0,1,0,4.1511,1,0,1,1,http://wellsfargo.com.online-secure-access.loan/portal
52,13,18,4,0,0,1,1,4,0,0,19,0.3654,1,0,0,1,0,1,0,0,4.5176,0,1,0,1,http://52.57.158.130:3000/google/verify.php?id=97885
65,18,27,3,2,0,1,1,5,0,0,8,0.1231,0,0,0,2,0,0,1,1,4.6709,1,0,0,1,http://free-host-80.click//www.wellsfargo.com/update?token=310933
50,13,21,4,0,0,1,1,4,0,0,15,0.3,1,0,0,1,0,0,0,0,4.6235,0,1,0,1,http://80.64.142.171/microsoft/verify.php?id=57603
37,9,20,2,0,0,0,0,4,0,0,0,0.0,0,0,0,0,1,0,0,0,4.0335,0,0,0,0,https://cam.ac.uk/category/technology
68,18,30,3,2,0,1,1,5,0,0,8,0.1176,0,0,0,2,0,0,1,1,4.7184,1,1,0,1,http://free-host-38.click//www.bankofamerica.com/update?token=672742
60,17,23,3,2,0,1,1,5,0,0,8,0.1333,0,0,0,2,0,0,1,1,4.6761,0,1,0,1,http://free-host-64.info//www.google.com/update?token=308509
21,7,6,1,0,0,0,0,3,0,0,0,0.0,0,0,0,0,1,0,0,0,3.6178,0,0,0,0,https://irs.gov/terms
42,12,22,1,0,0,0,0,4,0,0,0,0.0,0,0,0,0,1,0,0,0,3.9167,0,0,0,0,https://stanford.edu/resources/whitepapers
42,14,20,1,0,0,0,0,4,0,0,0,0.0,0,0,0,0,1,0,0,0,4.2048,0,0,0,0,https://wellsfargo.com/dashboard/analytics
37,5,25,1,2,0,0,0,3,0,0,0,0.0,0,1,0,0,0,0,0,0,4.2497,0,1,0,1,http://rb.gy/aJnhbEMR-instagram-alert
58,39,12,2,4,0,0,0,3,0,0,0,0.0,0,0,0,3,0,0,1,0,4.1664,1,0,0,1,http://secure-binance-auth-portal-center.click/signin.html
39,7,25,1,2,0,0,0,3,0,0,1,0.0256,0,1,0,0,0,0,0,0,4.3362,0,1,0,1,http://cutt.ly/Fp0VkcoF-instagram-alert
57,35,6,3,2,0,1,1,3,0,0,7,0.1228,0,0,2,3,0,0,1,0,4.7796,1,1,1,1,http://amazon.com.security-update-770.buzz/login?ref=9847
58,16,22,3,2,0,1,1,5,0,0,8,0.1379,0,0,0,2,0,0,1,1,4.7012,1,1,0,1,http://free-host-33.xyz//www.apple.com/update?token=196089
60,14,25,4,1,0,1,1,4,0,0,20,0.3333,1,0,0,1,0,1,0,0,4.6981,0,1,0,1,http://75.158.199.202:8080/amazon/account-alert.php?id=69415
61,13,27,4,1,0,1,1,4,0,0,19,0.3115,1,0,0,2,0,1,0,0,4.7321,0,1,0,1,http://196.135.72.98:8080/paypal/billing-resolve.php?id=92965
25,17,0,2,0,0,0,0,2,0,0,0,0.0,0,0,1,0,1,0,0,0,3.7835,0,0,0,0,https://api.instagram.com
55,33,6,3,2,0,1,1,3,0,0,7,0.1273,0,0,2,4,0,0,1,0,4.7154,1,1,1,1,http://paypal.com.security-update-312.tk/login?ref=4166
19,7,4,1,0,0,0,0,3,0,0,0,0.0,0,0,0,0,1,0,0,0,3.6421,0,0,0,0,https://who.int/faq
61,17,24,3,2,0,1,1,5,0,0,8,0.1311,0,0,0,2,0,0,1,1,4.703,0,1,0,1,http://free-host-80.live//www.netflix.com/update?token=911239
26,12,6,2,0,0,0,0,3,0,0,0,0.0,0,0,1,0,1,0,0,0,3.9501,0,0,0,0,https://blog.nih.gov/terms
33,11,14,1,0,0,0,0,5,0,0,1,0.0303,0,0,0,0,1,0,0,0,3.7,0,0,0,0,https://harvard.edu/api/v1/status
31,15,8,2,0,0,0,0,3,0,0,0,0.0,0,0,1,0,1,0,0,0,4.0023,0,0,0,0,https://mail.target.com/privacy
64,17,27,3,2,0,1,1,5,0,0,8,0.125,0,0,0,2,0,0,1,1,4.7878,1,0,0,1,http://free-host-96.buzz//www.wellsfargo.com/update?token=141083
24,11,5,2,0,0,0,0,3,0,0,0,0.0,0,0,1,0,1,0,0,0,3.4906,0,0,0,0,https://www.who.int/help
57,35,6,3,2,0,1,1,3,0,0,7,0.1228,0,0,2,2,0,0,1,0,4.7076,1,1,1,1,http://chase.com.suspended-notice-128.club/login?ref=9566
58,39,12,2,3,0,0,0,3,0,0,2,0.0345,0,0,0,3,0,0,1,0,4.4531,1,0,0,1,http://secure-bank0fam3rica-verify-center.loan/signin.html
37,7,23,1,2,0,0,0,3,0,0,2,0.0541,0,1,0,0,0,0,0,0,4.3132,0,1,0,1,http://cutt.ly/H8tDKFP4-netflix-alert
23,11,4,1,0,0,0,0,3,0,0,0,0.0,0,0,0,0,1,0,0,0,3.9362,0,0,0,0,https://nytimes.com/faq
50,14,20,4,0,0,1,1,4,0,0,16,0.32,1,0,0,1,0,0,0,0,4.5815,0,1,0,1,http://32.189.243.249/facebook/verify.php?id=69099
36,6,23,1,2,0,0,0,3,0,0,3,0.0833,0,1,0,0,0,0,0,0,4.2947,0,0,0,1,http://bit.ly/byRk732O-binance-alert
43,14,21,2,1,0,0,0,4,0,0,6,0.1395,0,0,1,0,1,0,0,0,4.4258,0,0,0,0,https://aws.amazon.com/products/item-129481
57,14,22,4,1,0,1,1,4,0,0,20,0.3509,1,0,0,1,0,1,0,0,4.3349,0,1,0,1,http://112.219.74.126:8888/apple/auth-portal.php?id=32199
37,5,25,1,2,0,0,0,3,0,0,1,0.027,0,1,0,0,0,0,0,0,4.3915,0,1,0,1,http://rb.gy/W5ppxAhx-microsoft-alert
37,7,22,1,0,0,0,0,4,0,0,0,0.0,0,0,0,0,1,0,0,0,3.7969,0,0,0,0,https://who.int/resources/whitepapers
21,13,0,2,0,0,0,0,2,0,0,0,0.0,0,0,1,0,1,0,0,0,3.5585,0,0,0,0,https://www.yahoo.com
21,7,6,1,0,0,0,0,3,0,0,0,0.0,0,0,0,0,1,0,0,0,3.749,0,0,0,0,https://irs.gov/about
54,22,24,2,1,0,0,0,5,0,0,1,0.0185,0,0,1,0,1,0,0,0,4.3449,0,0,0,0,https://blog.bankofamerica.com/docs/v2/getting-started
50,22,21,2,1,0,0,0,4,0,0,6,0.12,0,0,1,0,0,0,0,0,4.5186,0,0,0,0,http://mail.bankofamerica.com/products/item-129481
39,11,20,1,0,0,0,0,4,0,0,0,0.0,0,0,0,0,1,0,0,0,4.0066,0,0,0,0,https://shopify.com/category/technology
19,7,4,1,0,0,0,0,3,0,0,0,0.0,0,0,0,0,1,0,0,0,3.6819,0,0,0,0,https://cnn.com/faq
110,24,10,2,2,0,1,2,3,0,1,30,0.2727,0,0,0,3,0,0,1,0,4.8927,0,1,0,1,http://portal-chase-verify.live/index.php?token=ef90a7563a71045c15eaca539ea62656bef5d338c5d25e86&auth=required
40,6,27,1,0,0,0,0,3,0,0,1,0.025,0,1,0,2,0,0,0,0,4.4842,0,0,0,1,http://bit.ly/3xSecuredBankLoginRedirect
60,14,30,4,1,0,1,1,4,0,0,16,0.2667,1,0,0,1,0,0,0,0,4.7188,0,1,0,1,http://182.65.198.216/microsoft/billing-resolve.php?id=85649
40,11,22,1,2,0,0,0,3,0,0,1,0.025,0,1,0,0,0,0,0,0,4.3653,0,1,0,1,http://tinyurl.com/WvnjIg6g-google-alert
110,24,10,2,2,0,1,2,3,0,1,33,0.3,0,0,0,3,0,0,1,0,4.9093,1,0,0,1,http://portal-binance-verify.tk/index.php?token=81fc64444e6ea554b5638f4c5e553024fc10935bf4d32c67&auth=required
38,5,26,1,2,0,0,0,3,0,0,2,0.0526,0,1,0,0,0,0,0,0,4.4843,0,0,0,1,http://rb.gy/8UwdR6um-wellsfargo-alert
20,11,1,1,0,0,0,0,3,0,0,0,0.0,0,0,0,0,1,0,0,0,3.5464,0,0,0,0,https://reuters.com/
54,14,24,4,1,0,1,1,4,0,0,16,0.2963,1,0,0,1,0,0,0,0,4.648,0,1,0,1,http://189.206.183.69/chase/account-alert.php?id=41255
41,13,20,2,0,0,0,0,4,0,0,0,0.0,0,0,1,0,1,0,0,0,4.0923,0,0,0,0,https://help.ebay.com/dashboard/analytics
30,14,8,2,0,0,0,0,3,0,0,0,0.0,0,0,1,0,1,0,0,0,4.0314,0,0,0,0,https://my.dropbox.com/privacy
27,14,5,1,0,0,0,0,3,0,0,0,0.0,0,0,0,0,1,0,0,0,3.9582,0,0,0,0,https://cloudflare.com/help
59,13,30,4,1,0,1,1,4,0,0,15,0.2542,1,0,0,2,0,0,0,0,4.5966,0,1,0,1,http://100.109.99.67/microsoft/security-update.php?id=20218
62,14,27,4,1,0,1,1,4,0,0,20,0.3226,1,0,0,1,0,1,0,0,4.5023,0,1,0,1,http://146.134.211.75:4444/apple/confirm-identity.php?id=36774
62,40,6,3,2,0,1,1,3,0,0,7,0.1129,0,0,2,2,0,0,1,0,4.6738,1,0,1,1,http://wellsfargo.com.confirm-identity-620.loan/login?ref=8747
25,9,8,1,0,0,0,0,3,0,0,0,0.0,0,0,0,0,1,0,0,0,3.7835,0,0,0,0,https://yahoo.com/privacy
52,11,7,1,0,0,1,2,3,0,1,1,0.0192,0,0,0,0,1,0,0,0,4.5219,0,0,0,0,https://dropbox.com/search?q=machine+learning&page=2
32,10,14,1,0,0,0,0,5,0,0,1,0.0312,0,0,0,0,1,0,0,0,3.7928,0,0,0,0,https://target.com/api/v1/status
23,10,5,1,0,0,0,0,3,0,0,0,0.0,0,0,0,0,1,0,0,0,3.7951,0,0,0,0,https://kaggle.com/help
113,27,10,2,2,0,1,2,3,0,1,33,0.292,0,0,0,3,0,0,1,0,4.943,1,1,0,1,http://portal-instagram-verify.icu/index.php?token=ad7a309f312d897a41797513f22473aa94b504ddd715df13&auth=required
39,7,25,1,2,0,0,0,3,0,0,0,0.0,0,1,0,0,0,0,0,0,4.3043,0,1,0,1,http://cutt.ly/EpTEQQeZ-microsoft-alert
118,32,10,2,2,0,1,2,3,0,1,30,0.2542,0,0,0,3,0,0,1,0,4.9146,1,1,0,1,http://portal-bankofamerica-verify.club/index.php?token=4bbc6fb2995fd22244fdb5210b8e223293db41be7a3398b2&auth=required
24,8,8,2,0,0,0,0,3,0,0,0,0.0,0,0,0,0,1,0,0,0,3.9702,0,0,0,0,https://ox.ac.uk/privacy
47,18,21,2,1,0,0,0,4,0,0,6,0.1277,0,0,1,0,1,0,0,0,4.3072,0,0,0,0,https://help.microsoft.com/products/item-129481
38,10,20,1,0,0,0,0,4,0,0,0,0.0,0,0,0,0,1,0,0,0,3.9553,0,0,0,0,https://amazon.com/category/technology
28,12,8,1,0,0,0,0,3,0,0,0,0.0,0,0,0,0,1,0,0,0,4.0836,0,0,0,0,https://facebook.com/privacy
56,34,6,3,2,0,1,1,3,0,0,7,0.125,0,0,2,2,0,0,1,0,4.5801,1,1,1,1,http://google.com.billing-resolve-837.icu/login?ref=4699
36,14,14,2,0,0,0,0,5,0,0,1,0.0278,0,0,1,0,1,0,0,0,3.9275,0,0,0,0,https://dev.reddit.com/api/v1/status
21,14,0,1,0,0,0,0,2,0,0,0,0.0,0,0,0,0,0,0,0,0,3.8209,0,0,0,0,http://salesforce.com
42,13,21,2,0,0,0,0,6,0,0,6,0.1429,0,0,1,0,1,0,0,0,4.2432,0,0,0,0,https://portal.un.org/news/2026/08/article
25,9,8,1,0,0,0,0,3,0,0,0,0.0,0,0,0,0,1,0,0,0,3.3974,0,0,0,0,https://twitch.tv/contact
115,29,10,2,2,0,1,2,3,0,1,30,0.2609,0,0,0,3,0,0,1,0,4.8765,0,1,0,1,http://portal-facebook-verify.online/index.php?token=479509ab09c71e27ddea76c2457cc0b667c67a29b5b3a77d&auth=required
36,8,20,1,0,0,0,0,4,0,0,0,0.0,0,0,0,0,1,0,0,0,3.9404,0,0,0,0,https://nasa.gov/dashboard/analytics
45,15,22,2,0,0,0,0,5,0,0,0,0.0,0,0,1,0,1,0,0,0,4.0811,0,0,0,0,https://app.walmart.com/user/profile/settings
28,14,6,2,0,0,0,0,3,0,0,0,0.0,0,0,1,0,1,0,0,0,3.8154,0,0,0,0,https://aws.amazon.com/terms
42,11,24,1,2,0,0,0,3,0,0,0,0.0,0,1,0,0,0,0,0,0,4.4516,0,1,0,1,http://tinyurl.com/vaOivaCx-facebook-alert
21,14,0,2,0,0,0,0,2,0,0,0,0.0,0,0,1,0,0,0,0,0,3.4399,0,0,0,0,http://help.apple.com
24,8,8,2,0,0,0,0,3,0,0,0,0.0,0,0,0,0,1,0,0,0,3.6054,0,0,0,0,https://ox.ac.uk/contact
50,31,12,2,3,0,0,0,3,0,0,4,0.08,0,0,0,3,0,0,1,0,4.4411,1,0,0,1,http://secure-g00g13-verify-center.xyz/signin.html
21,8,5,2,0,0,0,0,3,0,0,0,0.0,0,0,0,0,1,0,0,0,3.7849,0,0,0,0,https://ox.ac.uk/help
23,9,6,1,0,0,0,0,3,0,0,0,0.0,0,0,0,0,1,0,0,0,3.5884,0,0,0,0,https://yahoo.com/about
45,17,20,2,0,0,0,0,4,0,0,0,0.0,0,0,1,1,1,0,0,0,3.9033,0,0,0,0,https://portal.paypal.com/category/technology
37,8,21,1,1,0,0,0,4,0,0,6,0.1622,0,0,0,0,1,0,0,0,4.4323,0,0,0,0,https://nasa.gov/products/item-129481
42,14,20,2,0,0,0,0,4,0,0,0,0.0,0,0,1,0,1,0,0,0,4.0503,0,0,0,0,https://aws.amazon.com/category/technology
35,13,14,2,0,0,0,0,5,0,0,1,0.0286,0,0,1,0,1,0,0,0,3.8046,0,0,0,0,https://app.quora.com/api/v1/status
63,44,12,2,4,0,0,0,3,0,0,2,0.0317,0,0,0,3,0,0,1,0,4.2352,0,0,0,1,http://secure-micr0s0ft-billing-resolve-center.info/signin.html
44,14,22,2,0,0,0,0,4,0,0,0,0.0,0,0,1,0,1,0,0,0,4.1613,0,0,0,0,https://my.netflix.com/resources/whitepapers
42,13,21,1,1,0,0,0,4,0,0,6,0.1429,0,0,0,0,1,0,0,0,4.422,0,0,0,0,https://wikipedia.org/products/item-129481
35,7,21,1,2,0,0,0,3,0,0,2,0.0571,0,1,0,0,0,0,0,0,4.0116,0,1,0,1,http://cutt.ly/k3PlrT3E-apple-alert
37,7,22,1,0,0,0,0,4,0,0,0,0.0,0,0,0,0,1,0,0,0,3.8278,0,0,0,0,https://mit.edu/resources/whitepapers
61,17,24,3,2,0,1,1,5,0,0,8,0.1311,0,0,0,2,0,0,1,1,4.6422,1,0,0,1,http://free-host-63.buzz//www.binance.com/update?token=776233
62,43,12,2,4,0,0,0,3,0,0,0,0.0,0,0,0,3,0,0,1,0,4.4099,1,1,0,1,http://secure-bankofamerica-auth-portal-center.xyz/signin.html
115,29,10,2,2,0,1,2,3,0,1,29,0.2522,0,0,0,3,0,0,1,0,4.9285,0,1,0,1,http://portal-facebook-verify.online/index.php?token=11c9db6182f58c5924abb1e2c6089169be44a3b2f04aed5d&auth=required
58,36,6,3,2,0,1,1,3,0,0,7,0.1207,0,0,2,2,0,0,1,0,4.7459,1,0,1,1,http://binance.com.suspended-notice-797.xyz/login?ref=4713
62,14,32,4,1,0,1,1,4,0,0,16,0.2581,1,0,0,1,0,0,0,0,4.8452,0,0,0,1,http://56.188.247.152/wellsfargo/confirm-identity.php?id=91106
42,13,21,1,0,0,0,0,6,0,0,6,0.1429,0,0,0,0,1,0,0,0,4.2252,0,0,0,0,https://instagram.com/news/2026/08/article
28,12,8,1,0,0,0,0,3,0,0,0,0.0,0,0,0,0,1,0,0,0,3.7943,0,0,0,0,https://stanford.edu/contact
65,15,29,4,1,0,1,1,4,0,0,21,0.3231,1,0,0,1,0,1,0,0,4.6896,0,0,0,1,http://172.217.207.117:8888/wellsfargo/account-alert.php?id=76404
56,13,27,4,1,0,1,1,4,0,0,15,0.2679,1,0,0,1,0,0,0,0,4.6685,0,0,0,1,http://113.92.64.252/wellsfargo/auth-portal.php?id=18768
68,49,12,2,4,0,0,0,3,0,0,0,0.0,0,0,0,2,0,0,1,0,4.2067,0,1,0,1,http://secure-bankofamerica-session-unlock-center.online/signin.html
59,15,28,4,1,0,1,1,4,0,0,17,0.2881,1,0,0,1,0,0,0,0,4.5516,0,1,0,1,http://122.181.164.190/amazon/confirm-identity.php?id=86861
19,10,1,1,0,0,0,0,3,0,0,0,0.0,0,0,0,0,1,0,0,0,3.6421,0,0,0,0,https://medium.com/
35,21,6,2,0,0,0,0,3,0,0,0,0.0,0,0,1,0,1,0,0,0,3.843,0,0,0,0,https://portal.aliexpress.com/terms
60,38,6,3,2,0,1,1,3,0,0,7,0.1167,0,0,2,2,0,0,1,0,4.5777,1,1,1,1,http://bankofamerica.com.account-alert-553.tk/login?ref=5789
59,13,30,4,1,0,1,1,4,0,0,15,0.2542,1,0,0,1,0,0,0,0,4.6983,0,1,0,1,http://97.46.129.130/bankofamerica/auth-portal.php?id=90713
59,17,22,3,2,0,1,1,5,0,0,8,0.1356,0,0,0,2,0,0,1,1,4.6099,1,1,0,1,http://free-host-90.loan//www.apple.com/update?token=429137
47,12,19,4,0,0,1,1,4,0,0,14,0.2979,1,0,0,1,0,0,0,0,4.5863,0,0,0,1,http://202.5.18.207/binance/verify.php?id=23647
52,33,12,2,3,0,0,0,3,0,0,2,0.0385,0,0,0,3,0,0,1,0,4.4172,1,0,0,1,http://secure-n3tf1ix-verify-center.work/signin.html
53,34,12,2,3,0,0,0,3,0,0,0,0.0,0,0,0,3,0,0,1,0,4.4064,1,1,0,1,http://secure-facebook-verify-center.work/signin.html
61,17,24,3,2,0,1,1,5,0,0,8,0.1311,0,0,0,2,0,0,1,1,4.6793,0,0,0,1,http://free-host-30.info//www.binance.com/update?token=986210
61,42,12,2,4,0,0,0,3,0,0,1,0.0164,0,0,0,3,0,0,1,0,4.1333,1,0,0,1,http://secure-binanc3-suspended-notice-center.icu/signin.html
39,11,21,1,2,0,0,0,3,0,0,0,0.0,0,1,0,0,0,0,0,0,4.3043,0,1,0,1,http://tinyurl.com/plMWpNmW-chase-alert
115,29,10,2,2,0,1,2,3,0,1,26,0.2261,0,0,0,3,0,0,1,0,4.9936,1,0,0,1,http://portal-wellsfargo-verify.club/index.php?token=4cd2b4f3884ed2fbc069a5dfdf66bd72440e1e92c9a74a4b&auth=required
26,14,4,1,0,0,0,0,3,0,0,0,0.0,0,0,0,0,1,0,0,0,4.027,0,0,0,0,https://aliexpress.com/faq
43,11,25,1,2,0,0,0,3,0,0,2,0.0465,0,1,0,0,0,0,0,0,4.4349,0,1,0,1,http://tinyurl.com/UfTsc04L-microsoft-alert
39,11,21,1,2,0,0,0,3,0,0,1,0.0256,0,1,0,0,0,0,0,0,4.3462,0,1,0,1,http://tinyurl.com/EtWza7Qw-apple-alert
112,26,10,2,2,0,1,2,3,0,1,24,0.2143,0,0,0,3,0,0,1,0,4.9432,1,1,0,1,http://portal-netflix-verify.buzz/index.php?token=c0db76beed22b865bb00bf1af1baa2699f756b331cbaa8c5&auth=required
43,13,22,2,0,0,0,0,5,0,0,0,0.0,0,0,1,0,1,0,0,0,4.1558,0,0,0,0,https://www.quora.com/user/profile/settings
43,14,21,2,1,0,0,0,4,0,0,6,0.1395,0,0,1,0,1,0,0,0,4.3679,0,0,0,0,https://my.dropbox.com/products/item-129481
62,17,25,3,2,0,1,1,5,0,0,8,0.129,0,0,0,2,0,0,1,1,4.6081,1,1,0,1,http://free-host-47.club//www.facebook.com/update?token=133844
35,6,22,1,2,0,0,0,3,0,0,2,0.0571,0,1,0,1,0,0,0,0,4.1859,0,1,0,1,http://bit.ly/5j4BCJic-paypal-alert
60,41,12,2,4,0,0,0,3,0,0,1,0.0167,0,0,0,3,0,0,1,0,4.1685,0,0,0,1,http://secure-paypa1-account-alert-center.online/signin.html
25,11,6,1,0,0,0,0,3,0,0,0,0.0,0,0,0,0,1,0,0,0,3.7337,0,0,0,0,https://reuters.com/about
39,9,22,2,0,0,0,0,4,0,0,0,0.0,0,0,0,0,1,0,0,0,3.9066,0,0,0,0,https://cam.ac.uk/resources/whitepapers
62,43,12,2,4,0,0,0,3,0,0,0,0.0,0,0,0,2,0,0,1,0,4.192,1,1,0,1,http://secure-instagram-session-unlock-center.club/signin.html
37,9,20,1,0,0,0,0,4,0,0,0,0.0,0,0,0,0,1,0,0,0,3.9144,0,0,0,0,https://twitch.tv/category/technology
22,15,0,2,0,0,0,0,2,0,0,0,0.0,0,0,1,0,0,0,0,0,3.6635,0,0,0,0,http://docs.python.org
39,9,22,1,0,0,0,0,5,0,0,0,0.0,0,0,0,0,1,0,0,0,3.881,0,0,0,0,https://twitch.tv/user/profile/settings
34,5,22,1,2,0,0,0,3,0,0,2,0.0588,0,1,0,0,0,0,0,0,4.2561,0,1,0,1,http://rb.gy/qYE08hHH-google-alert
40,12,20,2,0,0,0,0,4,0,0,0,0.0,0,0,1,0,1,0,0,0,4.0062,0,0,0,0,https://mail.bbc.com/dashboard/analytics
61,13,27,4,1,0,1,1,4,0,0,19,0.3115,1,0,0,2,0,1,0,0,4.6885,0,1,0,1,http://147.84.37.224:3000/amazon/security-update.php?id=76327
64,42,6,3,2,0,1,1,3,0,0,7,0.1094,0,0,2,2,0,0,1,0,4.6427,1,1,1,1,http://bankofamerica.com.confirm-identity-924.top/login?ref=3896
62,13,28,4,1,0,1,1,4,0,0,19,0.3065,1,0,0,1,0,1,0,0,4.577,0,1,0,1,http://30.212.140.29:4444/instagram/account-alert.php?id=40510
54,32,6,3,2,0,1,1,3,0,0,7,0.1296,0,0,2,2,0,0,1,0,4.657,0,1,1,1,http://chase.com.auth-portal-659.online/login?ref=7814
16,7,1,1,0,0,0,0,3,0,0,0,0.0,0,0,0,0,1,0,0,0,3.3278,0,0,0,0,https://bbc.com/
60,15,29,4,1,0,1,1,4,0,0,17,0.2833,1,0,0,1,0,0,0,0,4.5297,0,0,0,1,http://157.195.234.161/binance/suspended-notice.php?id=72951
70,14,35,4,1,0,1,1,4,0,0,20,0.2857,1,0,0,1,0,1,0,0,4.806,0,1,0,1,http://104.136.124.97:8888/bankofamerica/confirm-identity.php?id=64015
42,6,29,1,2,0,0,0,3,0,0,1,0.0238,0,1,0,0,0,0,0,0,4.3384,0,1,0,1,http://bit.ly/epinyO7A-bankofamerica-alert
28,14,6,1,0,0,0,0,3,0,0,0,0.0,0,0,0,0,1,0,0,0,4.0122,0,0,0,0,https://cloudflare.com/about
60,41,12,2,4,0,0,0,3,0,0,0,0.0,0,0,0,5,0,0,1,0,4.2477,0,1,0,1,http://secure-paypal-security-update-center.info/signin.html
54,32,6,3,2,0,1,1,3,0,0,7,0.1296,0,0,2,2,0,0,1,0,4.5648,1,0,1,1,http://binance.com.auth-portal-765.loan/login?ref=4996
41,12,21,3,0,0,0,0,6,0,0,6,0.1463,0,0,1,0,1,0,0,0,4.3874,0,0,0,0,https://dev.ox.ac.uk/news/2026/08/article
27,13,6,2,0,0,0,0,3,0,0,0,0.0,0,0,1,0,1,0,0,0,3.7542,0,0,0,0,https://dev.vimeo.com/terms
39,7,25,1,2,0,0,0,3,0,0,1,0.0256,0,1,0,0,0,0,0,0,4.2849,0,1,0,1,http://cutt.ly/lAsGGFe0-microsoft-alert
43,7,29,1,2,0,0,0,3,0,0,1,0.0233,0,1,0,0,0,0,0,0,4.5341,0,1,0,1,http://cutt.ly/BUk8ONGm-bankofamerica-alert
58,12,30,4,1,0,1,1,4,0,0,14,0.2414,1,0,0,1,0,0,0,0,4.6335,0,1,0,1,http://48.32.108.13/microsoft/billing-resolve.php?id=13321
58,36,6,3,2,0,1,1,3,0,0,7,0.1207,0,0,2,2,0,0,1,0,4.5995,1,1,1,1,http://facebook.com.suspended-notice-767.tk/login?ref=6688
31,17,6,1,0,0,0,0,3,0,0,0,0.0,0,0,0,0,1,0,0,0,4.0181,0,0,0,0,https://bankofamerica.com/terms
45,15,22,2,0,0,0,0,4,0,0,0,0.0,0,0,1,0,1,0,0,0,4.189,0,0,0,0,https://my.linkedin.com/resources/whitepapers
32,18,6,2,0,0,0,0,3,0,0,0,0.0,0,0,1,1,1,0,0,0,4.0778,0,0,0,0,https://login.stanford.edu/about
60,38,6,3,2,0,1,1,3,0,0,7,0.1167,0,0,2,2,0,0,1,0,4.5777,1,0,1,1,http://binance.com.confirm-identity-221.click/login?ref=8373
53,14,23,4,1,0,1,1,4,0,0,16,0.3019,1,0,0,1,0,0,0,0,4.5296,0,1,0,1,http://113.64.190.210/amazon/auth-portal.php?id=84373
56,34,6,3,2,0,1,1,3,0,0,7,0.125,0,0,2,2,0,0,1,0,4.6175,0,1,1,1,http://apple.com.billing-resolve-315.info/login?ref=9174
22,14,0,2,0,0,0,0,2,0,0,0,0.0,0,0,1,0,1,0,0,0,3.9706,0,0,0,0,https://blog.quora.com
37,8,21,1,1,0,0,0,4,0,0,6,0.1622,0,0,0,0,1,0,0,0,4.1522,0,0,0,0,https://citi.com/products/item-129481
61,18,23,3,2,0,1,1,5,0,0,8,0.1311,0,0,0,3,0,0,1,1,4.7669,1,1,0,1,http://free-host-39.click//www.paypal.com/update?token=567814
56,34,6,3,2,0,1,1,3,0,0,7,0.125,0,0,2,2,0,0,1,0,4.7534,1,0,1,1,http://wellsfargo.com.auth-portal-748.xyz/login?ref=9428
110,24,10,2,2,0,1,2,3,0,1,30,0.2727,0,0,0,3,0,0,1,0,4.9659,0,1,0,1,http://portal-chase-verify.live/index.php?token=78fe36e2295de24697056fe93c15fbc37ad06710f83dfcd2&auth=required
39,11,21,1,2,0,0,0,3,0,0,1,0.0256,0,1,0,0,0,0,0,0,4.4775,0,1,0,1,http://tinyurl.com/u2bITwlq-chase-alert
22,9,5,1,0,0,0,0,3,0,0,0,0.0,0,0,0,0,1,0,0,0,3.4085,0,0,0,0,https://twitch.tv/help
113,27,10,2,2,0,1,2,3,0,1,29,0.2566,0,0,0,3,0,0,1,0,5.0363,1,0,0,1,http://portal-wellsfargo-verify.tk/index.php?token=04f929cf9f43de0d47ef519dc012d812b2905cbe27dbb566&auth=required
46,11,19,4,0,0,1,1,4,0,0,13,0.2826,1,0,0,1,0,0,0,0,4.5178,0,0,0,1,http://174.5.92.29/binance/verify.php?id=34179
63,44,12,2,4,0,0,0,3,0,0,0,0.0,0,0,0,4,0,0,1,0,4.1393,0,0,0,1,http://secure-binance-security-update-center.online/signin.html
56,15,7,3,0,0,1,2,3,0,1,1,0.0179,0,0,1,1,1,0,0,0,4.4273,0,0,0,0,https://login.cam.ac.uk/search?q=machine+learning&page=2
34,12,14,2,0,0,0,0,5,0,0,1,0.0294,0,0,1,0,1,0,0,0,3.9369,0,0,0,0,https://help.bbc.com/api/v1/status
62,13,28,4,1,0,1,1,4,0,0,19,0.3065,1,0,0,1,0,1,0,0,4.6659,0,1,0,1,http://211.64.238.68:4444/google/confirm-identity.php?id=73702
37,6,24,1,2,0,0,0,3,0,0,0,0.0,0,1,0,0,0,0,0,0,4.3578,0,1,0,1,http://bit.ly/pByVGCge-facebook-alert
39,10,21,1,1,0,0,0,4,0,0,6,0.1538,0,0,0,0,1,0,0,0,4.3749,0,0,0,0,https://amazon.com/products/item-129481
111,25,10,2,2,0,1,2,3,0,1,27,0.2432,0,0,0,3,0,0,1,0,4.868,1,1,0,1,http://portal-facebook-verify.tk/index.php?token=b9c588df0f87bb05565fb581beecb562fab63b94504f68cf&auth=required
18,9,1,1,0,0,0,0,3,0,0,0,0.0,0,0,0,0,1,0,0,0,3.6835,0,0,0,0,https://quora.com/
60,17,23,3,2,0,1,1,5,0,0,8,0.1333,0,0,0,2,0,0,1,1,4.4553,1,1,0,1,http://free-host-81.work//www.amazon.com/update?token=711881
40,10,22,1,0,0,0,0,4,0,0,0,0.0,0,0,0,0,1,0,0,0,3.8226,0,0,0,0,https://target.com/resources/whitepapers
58,16,22,3,2,0,1,1,5,0,0,8,0.1379,0,0,0,2,0,0,1,1,4.6667,1,1,0,1,http://free-host-53.xyz//www.apple.com/update?token=318715
47,15,24,1,1,0,0,0,5,0,0,1,0.0213,0,0,0,0,1,0,0,0,4.1283,0,0,0,0,https://theguardian.com/docs/v2/getting-started
58,39,12,2,4,0,0,0,3,0,0,1,0.0172,0,0,0,3,0,0,1,0,4.2416,0,0,0,1,http://secure-paypa1-account-alert-center.info/signin.html
52,11,7,1,0,0,1,2,3,0,1,1,0.0192,0,0,0,0,1,0,0,0,4.3535,0,0,0,0,https://reuters.com/search?q=machine+learning&page=2
36,5,24,1,2,0,0,0,3,0,0,0,0.0,0,1,0,0,0,0,0,0,4.4959,0,1,0,1,http://rb.gy/zbIBMuEY-facebook-alert
30,16,6,2,0,0,0,0,3,0,0,0,0.0,0,0,1,0,1,0,0,0,4.0817,0,0,0,0,https://mail.netflix.com/about
45,17,20,1,0,0,0,0,4,0,0,0,0.0,0,0,0,0,1,0,0,0,4.2393,0,0,0,0,https://stackoverflow.com/dashboard/analytics
26,14,4,2,0,0,0,0,3,0,0,0,0.0,0,0,1,0,1,0,0,0,3.9791,0,0,0,0,https://portal.mit.edu/faq
57,14,27,4,1,0,1,1,4,0,0,16,0.2807,1,0,0,1,0,0,0,0,4.3718,0,1,0,1,http://18.161.211.148/apple/suspended-notice.php?id=40082
59,16,23,3,2,0,1,1,5,0,0,8,0.1356,0,0,0,2,0,0,1,1,4.6711,1,1,0,1,http://free-host-35.icu//www.amazon.com/update?token=748257
46,16,22,2,0,0,0,0,5,0,0,0,0.0,0,0,1,0,1,0,0,0,4.1,0,0,0,0,https://blog.shopify.com/user/profile/settings
58,36,6,3,2,0,1,1,3,0,0,7,0.1207,0,0,2,3,0,0,1,0,4.6849,1,1,1,1,http://paypal.com.confirm-identity-633.club/login?ref=1437
36,6,23,1,2,0,0,0,3,0,0,1,0.0278,0,1,0,0,0,0,0,0,4.3401,0,1,0,1,http://bit.ly/YkPiF8AO-netflix-alert
63,17,26,3,2,0,1,1,5,0,0,8,0.127,0,0,0,2,0,0,1,1,4.7234,1,1,0,1,http://free-host-53.club//www.microsoft.com/update?token=497622
51,21,22,2,0,0,0,0,5,0,0,0,0.0,0,0,1,0,1,0,0,0,4.1847,0,0,0,0,https://api.bankofamerica.com/user/profile/settings
22,14,0,2,0,0,0,0,2,0,0,0,0.0,0,0,1,0,1,0,0,0,3.8231,0,0,0,0,https://portal.mit.edu
62,43,12,2,4,0,0,0,3,0,0,0,0.0,0,0,0,3,0,0,1,0,4.3084,1,0,0,1,http://secure-wellsfargo-account-alert-center.buzz/signin.html
33,17,8,2,0,0,0,0,3,0,0,0,0.0,0,0,1,0,1,0,0,0,3.8997,0,0,0,0,https://portal.github.com/contact
59,40,12,2,4,0,0,0,3,0,0,1,0.0169,0,0,0,3,0,0,1,0,4.2598,0,0,0,1,http://secure-chas3-billing-resolve-center.info/signin.html
43,14,21,3,1,0,0,0,4,0,0,6,0.1395,0,0,1,0,1,0,0,0,4.5074,0,0,0,0,https://blog.cam.ac.uk/products/item-129481
112,26,10,2,2,0,1,2,3,0,1,28,0.25,0,0,0,3,0,0,1,0,4.9416,1,1,0,1,http://portal-netflix-verify.club/index.php?token=acf54669aff1e1197e21893c5d4a524c20d0a3cde4a1cc73&auth=required
59,40,12,2,4,0,0,0,3,0,0,0,0.0,0,0,0,3,0,0,1,0,4.138,0,1,0,1,http://secure-netflix-auth-portal-center.online/signin.html
28,15,5,1,0,0,0,0,3,0,0,0,0.0,0,0,0,0,1,0,0,0,4.0836,0,0,0,0,https://theguardian.com/help
65,15,29,4,1,0,1,1,4,0,0,21,0.3231,1,0,0,1,0,1,0,0,4.791,0,1,0,1,http://145.251.147.221:3000/facebook/billing-resolve.php?id=77875
111,25,10,2,2,0,1,2,3,0,1,27,0.2432,0,0,0,3,0,0,1,0,4.9494,1,1,0,1,http://portal-google-verify.work/index.php?token=03b1df08e0a332eb199a9ebd988c0b7c33ddb845aac373a4&auth=required
40,11,21,1,1,0,0,0,4,0,0,6,0.15,0,0,0,0,1,0,0,0,4.3153,0,0,0,0,https://shopify.com/products/item-129481
24,11,5,1,0,0,0,0,3,0,0,0,0.0,0,0,0,0,1,0,0,0,3.7406,0,0,0,0,https://shopify.com/help
60,17,23,3,2,0,1,1,5,0,0,8,0.1333,0,0,0,2,0,0,1,1,4.622,0,1,0,1,http://free-host-86.live//www.amazon.com/update?token=638616
114,28,10,2,2,0,1,2,3,0,1,27,0.2368,0,0,0,3,0,0,1,0,4.8776,0,0,0,1,http://portal-binance-verify.online/index.php?token=a72d0ba423fe4cddee8df94090743425ba83dbab623f89b5&auth=required
32,10,14,2,0,0,0,0,5,0,0,1,0.0312,0,0,1,0,1,0,0,0,3.9261,0,0,0,0,https://dev.un.org/api/v1/status
32,16,8,2,0,0,0,0,3,0,0,0,0.0,0,0,1,0,1,0,0,0,3.9681,0,0,0,0,https://www.linkedin.com/contact
49,17,24,2,1,0,0,0,5,0,0,1,0.0204,0,0,1,0,1,0,0,0,4.1425,0,0,0,0,https://www.wikipedia.org/docs/v2/getting-started
40,11,21,1,0,0,0,0,6,0,0,6,0.15,0,0,0,0,1,0,0,0,4.1964,0,0,0,0,https://nytimes.com/news/2026/08/article
27,15,4,2,0,0,0,0,3,0,0,0,0.0,0,0,1,0,1,0,0,0,3.9862,0,0,0,0,https://blog.target.com/faq
58,39,12,2,4,0,0,0,3,0,0,0,0.0,0,0,0,2,0,0,1,0,4.2286,1,1,0,1,http://secure-google-session-unlock-center.xyz/signin.html
64,13,30,4,1,0,1,1,4,0,0,19,0.2969,1,0,0,1,0,1,0,0,4.7013,0,1,0,1,http://45.31.133.223:8888/bankofamerica/auth-portal.php?id=14570
59,37,6,3,2,0,1,1,3,0,0,7,0.1186,0,0,2,2,0,0,1,0,4.6327,0,0,1,1,http://wellsfargo.com.auth-portal-793.online/login?ref=2781
30,18,4,2,0,0,0,0,3,0,0,0,0.0,0,0,1,0,1,0,0,0,4.1899,0,0,0,0,https://blog.wikipedia.org/faq
27,15,4,1,0,0,0,0,3,0,0,0,0.0,0,0,0,0,1,0,0,0,4.1525,0,0,0,0,https://theguardian.com/faq
41,11,22,1,0,0,0,0,4,0,0,0,0.0,0,0,0,0,1,0,0,0,3.8395,0,0,0,0,https://harvard.edu/resources/whitepapers
28,13,8,1,0,0,0,0,3,0,0,0,0.0,0,0,0,0,0,0,0,0,3.8963,0,0,0,0,http://wikipedia.org/contact
62,40,6,3,2,0,1,1,3,0,0,7,0.1129,0,0,2,2,0,0,1,0,4.7278,0,0,1,1,http://wellsfargo.com.suspended-notice-592.live/login?ref=3703
20,11,1,2,0,0,0,0,3,0,0,0,0.0,0,0,1,0,1,0,0,0,3.4464,0,0,0,0,https://www.zoom.us/
44,15,21,2,1,0,0,0,4,0,0,6,0.1364,0,0,1,0,1,0,0,0,4.434,0,0,0,0,https://mail.github.com/products/item-129481
54,13,7,1,0,0,1,2,3,0,1,1,0.0185,0,0,0,0,1,0,0,0,4.4069,0,0,0,0,https://microsoft.com/search?q=machine+learning&page=2
30,14,8,2,0,0,0,0,3,0,0,0,0.0,0,0,1,0,1,0,0,0,4.0151,0,0,0,0,https://aws.amazon.com/privacy
26,10,8,2,0,0,0,0,3,0,0,0,0.0,0,0,1,0,1,0,0,0,3.4885,0,0,0,0,https://my.cnn.com/contact
58,17,7,1,0,0,1,2,3,0,1,1,0.0172,0,0,0,0,1,0,0,0,4.539,0,0,0,0,https://stackoverflow.com/search?q=machine+learning&page=2
39,6,26,1,2,0,0,0,3,0,0,1,0.0256,0,1,0,0,0,0,0,0,4.3943,0,0,0,1,http://bit.ly/oKS0OwbD-wellsfargo-alert
41,12,21,1,1,0,0,0,4,0,0,6,0.1463,0,0,0,0,1,0,0,0,4.4123,0,0,0,0,https://linkedin.com/products/item-129481
44,15,21,2,1,0,0,0,4,0,0,6,0.1364,0,0,1,0,1,0,0,0,4.3431,0,0,0,0,https://docs.python.org/products/item-129481
27,15,4,2,0,0,0,0,3,0,0,0,0.0,0,0,1,0,1,0,0,0,3.9121,0,0,0,0,https://help.target.com/faq
61,42,12,2,4,0,0,0,3,0,0,4,0.0656,0,0,0,3,0,0,1,0,4.4982,1,0,0,1,http://secure-w311sfarg0-account-alert-center.xyz/signin.html
64,17,27,3,2,0,1,1,5,0,0,8,0.125,0,0,0,2,0,0,1,1,4.6022,0,0,0,1,http://free-host-85.info//www.wellsfargo.com/update?token=558178
25,17,0,1,0,0,0,0,2,0,0,0,0.0,0,0,0,0,1,0,0,0,4.0537,0,0,0,0,https://bankofamerica.com
31,9,14,1,0,0,0,0,5,0,0,1,0.0323,0,0,0,0,1,0,0,0,3.7324,0,0,0,0,https://yahoo.com/api/v1/status
57,12,29,4,1,0,1,1,4,0,0,14,0.2456,1,0,0,1,0,0,0,0,4.7405,0,0,0,1,http://174.13.7.141/wellsfargo/account-alert.php?id=29083
25,9,8,1,0,0,0,0,3,0,0,0,0.0,0,0,0,0,1,0,0,0,3.6733,0,0,0,0,https://adobe.com/contact
45,15,22,2,0,0,0,0,5,0,0,0,0.0,0,0,1,0,1,0,0,0,4.0009,0,0,0,0,https://docs.python.org/user/profile/settings
35,7,21,1,2,0,0,0,3,0,0,2,0.0571,0,1,0,0,0,0,0,0,4.1399,0,1,0,1,http://cutt.ly/1EO4ePGo-apple-alert
41,11,22,2,0,0,0,0,4,0,0,0,0.0,0,0,1,0,1,0,0,0,3.9365,0,0,0,0,https://api.bbc.com/resources/whitepapers
56,13,27,4,1,0,1,1,4,0,0,15,0.2679,1,0,0,3,0,0,0,0,4.4677,0,1,0,1,http://90.254.53.239/paypal/security-update.php?id=94962
112,26,10,2,2,0,1,2,3,0,1,26,0.2321,0,0,0,3,0,0,1,0,4.8634,0,1,0,1,http://portal-netflix-verify.info/index.php?token=8af4223b12efd8309bbd9f22b4f2d63f5fd3c3c72fac241f&auth=required
60,16,24,3,2,0,1,1,5,0,0,8,0.1333,0,0,0,2,0,0,1,1,4.5968,1,0,0,1,http://free-host-48.icu//www.binance.com/update?token=944246
33,5,21,1,2,0,0,0,3,0,0,1,0.0303,0,1,0,0,0,0,0,0,4.2862,0,1,0,1,http://rb.gy/Cqhzr3PU-chase-alert
39,7,24,1,1,0,0,0,5,0,0,1,0.0256,0,0,0,0,1,0,0,0,4.0029,0,0,0,0,https://who.int/docs/v2/getting-started
39,17,14,2,0,0,0,0,5,0,0,1,0.0256,0,0,1,0,1,0,0,0,3.9679,0,0,0,0,https://portal.github.com/api/v1/status
45,16,21,2,0,0,0,0,6,0,0,6,0.1333,0,0,1,0,1,0,0,0,4.2801,0,0,0,0,https://www.linkedin.com/news/2026/08/article
54,32,6,3,2,0,1,1,3,0,0,7,0.1296,0,0,2,1,0,0,1,0,4.7681,1,1,1,1,http://apple.com.session-unlock-271.xyz/login?ref=7520
39,10,21,1,0,0,0,0,6,0,0,6,0.1538,0,0,0,0,1,0,0,0,4.3236,0,0,0,0,https://github.com/news/2026/08/article
113,27,10,2,2,0,1,2,3,0,1,28,0.2478,0,0,0,3,0,0,1,0,4.8963,1,0,0,1,http://portal-binance-verify.click/index.php?token=7545c2f58fa3446cbaab47efc4c958aade39561ad9126c35&auth=required
24,10,6,1,0,0,0,0,3,0,0,0,0.0,0,0,0,0,1,0,0,0,3.8554,0,0,0,0,https://kaggle.com/terms
25,16,1,2,0,0,0,0,3,0,0,0,0.0,0,0,1,0,1,0,0,0,3.9435,0,0,0,0,https://blog.nytimes.com/
27,13,6,2,0,0,0,0,3,0,0,0,0.0,0,0,1,0,1,0,0,0,3.708,0,0,0,0,https://api.chase.com/terms
62,43,12,2,4,0,0,0,3,0,0,4,0.0645,0,0,0,3,0,0,1,0,4.3977,1,0,0,1,http://secure-w311sfarg0-account-alert-center.club/signin.html
53,13,7,3,0,0,1,2,3,0,1,1,0.0189,0,0,1,0,0,0,0,0,4.4639,0,0,0,0,http://help.ox.ac.uk/search?q=machine+learning&page=2
34,21,5,2,0,0,0,0,3,0,0,0,0.0,0,0,1,0,1,0,0,0,3.962,0,0,0,0,https://developer.mozilla.org/help
69,15,33,4,1,0,1,1,4,0,0,21,0.3043,1,0,0,0,0,1,0,0,4.8093,0,1,0,1,http://166.110.104.224:8888/bankofamerica/session-unlock.php?id=96528
23,14,1,1,0,0,0,0,3,0,0,0,0.0,0,0,0,0,1,0,0,0,3.8492,0,0,0,0,https://aliexpress.com/
50,9,7,1,0,0,1,2,3,0,1,1,0.02,0,0,0,0,1,0,0,0,4.4162,0,0,0,0,https://quora.com/search?q=machine+learning&page=2
32,20,4,2,0,0,0,0,3,0,0,0,0.0,0,0,1,0,1,0,0,0,4.1403,0,0,0,0,https://my.bankofamerica.com/faq
37,7,23,1,2,0,0,0,3,0,0,2,0.0541,0,1,0,0,0,0,0,0,4.263,0,1,0,1,http://cutt.ly/6Dx9zfaP-netflix-alert
41,11,22,2,0,0,0,0,5,0,0,0,0.0,0,0,1,0,1,0,0,0,4.1476,0,0,0,0,https://dev.bbc.com/user/profile/settings
32,19,5,2,0,0,0,0,3,0,0,0,0.0,0,0,1,0,1,0,0,0,3.9056,0,0,0,0,https://help.cloudflare.com/help
35,21,6,2,0,0,0,0,3,0,0,0,0.0,0,0,1,0,1,0,0,0,4.1287,0,0,0,0,https://developer.mozilla.org/about
67,17,30,3,2,0,1,1,5,0,0,8,0.1194,0,0,0,2,0,0,1,1,4.7181,1,1,0,1,http://free-host-28.loan//www.bankofamerica.com/update?token=163604
24,16,0,2,0,0,0,0,2,0,0,0,0.0,0,0,1,0,1,0,0,0,3.8868,0,0,0,0,https://api.stanford.edu
114,28,10,2,2,0,1,2,3,0,1,33,0.2895,0,0,0,3,0,0,1,0,4.9418,1,1,0,1,http://portal-microsoft-verify.loan/index.php?token=14f158b6e273a9330945ab33e131fe2b63a1ae611b63998d&auth=required
63,44,12,2,4,0,0,0,3,0,0,0,0.0,0,0,0,3,0,0,1,0,4.2466,1,0,0,1,http://secure-wellsfargo-billing-resolve-center.top/signin.html
113,27,10,2,2,0,1,2,3,0,1,34,0.3009,0,0,0,3,0,0,1,0,5.0085,0,1,0,1,http://portal-google-verify.online/index.php?token=8c21268be56a43152caf6c0976d7b2d2b2691998b923c110&auth=required
116,30,10,2,2,0,1,2,3,0,1,29,0.25,0,0,0,3,0,0,1,0,4.96,0,1,0,1,http://portal-instagram-verify.online/index.php?token=a3a3922488bd1b7e280fb0572aea314717d6b4e9bbf3d02a&auth=required
37,7,22,1,0,0,0,0,5,0,0,0,0.0,0,0,0,0,1,0,0,0,3.8925,0,0,0,0,https://zoom.us/user/profile/settings
28,16,4,2,0,0,0,0,3,0,0,0,0.0,0,0,1,0,1,0,0,0,4.0801,0,0,0,0,https://blog.twitter.com/faq
58,36,6,3,2,0,1,1,3,0,0,7,0.1207,0,0,2,2,0,0,1,0,4.6402,1,1,1,1,http://instagram.com.account-alert-712.work/login?ref=2018
67,14,32,4,1,0,1,1,4,0,0,20,0.2985,1,0,0,1,0,1,0,0,4.756,0,0,0,1,http://37.221.117.106:3000/wellsfargo/suspended-notice.php?id=51148
23,7,8,1,0,0,0,0,3,0,0,0,0.0,0,0,0,0,1,0,0,0,3.8492,0,0,0,0,https://who.int/privacy
60,17,23,3,2,0,1,1,5,0,0,8,0.1333,0,0,0,2,0,0,1,1,4.7094,0,1,0,1,http://free-host-95.live//www.google.com/update?token=722831
22,10,4,1,0,0,0,0,3,0,0,0,0.0,0,0,0,0,1,0,0,0,3.7544,0,0,0,0,https://amazon.com/faq
26,13,5,1,0,0,0,0,3,0,0,0,0.0,0,0,0,0,1,0,0,0,3.9501,0,0,0,0,https://instagram.com/help
46,18,20,2,0,0,0,0,4,0,0,0,0.0,0,0,1,0,1,0,0,0,4.2077,0,0,0,0,https://app.wellsfargo.com/dashboard/analytics
60,17,23,3,2,0,1,1,5,0,0,8,0.1333,0,0,0,3,0,0,1,1,4.6635,0,1,0,1,http://free-host-64.live//www.paypal.com/update?token=719116
33,5,21,1,2,0,0,0,3,0,0,0,0.0,0,1,0,0,0,0,0,0,4.3697,0,1,0,1,http://rb.gy/UaQfSVwT-chase-alert
111,25,10,2,2,0,1,2,3,0,1,30,0.2703,0,0,0,3,0,0,1,0,5.0393,1,1,0,1,http://portal-google-verify.work/index.php?token=9a570fa863d2f16fdea91c27778764392bc01d1ef81b3a3c&auth=required
60,41,12,2,4,0,0,0,3,0,0,3,0.05,0,0,0,2,0,0,1,0,4.3618,1,0,0,1,http://secure-fac3b00k-session-unlock-center.top/signin.html
36,7,22,1,2,0,0,0,3,0,0,2,0.0556,0,1,0,0,0,0,0,0,4.3611,0,1,0,1,http://cutt.ly/BoTU95bn-amazon-alert
58,36,6,3,2,0,1,1,3,0,0,7,0.1207,0,0,2,2,0,0,1,0,4.56,1,1,1,1,http://google.com.confirm-identity-246.loan/login?ref=5838
30,14,8,1,0,0,0,0,3,0,0,0,0.0,0,0,0,0,1,0,0,0,4.0314,0,0,0,0,https://aliexpress.com/privacy
35,7,20,1,0,0,0,0,4,0,0,0,0.0,0,0,0,0,1,0,0,0,4.0576,0,0,0,0,https://mit.edu/dashboard/analytics
46,18,20,2,0,0,0,0,4,0,0,0,0.0,0,0,1,0,1,0,0,0,4.1949,0,0,0,0,https://dev.aliexpress.com/category/technology
21,12,1,2,0,0,0,0,3,0,0,0,0.0,0,0,1,0,1,0,0,0,3.6538,0,0,0,0,https://mail.who.int/
53,31,6,3,2,0,1,1,3,0,0,7,0.1321,0,0,2,2,0,0,1,0,4.751,1,0,1,1,http://binance.com.auth-portal-859.xyz/login?ref=6168
110,24,10,2,2,0,1,2,3,0,1,27,0.2455,0,0,0,3,0,0,1,0,4.9262,1,1,0,1,http://portal-apple-verify.work/index.php?token=af0de229738bf2774eeccf5c45aa223cac6853a14c4f122b&auth=required
59,37,6,3,2,0,1,1,3,0,0,7,0.1186,0,0,2,2,0,0,1,0,4.6666,1,1,1,1,http://microsoft.com.billing-resolve-634.icu/login?ref=1805
59,18,7,2,0,0,1,2,3,0,1,1,0.0169,0,0,1,0,1,0,0,0,4.5165,0,0,0,0,https://blog.wikipedia.org/search?q=machine+learning&page=2
59,17,22,3,2,0,1,1,5,0,0,8,0.1356,0,0,0,2,0,0,1,1,4.631,1,1,0,1,http://free-host-22.loan//www.chase.com/update?token=169875
23,14,1,1,0,0,0,0,3,0,0,0,0.0,0,0,0,0,1,0,0,0,3.7623,0,0,0,0,https://salesforce.com/
45,16,21,2,1,0,0,0,4,0,0,6,0.1333,0,0,1,0,1,0,0,0,4.2924,0,0,0,0,https://portal.apple.com/products/item-129481
36,7,21,1,1,0,0,0,4,0,0,6,0.1667,0,0,0,0,1,0,0,0,4.2601,0,0,0,0,https://bbc.com/products/item-129481
37,21,8,2,0,0,0,0,3,0,0,0,0.0,0,0,1,0,1,0,0,0,3.9696,0,0,0,0,https://app.stackoverflow.com/contact
17,8,1,1,0,0,0,0,3,0,0,0,0.0,0,0,0,0,1,0,0,0,3.2928,0,0,0,0,https://citi.com/
64,45,12,2,4,0,0,0,3,0,0,0,0.0,0,0,0,4,0,0,1,0,4.3042,0,0,0,1,http://secure-wellsfargo-security-update-center.live/signin.html
24,10,6,1,0,0,0,0,3,0,0,0,0.0,0,0,0,1,1,0,0,0,3.7091,0,0,0,0,https://paypal.com/about
61,16,25,3,2,0,1,1,5,0,0,8,0.1311,0,0,0,2,0,0,1,1,4.5454,1,1,0,1,http://free-host-66.top//www.facebook.com/update?token=240108
39,7,25,1,2,0,0,0,3,0,0,0,0.0,0,1,0,0,0,0,0,0,4.3875,0,1,0,1,http://cutt.ly/SxGpOjeK-instagram-alert
44,12,24,1,1,0,0,0,5,0,0,1,0.0227,0,0,0,0,1,0,0,0,4.05,0,0,0,0,https://stanford.edu/docs/v2/getting-started
39,9,22,1,0,0,0,0,5,0,0,0,0.0,0,0,0,0,1,0,0,0,4.0453,0,0,0,0,https://yahoo.com/user/profile/settings
57,38,12,2,3,0,0,0,3,0,0,0,0.0,0,0,0,3,0,0,1,0,4.3349,1,1,0,1,http://secure-bankofamerica-verify-center.icu/signin.html
54,35,12,2,3,0,0,0,3,0,0,0,0.0,0,0,0,3,0,0,1,0,4.3169,1,0,0,1,http://secure-wellsfargo-verify-center.top/signin.html
63,17,26,3,2,0,1,1,5,0,0,8,0.127,0,0,0,2,0,0,1,1,4.6855,1,1,0,1,http://free-host-96.loan//www.instagram.com/update?token=735583
110,24,10,2,2,0,1,2,3,0,1,31,0.2818,0,0,0,3,0,0,1,0,4.8731,0,1,0,1,http://portal-apple-verify.live/index.php?token=501af8e81e8561c6b89f0967c05ca886fe4dfa4439a111d0&auth=required
19,11,0,1,0,0,0,0,2,0,0,0,0.0,0,0,0,0,1,0,0,0,3.6819,0,0,0,0,https://walmart.com
28,14,6,2,0,0,0,0,3,0,0,0,0.0,0,0,1,0,1,0,0,0,4.1106,0,0,0,0,https://dev.kaggle.com/about
60,17,23,3,2,0,1,1,5,0,0,8,0.1333,0,0,0,2,0,0,1,1,4.6427,1,1,0,1,http://free-host-42.loan//www.google.com/update?token=405789
54,32,6,3,2,0,1,1,3,0,0,7,0.1296,0,0,2,2,0,0,1,0,4.5229,1,1,1,1,http://instagram.com.auth-portal-115.tk/login?ref=1017
36,8,21,1,0,0,0,0,6,0,0,6,0.1667,0,0,0,0,0,0,0,0,4.2527,0,0,0,0,http://ebay.com/news/2026/08/article
30,8,14,1,0,0,0,0,5,0,0,1,0.0333,0,0,0,0,1,0,0,0,3.6159,0,0,0,0,https://citi.com/api/v1/status
54,35,12,2,3,0,0,0,3,0,0,0,0.0,0,0,0,3,0,0,1,0,4.3272,1,1,0,1,http://secure-instagram-verify-center.work/signin.html
26,12,6,1,0,0,0,0,3,0,0,0,0.0,0,0,0,0,1,0,0,0,3.7962,0,0,0,0,https://facebook.com/about
60,14,30,4,1,0,1,1,4,0,0,16,0.2667,1,0,0,1,0,0,0,0,4.6899,0,1,0,1,http://87.166.169.159/facebook/confirm-identity.php?id=33019
40,11,21,1,0,0,0,0,6,0,0,6,0.15,0,0,0,0,1,0,0,0,4.2087,0,0,0,0,https://harvard.edu/news/2026/08/article
28,12,8,2,0,0,0,0,3,0,0,0,0.0,0,0,1,0,1,0,0,0,3.9138,0,0,0,0,https://dev.citi.com/privacy
23,10,5,1,0,0,0,0,3,0,0,0,0.0,0,0,0,0,1,0,0,0,3.7081,0,0,0,0,https://target.com/help
22,14,0,1,0,0,0,0,2,0,0,0,0.0,0,0,0,0,1,0,0,0,4.0049,0,0,0,0,https://cloudflare.com
29,7,14,1,0,0,0,0,5,0,0,1,0.0345,0,0,0,0,1,0,0,0,3.6301,0,0,0,0,https://irs.gov/api/v1/status
57,35,6,3,2,0,1,1,3,0,0,7,0.1228,0,0,2,3,0,0,1,0,4.771,0,1,1,1,http://amazon.com.security-update-339.info/login?ref=1426
26,10,8,1,0,0,0,0,3,0,0,0,0.0,0,0,0,0,1,0,0,0,4.027,0,0,0,0,https://github.com/privacy
23,14,1,1,0,0,0,0,3,0,0,0,0.0,0,0,0,0,1,0,0,0,3.969,0,0,0,0,https://cloudflare.com/
47,11,29,1,2,0,0,0,3,0,0,1,0.0213,0,1,0,0,0,0,0,0,4.4851,0,1,0,1,http://tinyurl.com/fSx2SbZo-bankofamerica-alert
43,13,22,2,0,0,0,0,4,0,0,0,0.0,0,0,1,0,1,0,0,0,3.8036,0,0,0,0,https://api.twitch.tv/resources/whitepapers
16,7,1,1,0,0,0,0,3,0,0,0,0.0,0,0,0,0,1,0,0,0,3.4528,0,0,0,0,https://nih.gov/
44,22,14,2,0,0,0,0,5,0,0,1,0.0227,0,0,1,0,1,0,0,0,4.261,0,0,0,0,https://blog.bankofamerica.com/api/v1/status
57,35,6,3,2,0,1,1,3,0,0,7,0.1228,0,0,2,1,0,0,1,0,4.6242,1,0,1,1,http://binance.com.session-unlock-932.club/login?ref=9965
59,40,12,2,4,0,0,0,3,0,0,0,0.0,0,0,0,3,0,0,1,0,4.1768,1,1,0,1,http://secure-apple-confirm-identity-center.top/signin.html
61,17,24,3,2,0,1,1,5,0,0,8,0.1311,0,0,0,2,0,0,1,1,4.6749,1,0,0,1,http://free-host-77.buzz//www.binance.com/update?token=596719
23,11,4,1,0,0,0,0,3,0,0,0,0.0,0,0,0,0,1,0,0,0,3.7623,0,0,0,0,https://harvard.edu/faq
49,8,7,1,0,0,1,2,3,0,1,1,0.0204,0,0,0,0,1,0,0,0,4.3286,0,0,0,0,https://citi.com/search?q=machine+learning&page=2
23,11,4,2,0,0,0,0,3,0,0,0,0.0,0,0,1,0,1,0,0,0,3.8164,0,0,0,0,https://www.mit.edu/faq
52,12,19,4,0,0,1,1,4,0,0,18,0.3462,1,0,0,1,0,1,0,0,4.3661,0,0,0,1,http://24.62.54.122:4444/binance/verify.php?id=21195
113,27,10,2,2,0,1,2,3,0,1,32,0.2832,0,0,0,3,0,0,1,0,4.9995,1,1,0,1,http://portal-microsoft-verify.icu/index.php?token=f6e4f49079e49b10d3184054ffac962c3282686eda6f7a18&auth=required
43,13,22,1,0,0,0,0,4,0,0,0,0.0,0,0,0,0,1,0,0,0,3.9584,0,0,0,0,https://instagram.com/resources/whitepapers
22,10,4,1,0,0,0,0,3,0,0,0,0.0,0,0,0,0,1,0,0,0,3.9363,0,0,0,0,https://reddit.com/faq
56,37,12,2,4,0,0,0,3,0,0,0,0.0,0,0,0,3,0,0,1,0,4.1591,0,1,0,1,http://secure-google-auth-portal-center.live/signin.html
61,17,24,3,2,0,1,1,5,0,0,8,0.1311,0,0,0,2,0,0,1,1,4.7341,1,1,0,1,http://free-host-78.club//www.netflix.com/update?token=339841
58,15,23,3,2,0,1,1,5,0,0,8,0.1379,0,0,0,2,0,0,1,1,4.5847,1,1,0,1,http://free-host-37.tk//www.google.com/update?token=694907
48,36,5,3,2,0,0,0,3,0,0,0,0.0,0,0,2,3,0,0,1,0,4.1573,1,1,1,1,http://chase.com.security-alert-update.buzz/auth
43,13,22,1,0,0,0,0,5,0,0,0,0.0,0,0,0,0,1,0,0,0,4.0055,0,0,0,0,https://instagram.com/user/profile/settings
17,9,0,2,0,0,0,0,2,0,0,0,0.0,0,0,0,0,1,0,0,0,3.4992,0,0,0,0,https://cam.ac.uk
34,12,14,1,0,0,0,0,5,0,0,1,0.0294,0,0,0,0,1,0,0,0,4.0545,0,0,0,0,https://linkedin.com/api/v1/status
59,16,23,3,2,0,1,1,5,0,0,8,0.1356,0,0,0,2,0,0,1,1,4.6583,1,1,0,1,http://free-host-84.xyz//www.amazon.com/update?token=454191
23,10,5,1,0,0,0,0,3,0,0,0,0.0,0,0,0,1,1,0,0,0,3.6212,0,0,0,0,https://paypal.com/help
30,18,4,2,0,0,0,0,3,0,0,0,0.0,0,0,1,0,1,0,0,0,4.0314,0,0,0,0,https://dev.salesforce.com/faq
42,20,14,2,0,0,0,0,5,0,0,1,0.0238,0,0,1,1,1,0,0,0,4.1369,0,0,0,0,https://login.salesforce.com/api/v1/status
41,13,20,2,0,0,0,0,4,0,0,0,0.0,0,0,1,0,1,0,0,0,3.9852,0,0,0,0,https://my.kaggle.com/category/technology
59,40,12,2,4,0,0,0,3,0,0,1,0.0169,0,0,0,4,0,0,1,0,4.2079,1,0,0,1,http://secure-paypa1-security-update-center.top/signin.html
116,30,10,2,2,0,1,2,3,0,1,29,0.25,0,0,0,3,0,0,1,0,4.9558,1,1,0,1,http://portal-bankofamerica-verify.tk/index.php?token=9284ea84e1afe95b70256a3d2d9f5fd617ce44d00b86a9c4&auth=required
25,14,4,2,0,0,0,0,3,0,0,0,0.0,0,0,1,0,0,0,0,0,3.9435,0,0,0,0,http://www.kaggle.com/faq
15,7,0,1,0,0,0,0,2,0,0,0,0.0,0,0,0,0,1,0,0,0,3.3232,0,0,0,0,https://who.int
59,17,22,3,2,0,1,1,5,0,0,8,0.1356,0,0,0,2,0,0,1,1,4.5843,1,1,0,1,http://free-host-77.buzz//www.chase.com/update?token=760306
25,12,5,1,0,0,0,0,3,0,0,0,0.0,0,0,0,0,1,0,0,0,3.8937,0,0,0,0,https://linkedin.com/help
39,7,24,1,1,0,0,0,5,0,0,1,0.0256,0,0,0,0,1,0,0,0,3.9553,0,0,0,0,https://irs.gov/docs/v2/getting-started
62,40,6,3,2,0,1,1,3,0,0,7,0.1129,0,0,2,2,0,0,1,0,4.7525,1,0,1,1,http://wellsfargo.com.suspended-notice-412.work/login?ref=6883
63,11,31,4,1,0,1,1,4,0,0,17,0.2698,1,0,0,2,0,1,0,0,4.6777,0,0,0,1,http://53.51.7.101:3000/wellsfargo/security-update.php?id=76076
44,14,22,1,0,0,0,0,4,0,0,0,0.0,0,0,0,0,1,0,0,0,3.8736,0,0,0,0,https://aliexpress.com/resources/whitepapers
110,24,10,2,2,0,1,2,3,0,1,24,0.2182,0,0,0,3,0,0,1,0,4.8559,1,1,0,1,http://portal-chase-verify.loan/index.php?token=8216dfdda3dc76476aa2ecbe0ede29362bc41aeba2ce0977&auth=required
26,12,6,1,0,0,0,0,3,0,0,0,0.0,0,0,0,0,1,0,0,0,3.8253,0,0,0,0,https://stanford.edu/about
109,23,10,2,2,0,1,2,3,0,1,29,0.2661,0,0,0,4,0,0,1,0,4.9523,1,1,0,1,http://portal-paypal-verify.tk/index.php?token=252d82b18e1e2156c53d352c3dcbf448fcad008d897bf72e&auth=required
61,42,12,2,4,0,0,0,3,0,0,0,0.0,0,0,0,4,0,0,1,0,4.2932,1,1,0,1,http://secure-paypal-suspended-notice-center.buzz/signin.html
20,11,1,1,0,0,0,0,3,0,0,0,0.0,0,0,0,0,1,0,0,0,3.5464,0,0,0,0,https://spotify.com/
37,9,20,1,0,0,0,0,4,0,0,0,0.0,0,0,0,0,1,0,0,0,4.0104,0,0,0,0,https://quora.com/category/technology
23,7,8,1,0,0,0,0,3,0,0,0,0.0,0,0,0,0,1,0,0,0,3.5884,0,0,0,0,https://zoom.us/contact
29,13,8,2,0,0,0,0,3,0,0,0,0.0,0,0,1,0,1,0,0,0,3.7883,0,0,0,0,https://api.yahoo.com/privacy
63,17,26,3,2,0,1,1,5,0,0,8,0.127,0,0,0,2,0,0,1,1,4.6537,1,1,0,1,http://free-host-54.work//www.instagram.com/update?token=823368
54,13,7,1,0,0,1,2,3,0,1,1,0.0185,0,0,0,0,1,0,0,0,4.3048,0,0,0,0,https://instagram.com/search?q=machine+learning&page=2
58,14,28,4,1,0,1,1,4,0,0,16,0.2759,1,0,0,1,0,0,0,0,4.668,0,1,0,1,http://177.205.49.216/google/suspended-notice.php?id=84813
59,37,6,3,2,0,1,1,3,0,0,7,0.1186,0,0,2,2,0,0,1,0,4.5777,1,0,1,1,http://binance.com.confirm-identity-777.buzz/login?ref=3371
44,14,22,1,0,0,0,0,4,0,0,0,0.0,0,0,0,0,1,0,0,0,4.0166,0,0,0,0,https://wellsfargo.com/resources/whitepapers
29,21,0,2,0,0,0,0,2,0,0,0,0.0,0,0,1,0,1,0,0,0,4.0213,0,0,0,0,https://developer.mozilla.org
112,26,10,2,2,0,1,2,3,0,1,33,0.2946,0,0,0,3,0,0,1,0,4.845,1,0,0,1,http://portal-binance-verify.loan/index.php?token=d31705b5015750c86e290a01add80a92759600f58add0ed9&auth=required
29,13,8,2,0,0,0,0,3,0,0,0,0.0,0,0,1,1,1,0,0,0,3.9489,0,0,0,0,https://login.mit.edu/contact
36,7,22,1,2,0,0,0,3,0,0,1,0.0278,0,1,0,1,0,0,0,0,4.0204,0,1,0,1,http://cutt.ly/YRX5ooXX-paypal-alert
60,17,23,3,2,0,1,1,5,0,0,8,0.1333,0,0,0,2,0,0,1,1,4.6012,1,1,0,1,http://free-host-48.work//www.amazon.com/update?token=607994
111,25,10,2,2,0,1,2,3,0,1,26,0.2342,0,0,0,4,0,0,1,0,4.8945,1,1,0,1,http://portal-paypal-verify.buzz/index.php?token=228e56c8ae51abcea6b2a8c73fea75fd71d2a0e0fa925357&auth=required
58,39,12,2,4,0,0,0,3,0,0,2,0.0345,0,0,0,3,0,0,1,0,4.2127,1,0,0,1,http://secure-micr0s0ft-auth-portal-center.icu/signin.html
112,26,10,2,2,0,1,2,3,0,1,30,0.2679,0,0,0,3,0,0,1,0,4.9215,0,1,0,1,http://portal-apple-verify.online/index.php?token=2cffbc0e049c62df11045a405f99f5768eb41a004f9b354b&auth=required
17,9,0,1,0,0,0,0,2,0,0,0,0.0,0,0,0,0,1,0,0,0,3.7345,0,0,0,0,https://adobe.com
27,13,6,2,0,0,0,0,3,0,0,0,0.0,0,0,1,0,1,0,0,0,4.0323,0,0,0,0,https://my.kaggle.com/about
44,16,20,2,0,0,0,0,4,0,0,0,0.0,0,0,1,0,1,0,0,0,4.0077,0,0,0,0,https://help.nytimes.com/category/technology
61,18,23,3,2,0,1,1,5,0,0,8,0.1311,0,0,0,2,0,0,1,1,4.6733,1,1,0,1,http://free-host-78.click//www.google.com/update?token=584614
37,7,22,1,0,0,0,0,4,0,0,0,0.0,0,0,0,0,1,0,0,0,3.8846,0,0,0,0,https://cnn.com/resources/whitepapers
58,14,28,4,1,0,1,1,4,0,0,16,0.2759,1,0,0,2,0,0,0,0,4.6318,0,1,0,1,http://107.252.129.26/paypal/confirm-identity.php?id=41668
25,16,1,2,0,0,0,0,3,0,0,0,0.0,0,0,1,0,1,0,0,0,3.6693,0,0,0,0,https://help.twitter.com/
37,7,22,1,0,0,0,0,4,0,0,0,0.0,0,0,0,0,1,0,0,0,3.8846,0,0,0,0,https://bbc.com/resources/whitepapers
57,14,22,4,1,0,1,1,4,0,0,20,0.3509,1,0,0,1,0,1,0,0,4.4448,0,1,0,1,http://109.196.78.126:4444/chase/auth-portal.php?id=69661
30,14,8,1,0,0,0,0,3,0,0,0,0.0,0,0,0,0,1,0,0,0,4.2151,0,0,0,0,https://wellsfargo.com/privacy
59,15,28,4,1,0,1,1,4,0,0,17,0.2881,1,0,0,1,0,0,0,0,4.5838,0,1,0,1,http://173.158.137.232/microsoft/account-alert.php?id=28153
19,7,4,1,0,0,0,0,3,0,0,0,0.0,0,0,0,0,1,0,0,0,3.7871,0,0,0,0,https://nih.gov/faq
56,34,6,3,2,0,1,1,3,0,0,7,0.125,0,0,2,2,0,0,1,0,4.5174,1,1,1,1,http://google.com.account-alert-488.click/login?ref=7202
41,12,21,2,1,0,0,0,4,0,0,6,0.1463,0,0,1,0,1,0,0,0,4.3451,0,0,0,0,https://help.cnn.com/products/item-129481
62,43,12,2,4,0,0,0,3,0,0,0,0.0,0,0,0,3,0,0,1,0,4.1719,1,0,0,1,http://secure-wellsfargo-account-alert-center.loan/signin.html
48,7,7,1,0,0,1,2,3,0,1,1,0.0208,0,0,0,0,1,0,0,0,4.3711,0,0,0,0,https://who.int/search?q=machine+learning&page=2
42,11,24,1,2,0,0,0,3,0,0,0,0.0,0,1,0,0,0,0,0,0,4.5468,0,1,0,1,http://tinyurl.com/ApkzGhRj-facebook-alert
111,25,10,2,2,0,1,2,3,0,1,35,0.3153,0,0,0,4,0,0,1,0,4.9998,1,1,0,1,http://portal-paypal-verify.club/index.php?token=3d20454ff9f26230314d0c89a3755d176e225dba491602c9&auth=required
26,10,8,1,0,0,0,0,3,0,0,0,0.0,0,0,0,0,1,0,0,0,3.7962,0,0,0,0,https://kaggle.com/contact
34,6,21,1,2,0,0,0,3,0,0,1,0.0294,0,1,0,0,0,0,0,0,4.1607,0,1,0,1,http://bit.ly/4olIsGxA-apple-alert
24,15,1,2,0,0,0,0,3,0,0,0,0.0,0,0,1,1,1,0,0,0,3.8035,0,0,0,0,https://login.yahoo.com/
27,11,8,1,0,0,0,0,3,0,0,0,0.0,0,0,0,0,1,0,0,0,3.7225,0,0,0,0,https://youtube.com/contact
46,17,21,1,0,0,0,0,6,0,0,6,0.1304,0,0,0,0,1,0,0,0,4.3381,0,0,0,0,https://stackoverflow.com/news/2026/08/article
32,20,4,2,0,0,0,0,3,0,0,0,0.0,0,0,1,0,1,0,0,0,4.1792,0,0,0,0,https://my.stackoverflow.com/faq
56,14,26,4,1,0,1,1,4,0,0,16,0.2857,1,0,0,1,0,0,0,0,4.6773,0,1,0,1,http://214.146.157.65/chase/billing-resolve.php?id=15409
45,15,22,2,0,0,0,0,4,0,0,0,0.0,0,0,1,1,1,0,0,0,4.1001,0,0,0,0,https://login.yahoo.com/resources/whitepapers
31,15,8,2,0,0,0,0,3,0,0,0,0.0,0,0,1,0,1,0,0,0,3.9536,0,0,0,0,https://docs.python.org/privacy
112,26,10,2,2,0,1,2,3,0,1,28,0.25,0,0,0,3,0,0,1,0,5.0347,1,1,0,1,http://portal-instagram-verify.tk/index.php?token=06cf5afc409856d7f3611b2bdf7c74dd87e20dc71c7e93d4&auth=required
113,27,10,2,2,0,1,2,3,0,1,31,0.2743,0,0,0,3,0,0,1,0,4.9369,0,1,0,1,http://portal-facebook-verify.info/index.php?token=d3c795685f9d3fc273b82f1d065617829dd07f1ddb98a20f&auth=required
35,6,22,1,2,0,0,0,3,0,0,2,0.0571,0,1,0,1,0,0,0,0,4.1859,0,1,0,1,http://bit.ly/CU50Kxuh-paypal-alert
15,7,0,1,0,0,0,0,2,0,0,0,0.0,0,0,0,0,1,0,0,0,3.5069,0,0,0,0,https://nih.gov
112,26,10,2,2,0,1,2,3,0,1,29,0.2589,0,0,0,3,0,0,1,0,4.9343,1,1,0,1,http://portal-google-verify.click/index.php?token=307b1a4aa774e4b16b07d573f6e43c4c2d247ffd9a2b34e4&auth=required
18,9,1,1,0,0,0,0,3,0,0,0,0.0,0,0,0,0,1,0,0,0,3.6835,0,0,0,0,https://adobe.com/
40,10,22,1,0,0,0,0,4,0,0,0,0.0,0,0,0,0,1,0,0,0,3.8628,0,0,0,0,https://reddit.com/resources/whitepapers
62,14,27,4,1,0,1,1,4,0,0,20,0.3226,1,0,0,0,0,1,0,0,4.7199,0,1,0,1,http://213.191.206.32:4444/netflix/session-unlock.php?id=62580
58,16,22,3,2,0,1,1,5,0,0,8,0.1379,0,0,0,2,0,0,1,1,4.4813,1,1,0,1,http://free-host-87.top//www.apple.com/update?token=466557
41,11,22,1,0,0,0,0,5,0,0,0,0.0,0,0,0,0,1,0,0,0,3.9466,0,0,0,0,https://spotify.com/user/profile/settings
27,18,1,2,0,0,0,0,3,0,0,0,0.0,0,0,1,0,1,0,0,0,3.708,0,0,0,0,https://portal.twitter.com/
24,8,8,1,0,0,0,0,3,0,0,0,0.0,0,0,0,0,1,0,0,0,3.4031,0,0,0,0,https://citi.com/contact
60,38,6,3,2,0,1,1,3,0,0,7,0.1167,0,0,2,1,0,0,1,0,4.5587,1,1,1,1,http://microsoft.com.session-unlock-310.click/login?ref=7205
59,17,22,3,2,0,1,1,5,0,0,8,0.1356,0,0,0,2,0,0,1,1,4.6199,0,1,0,1,http://free-host-69.live//www.chase.com/update?token=687936
62,43,12,2,4,0,0,0,3,0,0,1,0.0161,0,0,0,3,0,0,1,0,4.1797,1,0,0,1,http://secure-binanc3-suspended-notice-center.loan/signin.html
60,16,24,3,2,0,1,1,5,0,0,8,0.1333,0,0,0,2,0,0,1,1,4.7237,1,1,0,1,http://free-host-98.xyz//www.netflix.com/update?token=690803
111,25,10,2,2,0,1,2,3,0,1,29,0.2613,0,0,0,3,0,0,1,0,5.032,1,1,0,1,http://portal-amazon-verify.club/index.php?token=6ccd2a34419e38a06f67529a0fbcbb68d49a54ee11f0b121&auth=required
61,39,6,3,2,0,1,1,3,0,0,7,0.1148,0,0,2,2,0,0,1,0,4.5654,0,1,1,1,http://microsoft.com.suspended-notice-630.info/login?ref=9321
59,37,6,3,2,0,1,1,3,0,0,7,0.1186,0,0,2,1,0,0,1,0,4.7339,1,1,1,1,http://instagram.com.session-unlock-501.buzz/login?ref=1168
59,17,22,3,2,0,1,1,5,0,0,8,0.1356,0,0,0,2,0,0,1,1,4.6538,0,1,0,1,http://free-host-93.live//www.chase.com/update?token=310837
64,13,30,4,1,0,1,1,4,0,0,19,0.2969,1,0,0,1,0,1,0,0,4.7284,0,1,0,1,http://171.17.92.187:4444/microsoft/billing-resolve.php?id=68615
39,9,22,1,0,0,0,0,5,0,0,0,0.0,0,0,0,0,1,0,0,0,4.0966,0,0,0,0,https://adobe.com/user/profile/settings
113,27,10,2,2,0,1,2,3,0,1,28,0.2478,0,0,0,3,0,0,1,0,4.9426,1,1,0,1,http://portal-microsoft-verify.icu/index.php?token=10fabf8e7adf8e2f67c62573b41bab97d6e822f7e9627d82&auth=required
112,26,10,2,2,0,1,2,3,0,1,35,0.3125,0,0,0,3,0,0,1,0,5.027,1,1,0,1,http://portal-facebook-verify.xyz/index.php?token=4c499c5d67f843860842058c9533ebf4ea31f461176099ed&auth=required
112,26,10,2,2,0,1,2,3,0,1,28,0.25,0,0,0,3,0,0,1,0,4.9153,0,0,0,1,http://portal-binance-verify.info/index.php?token=deebb258c6390b506fac100f3b59c1e8255db4e7392db9a9&auth=required
119,33,10,2,2,0,1,2,3,0,1,30,0.2521,0,0,0,3,0,0,1,0,4.8685,1,1,0,1,http://portal-bankofamerica-verify.click/index.php?token=61c37bf1a97f9665e663b5916d6e365ccc114f9f81a45abc&auth=required
29,13,8,2,0,0,0,0,3,0,0,0,0.0,0,0,1,0,1,0,0,0,4.0473,0,0,0,0,https://my.google.com/privacy
26,10,8,1,0,0,0,0,3,0,0,0,0.0,0,0,0,0,1,0,0,0,4.027,0,0,0,0,https://google.com/privacy
48,7,7,1,0,0,1,2,3,0,1,1,0.0208,0,0,0,0,1,0,0,0,4.4128,0,0,0,0,https://bbc.com/search?q=machine+learning&page=2
59,17,22,3,2,0,1,1,5,0,0,8,0.1356,0,0,0,2,0,0,1,1,4.521,1,1,0,1,http://free-host-42.work//www.chase.com/update?token=181234
47,13,18,4,0,0,1,1,4,0,0,15,0.3191,1,0,0,1,0,0,0,0,4.6128,0,1,0,1,http://41.238.27.171/amazon/verify.php?id=59328
36,8,20,2,0,0,0,0,4,0,0,0,0.0,0,0,0,0,1,0,0,0,4.0833,0,0,0,0,https://ox.ac.uk/dashboard/analytics
114,28,10,2,2,0,1,2,3,0,1,29,0.2544,0,0,0,3,0,0,1,0,4.9243,1,1,0,1,http://portal-microsoft-verify.club/index.php?token=2646bc558fcd2de7fc8663e665acd3d84f000f7c30a06c48&auth=required
48,14,18,4,0,0,1,1,4,0,0,16,0.3333,1,0,0,1,0,0,0,0,4.6368,0,1,0,1,http://132.99.208.166/amazon/verify.php?id=37089
66,47,12,2,4,0,0,0,3,0,0,0,0.0,0,0,0,4,0,0,1,0,4.4167,1,1,0,1,http://secure-bankofamerica-security-update-center.xyz/signin.html
28,14,6,2,0,0,0,0,3,0,0,0,0.0,0,0,1,1,1,0,0,0,3.8154,0,0,0,0,https://www.paypal.com/about
57,38,12,2,4,0,0,0,3,0,0,0,0.0,0,0,0,3,0,0,1,0,4.1724,1,1,0,1,http://secure-netflix-auth-portal-center.loan/signin.html
28,14,6,2,0,0,0,0,3,0,0,0,0.0,0,0,1,1,1,0,0,0,4.1106,0,0,0,0,https://login.ebay.com/terms
25,11,6,1,0,0,0,0,3,0,0,0,0.0,0,0,0,0,1,0,0,0,3.7835,0,0,0,0,https://dropbox.com/about
26,14,5,1,0,0,0,0,3,0,0,0,0.0,0,0,0,0,0,0,0,0,3.9501,0,0,0,0,http://wellsfargo.com/help
45,15,22,2,0,0,0,0,5,0,0,0,0.0,0,0,1,0,1,0,0,0,4.1613,0,0,0,0,https://api.dropbox.com/user/profile/settings
22,13,1,2,0,0,0,0,3,0,0,0,0.0,0,0,1,0,1,0,0,0,3.8797,0,0,0,0,https://blog.ebay.com/
58,36,6,3,2,0,1,1,3,0,0,7,0.1207,0,0,2,2,0,0,1,0,4.6012,1,1,1,1,http://instagram.com.account-alert-632.club/login?ref=8339
41,11,22,1,0,0,0,0,5,0,0,0,0.0,0,0,0,0,1,0,0,0,4.0227,0,0,0,0,https://youtube.com/user/profile/settings
55,36,12,2,4,0,0,0,3,0,0,0,0.0,0,0,0,3,0,0,1,0,4.0624,1,1,0,1,http://secure-chase-account-alert-center.tk/signin.html
50,9,7,1,0,0,1,2,3,0,1,1,0.02,0,0,0,0,1,0,0,0,4.4011,0,0,0,0,https://vimeo.com/search?q=machine+learning&page=2
27,15,4,2,0,0,0,0,3,0,0,0,0.0,0,0,1,0,1,0,0,0,3.9303,0,0,0,0,https://docs.python.org/faq
19,11,0,1,0,0,0,0,2,0,0,0,0.0,0,0,0,0,1,0,0,0,3.8924,0,0,0,0,https://netflix.com
63,16,27,3,2,0,1,1,5,0,0,8,0.127,0,0,0,2,0,0,1,1,4.7338,1,0,0,1,http://free-host-55.xyz//www.wellsfargo.com/update?token=988156
52,13,18,4,0,0,1,1,4,0,0,19,0.3654,1,0,0,1,0,1,0,0,4.5509,0,1,0,1,http://54.156.214.87:4444/amazon/verify.php?id=25273
56,14,26,4,1,0,1,1,4,0,0,16,0.2857,1,0,0,1,0,0,0,0,4.4729,0,1,0,1,http://214.111.32.137/microsoft/auth-portal.php?id=72528
28,12,8,1,0,0,0,0,3,0,0,0,0.0,0,0,0,0,1,0,0,0,4.182,0,0,0,0,https://linkedin.com/privacy
55,33,6,3,2,0,1,1,3,0,0,7,0.1273,0,0,2,3,0,0,1,0,4.6564,1,1,1,1,http://google.com.security-update-545.tk/login?ref=1941
35,19,8,2,0,0,0,0,3,0,0,0,0.0,0,0,1,0,1,0,0,0,3.9544,0,0,0,0,https://api.theguardian.com/contact
26,10,8,1,0,0,0,0,3,0,0,0,0.0,0,0,0,0,1,0,0,0,3.7343,0,0,0,0,https://github.com/contact
18,11,0,1,0,0,0,0,2,0,0,0,0.0,0,0,0,0,0,0,0,0,3.7947,0,0,0,0,http://netflix.com
32,16,8,2,0,0,0,0,3,0,0,0,0.0,0,0,1,0,1,0,0,0,4.1792,0,0,0,0,https://mail.netflix.com/privacy
48,18,22,2,0,0,0,0,5,0,0,0,0.0,0,0,1,0,1,0,0,0,3.9626,0,0,0,0,https://portal.twitter.com/user/profile/settings
112,26,10,2,2,0,1,2,3,0,1,30,0.2679,0,0,0,3,0,0,1,0,4.9095,0,1,0,1,http://portal-netflix-verify.live/index.php?token=b2479918e75b16bebe570d8bf1415aeb91c5c5086b22e67d&auth=required
60,43,10,2,4,0,0,0,3,0,0,4,0.0667,0,0,0,3,0,0,1,0,4.3903,0,0,0,1,http://paypaI-security-verification-alert-2026.net/login.php
44,14,22,2,0,0,0,0,4,0,0,0,0.0,0,0,1,0,1,0,0,0,3.9906,0,0,0,0,https://aws.amazon.com/resources/whitepapers
16,7,1,1,0,0,0,0,3,0,0,0,0.0,0,0,0,0,1,0,0,0,3.2806,0,0,0,0,https://who.int/
26,14,4,1,0,0,0,0,3,0,0,0,0.0,0,0,0,0,1,0,0,0,4.056,0,0,0,0,https://wellsfargo.com/faq
28,14,6,2,0,0,0,0,3,0,0,0,0.0,0,0,1,0,1,0,0,0,3.9408,0,0,0,0,https://dev.medium.com/about
20,11,1,1,0,0,0,0,3,0,0,0,0.0,0,0,0,0,1,0,0,0,3.5037,0,0,0,0,https://twitter.com/
45,16,21,2,1,0,0,0,4,0,0,6,0.1333,0,0,1,0,1,0,0,0,4.4805,0,0,0,0,https://blog.shopify.com/products/item-129481
27,11,8,1,0,0,0,0,3,0,0,0,0.0,0,0,0,0,1,0,0,0,3.9582,0,0,0,0,https://nytimes.com/privacy
60,41,12,2,4,0,0,0,3,0,0,4,0.0667,0,0,0,3,0,0,1,0,4.3773,1,0,0,1,http://secure-g00g13-billing-resolve-center.buzz/signin.html
65,46,12,2,4,0,0,0,3,0,0,0,0.0,0,0,0,3,0,0,1,0,4.2709,1,0,0,1,http://secure-wellsfargo-suspended-notice-center.club/signin.html
61,42,12,2,4,0,0,0,3,0,0,0,0.0,0,0,0,3,0,0,1,0,4.2169,1,0,0,1,http://secure-binance-billing-resolve-center.buzz/signin.html
39,7,24,1,1,0,0,0,5,0,0,1,0.0256,0,0,0,0,1,0,0,0,4.0155,0,0,0,0,https://mit.edu/docs/v2/getting-started
38,6,25,1,2,0,0,0,3,0,0,0,0.0,0,1,0,0,0,0,0,0,4.2174,0,1,0,1,http://bit.ly/xfttcTpY-instagram-alert
21,12,1,2,0,0,0,0,3,0,0,0,0.0,0,0,1,0,1,0,0,0,3.7849,0,0,0,0,https://mail.irs.gov/
47,17,22,2,0,0,0,0,5,0,0,0,0.0,0,0,1,0,1,0,0,0,3.9833,0,0,0,0,https://portal.google.com/user/profile/settings
57,35,6,3,2,0,1,1,3,0,0,7,0.1228,0,0,2,2,0,0,1,0,4.569,1,1,1,1,http://facebook.com.account-alert-396.work/login?ref=9494
67,17,30,3,2,0,1,1,5,0,0,8,0.1194,0,0,0,2,0,0,1,1,4.6115,1,1,0,1,http://free-host-22.work//www.bankofamerica.com/update?token=701442
63,44,12,2,4,0,0,0,3,0,0,2,0.0317,0,0,0,3,0,0,1,0,4.2716,1,0,0,1,http://secure-micr0s0ft-billing-resolve-center.loan/signin.html
118,32,10,2,2,0,1,2,3,0,1,29,0.2458,0,0,0,3,0,0,1,0,4.901,1,1,0,1,http://portal-bankofamerica-verify.loan/index.php?token=9d5e8f2ed59b5bb68df462856ddc5fff36955814e0a1298b&auth=required
31,17,6,1,0,0,0,0,3,0,0,0,0.0,0,0,0,0,1,0,0,0,4.0424,0,0,0,0,https://bankofamerica.com/about
59,37,6,3,2,0,1,1,3,0,0,7,0.1186,0,0,2,2,0,0,1,0,4.7344,1,0,1,1,http://binance.com.suspended-notice-710.buzz/login?ref=8479
25,16,1,2,0,0,0,0,3,0,0,0,0.0,0,0,1,0,1,0,0,0,3.9435,0,0,0,0,https://www.linkedin.com/
56,12,23,4,1,0,1,1,4,0,0,18,0.3214,1,0,0,2,0,1,0,0,4.3453,0,1,0,1,http://114.98.167.2:8888/paypal/auth-portal.php?id=21940
65,13,31,4,1,0,1,1,4,0,0,19,0.2923,1,0,0,1,0,1,0,0,4.6657,0,1,0,1,http://198.108.33.57:8888/instagram/suspended-notice.php?id=42816
36,14,14,2,0,0,0,0,5,0,0,1,0.0278,0,0,1,0,1,0,0,0,3.9275,0,0,0,0,https://www.github.com/api/v1/status
40,7,26,1,2,0,0,0,3,0,0,1,0.025,0,1,0,0,0,0,0,0,4.3439,0,0,0,1,http://cutt.ly/VCB8wroG-wellsfargo-alert
112,26,10,2,2,0,1,2,3,0,1,29,0.2589,0,0,0,3,0,0,1,0,4.854,1,1,0,1,http://portal-facebook-verify.icu/index.php?token=efd5c6c3751cca6a556d95cc2570d70fc03d95047dc9376b&auth=required
35,6,22,1,2,0,0,0,3,0,0,1,0.0286,0,1,0,0,0,0,0,0,4.3217,0,1,0,1,http://bit.ly/NpHLUyp7-amazon-alert
42,13,21,2,1,0,0,0,4,0,0,6,0.1429,0,0,1,0,1,0,0,0,4.2908,0,0,0,0,https://api.chase.com/products/item-129481
33,5,21,1,2,0,0,0,3,0,0,1,0.0303,0,1,0,0,0,0,0,0,4.2485,0,1,0,1,http://rb.gy/OrZ1bvBl-chase-alert
29,15,6,2,0,0,0,0,3,0,0,0,0.0,0,0,1,0,1,0,0,0,3.7883,0,0,0,0,https://www.harvard.edu/terms
66,47,12,2,4,0,0,0,3,0,0,0,0.0,0,0,0,3,0,0,1,0,4.2981,1,0,0,1,http://secure-wellsfargo-confirm-identity-center.click/signin.html
111,25,10,2,2,0,1,2,3,0,1,24,0.2162,0,0,0,3,0,0,1,0,4.9441,0,1,0,1,http://portal-amazon-verify.live/index.php?token=c48f1e27ff15e9e3e3dc6b9be2d041f06b1afdaf31425bee&auth=required
60,17,23,3,2,0,1,1,5,0,0,8,0.1333,0,0,0,2,0,0,1,1,4.6761,0,1,0,1,http://free-host-20.live//www.amazon.com/update?token=646007
58,13,29,4,1,0,1,1,4,0,0,15,0.2586,1,0,0,1,0,0,0,0,4.66,0,1,0,1,http://49.218.30.168/netflix/confirm-identity.php?id=36674
60,41,12,2,4,0,0,0,3,0,0,0,0.0,0,0,0,3,0,0,1,0,4.3046,1,1,0,1,http://secure-amazon-billing-resolve-center.buzz/signin.html
56,34,6,3,2,0,1,1,3,0,0,7,0.125,0,0,2,2,0,0,1,0,4.4969,1,1,1,1,http://apple.com.confirm-identity-844.top/login?ref=9459
40,12,20,1,0,0,0,0,4,0,0,0,0.0,0,0,0,0,1,0,0,0,4.1153,0,0,0,0,https://linkedin.com/category/technology
60,41,12,2,4,0,0,0,3,0,0,0,0.0,0,0,0,3,0,0,1,0,4.0995,0,1,0,1,http://secure-amazon-account-alert-center.online/signin.html
35,6,22,1,2,0,0,0,3,0,0,1,0.0286,0,1,0,1,0,0,0,0,4.1859,0,1,0,1,http://bit.ly/qqTvYNu2-paypal-alert
38,9,21,1,1,0,0,0,4,0,0,6,0.1579,0,0,0,0,1,0,0,0,4.2045,0,0,0,0,https://twitch.tv/products/item-129481
23,14,1,2,0,0,0,0,3,0,0,0,0.0,0,0,1,0,1,0,0,0,3.6753,0,0,0,0,https://aws.amazon.com/
43,14,21,2,1,0,0,0,4,0,0,6,0.1395,0,0,1,0,1,0,0,0,4.4785,0,0,0,0,https://api.kaggle.com/products/item-129481
55,13,26,4,1,0,1,1,4,0,0,15,0.2727,1,0,0,1,0,0,0,0,4.7065,0,1,0,1,http://180.215.35.62/netflix/account-alert.php?id=67197
60,17,23,3,2,0,1,1,5,0,0,8,0.1333,0,0,0,2,0,0,1,1,4.6761,0,1,0,1,http://free-host-87.info//www.google.com/update?token=249835
57,14,27,4,1,0,1,1,4,0,0,16,0.2807,1,0,0,0,0,0,0,0,4.6156,0,0,0,1,http://148.54.186.142/binance/session-unlock.php?id=44083
113,27,10,2,2,0,1,2,3,0,1,27,0.2389,0,0,0,3,0,0,1,0,5.0078,1,1,0,1,http://portal-instagram-verify.xyz/index.php?token=fea9b86d8a780c81f31eece9e2a3a52a8d7c4be419647a73&auth=required
40,11,22,1,2,0,0,0,3,0,0,3,0.075,0,1,0,1,0,0,0,0,4.3776,0,1,0,1,http://tinyurl.com/Oq6r4n3b-paypal-alert
57,38,12,2,4,0,0,0,3,0,0,0,0.0,0,0,0,4,0,0,1,0,4.2515,1,1,0,1,http://secure-paypal-account-alert-center.xyz/signin.html
43,11,25,1,2,0,0,0,3,0,0,2,0.0465,0,1,0,0,0,0,0,0,4.4814,0,1,0,1,http://tinyurl.com/M7mD7BIG-instagram-alert
43,14,21,2,1,0,0,0,4,0,0,6,0.1395,0,0,1,0,1,0,0,0,4.4144,0,0,0,0,https://my.harvard.edu/products/item-129481
27,11,8,1,0,0,0,0,3,0,0,0,0.0,0,0,0,0,1,0,0,0,3.8245,0,0,0,0,https://netflix.com/contact
60,13,26,4,1,0,1,1,4,0,0,19,0.3167,1,0,0,1,0,1,0,0,4.5423,0,1,0,1,http://134.173.27.96:3000/instagram/auth-portal.php?id=17637
63,15,32,4,1,0,1,1,4,0,0,17,0.2698,1,0,0,1,0,0,0,0,4.7651,0,0,0,1,http://140.222.121.131/wellsfargo/confirm-identity.php?id=85806
21,9,4,1,0,0,0,0,3,0,0,0,0.0,0,0,0,0,1,0,0,0,3.6897,0,0,0,0,https://chase.com/faq
54,14,24,4,1,0,1,1,4,0,0,16,0.2963,1,0,0,1,0,0,0,0,4.4081,0,1,0,1,http://73.173.174.134/netflix/auth-portal.php?id=77216
59,13,30,4,1,0,1,1,4,0,0,15,0.2542,1,0,0,0,0,0,0,0,4.6855,0,0,0,1,http://197.8.117.241/wellsfargo/session-unlock.php?id=98221
60,15,29,4,1,0,1,1,4,0,0,17,0.2833,1,0,0,1,0,0,0,0,4.5947,0,0,0,1,http://125.130.253.121/binance/confirm-identity.php?id=71664
61,14,31,4,1,0,1,1,4,0,0,16,0.2623,1,0,0,1,0,0,0,0,4.6106,0,1,0,1,http://161.227.87.100/microsoft/suspended-notice.php?id=36501
55,33,6,3,2,0,1,1,3,0,0,7,0.1273,0,0,2,2,0,0,1,0,4.5354,1,1,1,1,http://instagram.com.auth-portal-296.top/login?ref=3826
26,17,1,1,0,0,0,0,3,0,0,0,0.0,0,0,0,0,1,0,0,0,4.027,0,0,0,0,https://bankofamerica.com/
27,14,5,1,0,0,0,0,3,0,0,0,0.0,0,0,0,0,1,0,0,0,3.9582,0,0,0,0,https://wellsfargo.com/help
58,36,6,3,2,0,1,1,3,0,0,7,0.1207,0,0,2,3,0,0,1,0,4.7584,1,1,1,1,http://paypal.com.suspended-notice-488.work/login?ref=7318
57,38,12,2,4,0,0,0,3,0,0,2,0.0351,0,0,0,2,0,0,1,0,4.2284,1,0,0,1,http://secure-app13-session-unlock-center.top/signin.html
62,43,12,2,4,0,0,0,3,0,0,0,0.0,0,0,0,3,0,0,1,0,4.1804,0,0,0,1,http://secure-binance-confirm-identity-center.live/signin.html
59,40,12,2,4,0,0,0,3,0,0,1,0.0169,0,0,0,2,0,0,1,0,4.2937,0,0,0,1,http://secure-paypa1-session-unlock-center.live/signin.html
34,18,8,2,0,0,0,0,3,0,0,0,0.0,0,0,1,0,1,0,0,0,4.0323,0,0,0,0,https://my.theguardian.com/contact
113,27,10,2,2,0,1,2,3,0,1,33,0.292,0,0,0,3,0,0,1,0,4.9513,1,0,0,1,http://portal-binance-verify.click/index.php?token=790003bee676f8d43b4e0f1f411e255bea921627b3b73010&auth=required
40,11,21,2,1,0,0,0,4,0,0,6,0.15,0,0,1,0,1,0,0,0,4.3219,0,0,0,0,https://my.pypi.org/products/item-129481
120,34,10,2,2,0,1,2,3,0,1,28,0.2333,0,0,0,3,0,0,1,0,4.8573,0,1,0,1,http://portal-bankofamerica-verify.online/index.php?token=d8e04c25840ab440eb7426dd8bb7a24f9920f97faec04af9&auth=required
18,9,1,1,0,0,0,0,3,0,0,0,0.0,0,0,0,0,1,0,0,0,3.5305,0,0,0,0,https://apple.com/
114,28,10,2,2,0,1,2,3,0,1,25,0.2193,0,0,0,3,0,0,1,0,4.8478,0,1,0,1,http://portal-netflix-verify.online/index.php?token=8f67606cd01c2a0d05a8d5dd2059c08defa42aefc16bc9ee&auth=required
37,5,25,1,2,0,0,0,3,0,0,0,0.0,0,1,0,0,0,0,0,0,4.4996,0,1,0,1,http://rb.gy/SKoQJVWJ-microsoft-alert
25,9,8,1,0,0,0,0,3,0,0,0,0.0,0,0,0,0,1,0,0,0,3.9737,0,0,0,0,https://quora.com/privacy
56,13,27,4,1,0,1,1,4,0,0,15,0.2679,1,0,0,2,0,0,0,0,4.6955,0,1,0,1,http://97.210.167.97/amazon/security-update.php?id=64908
62,43,12,2,4,0,0,0,3,0,0,0,0.0,0,0,0,3,0,0,1,0,4.1877,1,1,0,1,http://secure-google-confirm-identity-center.click/signin.html
24,8,8,1,0,0,0,0,3,0,0,0,0.0,0,0,0,0,1,0,0,0,3.6887,0,0,0,0,https://pypi.org/contact
28,16,4,2,0,0,0,0,3,0,0,0,0.0,0,0,1,0,1,0,0,0,3.9233,0,0,0,0,https://mail.shopify.com/faq
59,16,23,3,2,0,1,1,5,0,0,8,0.1356,0,0,0,3,0,0,1,1,4.7261,1,1,0,1,http://free-host-67.icu//www.paypal.com/update?token=458038
60,38,6,3,2,0,1,1,3,0,0,7,0.1167,0,0,2,2,0,0,1,0,4.7046,1,0,1,1,http://wellsfargo.com.suspended-notice-872.tk/login?ref=5797
32,10,14,1,0,0,0,0,5,0,0,1,0.0312,0,0,0,0,1,0,0,0,3.8011,0,0,0,0,https://amazon.com/api/v1/status
67,17,30,3,2,0,1,1,5,0,0,8,0.1194,0,0,0,2,0,0,1,1,4.6599,0,1,0,1,http://free-host-61.info//www.bankofamerica.com/update?token=636827
22,9,5,2,0,0,0,0,3,0,0,0,0.0,0,0,0,0,1,0,0,0,3.6978,0,0,0,0,https://cam.ac.uk/help
29,14,8,1,0,0,0,0,3,0,0,0,0.0,0,0,0,0,0,0,0,0,3.7714,0,0,0,0,http://salesforce.com/contact
28,12,8,2,0,0,0,0,3,0,0,0,0.0,0,0,1,0,1,0,0,0,4.0122,0,0,0,0,https://help.cnn.com/privacy
20,11,1,1,0,0,0,0,3,0,0,0,0.0,0,0,0,0,1,0,0,0,3.6464,0,0,0,0,https://walmart.com/
40,11,22,1,2,0,0,0,3,0,0,2,0.05,0,1,0,0,0,0,0,0,4.4464,0,1,0,1,http://tinyurl.com/O14QngAV-google-alert
42,15,20,2,0,0,0,0,4,0,0,0,0.0,0,0,1,0,0,0,0,0,4.0916,0,0,0,0,http://www.shopify.com/category/technology
65,46,12,2,4,0,0,0,3,0,0,0,0.0,0,0,0,3,0,0,1,0,4.262,1,0,0,1,http://secure-wellsfargo-billing-resolve-center.click/signin.html
58,16,22,3,2,0,1,1,5,0,0,8,0.1379,0,0,0,2,0,0,1,1,4.6062,1,1,0,1,http://free-host-85.icu//www.chase.com/update?token=279372
111,25,10,2,2,0,1,2,3,0,1,28,0.2523,0,0,0,4,0,0,1,0,4.9927,1,1,0,1,http://portal-paypal-verify.buzz/index.php?token=29a5d3da2e3f142fe7a6cbb928cc79bd4cc52143d5021d56&auth=required
29,15,6,2,0,0,0,0,3,0,0,0,0.0,0,0,1,0,1,0,0,0,3.9094,0,0,0,0,https://dev.reuters.com/about
66,44,6,3,2,0,1,1,3,0,0,7,0.1061,0,0,2,2,0,0,1,0,4.6443,1,1,1,1,http://bankofamerica.com.confirm-identity-699.click/login?ref=4051
110,24,10,2,2,0,1,2,3,0,1,24,0.2182,0,0,0,3,0,0,1,0,4.7605,0,1,0,1,http://portal-apple-verify.live/index.php?token=577759b8edfadce3ed55caf5a0a7f3be22670e790db78eaa&auth=required
62,43,12,2,4,0,0,0,3,0,0,0,0.0,0,0,0,4,0,0,1,0,4.3341,1,1,0,1,http://secure-facebook-security-update-center.loan/signin.html
43,15,20,2,0,0,0,0,4,0,0,0,0.0,0,0,1,0,1,0,0,0,3.9958,0,0,0,0,https://docs.python.org/dashboard/analytics
59,37,6,3,2,0,1,1,3,0,0,7,0.1186,0,0,2,2,0,0,1,0,4.5227,0,1,1,1,http://apple.com.confirm-identity-374.online/login?ref=2525
38,9,21,1,0,0,0,0,6,0,0,6,0.1579,0,0,0,0,1,0,0,0,4.1486,0,0,0,0,https://apple.com/news/2026/08/article
51,10,7,1,0,0,1,2,3,0,1,1,0.0196,0,0,0,0,1,0,0,0,4.4464,0,0,0,0,https://github.com/search?q=machine+learning&page=2
61,39,6,3,2,0,1,1,3,0,0,7,0.1148,0,0,2,2,0,0,1,0,4.6422,1,1,1,1,http://facebook.com.confirm-identity-904.click/login?ref=5246
37,15,14,1,0,0,0,0,5,0,0,1,0.027,0,0,0,0,1,0,0,0,4.021,0,0,0,0,https://theguardian.com/api/v1/status
40,12,20,1,0,0,0,0,4,0,0,0,0.0,0,0,0,0,1,0,0,0,4.0317,0,0,0,0,https://stanford.edu/dashboard/analytics
17,8,1,1,0,0,0,0,3,0,0,0,0.0,0,0,0,0,1,0,0,0,3.6901,0,0,0,0,https://ebay.com/
24,11,6,1,0,0,0,0,3,0,0,0,0.0,0,0,0,0,0,0,0,0,3.7202,0,0,0,0,http://youtube.com/terms
40,11,21,1,1,0,0,0,4,0,0,6,0.15,0,0,0,0,1,0,0,0,4.3628,0,0,0,0,https://walmart.com/products/item-129481
31,15,8,2,0,0,0,0,3,0,0,0,0.0,0,0,1,0,1,0,0,0,3.6923,0,0,0,0,https://docs.python.org/contact
57,35,6,3,2,0,1,1,3,0,0,7,0.1228,0,0,2,3,0,0,1,0,4.7975,1,1,1,1,http://google.com.security-update-942.buzz/login?ref=6155
42,13,21,2,1,0,0,0,4,0,0,6,0.1429,0,0,1,0,1,0,0,0,4.3836,0,0,0,0,https://my.github.com/products/item-129481
65,14,30,4,1,0,1,1,4,0,0,20,0.3077,1,0,0,2,0,1,0,0,4.7744,0,1,0,1,http://136.217.156.99:8080/instagram/security-update.php?id=45712
53,12,25,4,1,0,1,1,4,0,0,14,0.2642,1,0,0,1,0,0,0,0,4.5766,0,1,0,1,http://68.1.235.123/google/account-alert.php?id=16030
68,49,12,2,4,0,0,0,3,0,0,0,0.0,0,0,0,3,0,0,1,0,4.2655,0,1,0,1,http://secure-bankofamerica-suspended-notice-center.info/signin.html
18,10,0,1,0,0,0,0,2,0,0,0,0.0,0,0,0,0,1,0,0,0,3.8366,0,0,0,0,https://kaggle.com
58,17,7,2,0,0,1,2,3,0,1,1,0.0172,0,0,1,1,1,0,0,0,4.4485,0,0,0,0,https://login.netflix.com/search?q=machine+learning&page=2
15,6,1,1,0,0,0,0,3,0,0,0,0.0,0,0,0,0,1,0,0,0,3.4566,0,0,0,0,https://un.org/
32,18,6,2,0,0,0,0,3,0,0,0,0.0,0,0,1,0,1,0,0,0,4.0695,0,0,0,0,https://app.wellsfargo.com/about
20,7,5,1,0,0,0,0,3,0,0,0,0.0,0,0,0,0,1,0,0,0,3.5842,0,0,0,0,https://cnn.com/help
20,12,0,2,0,0,0,0,2,0,0,0,0.0,0,0,1,0,1,0,0,0,3.7219,0,0,0,0,https://mail.bbc.com
52,33,12,2,3,0,0,0,3,0,0,0,0.0,0,0,0,3,0,0,1,0,4.3277,1,0,0,1,http://secure-binance-verify-center.work/signin.html
23,11,4,1,0,0,0,0,3,0,0,0,0.0,0,0,0,0,1,0,0,0,3.8121,0,0,0,0,https://twitter.com/faq
24,16,0,2,0,0,0,0,2,0,0,0,0.0,0,0,1,0,1,0,0,0,3.8554,0,0,0,0,https://my.instagram.com
32,18,6,2,0,0,0,0,3,0,0,0,0.0,0,0,1,0,1,0,0,0,4.0275,0,0,0,0,https://portal.nytimes.com/about
64,45,12,2,4,0,0,0,3,0,0,0,0.0,0,0,0,3,0,0,1,0,4.2297,1,1,0,1,http://secure-instagram-suspended-notice-center.buzz/signin.html
48,26,6,3,1,0,1,1,3,0,0,7,0.1458,0,0,2,2,0,0,1,0,4.7147,1,1,1,1,http://facebook.com.verify-532.tk/login?ref=6101
51,29,6,3,1,0,1,1,3,0,0,7,0.1373,0,0,2,2,0,0,1,0,4.6276,0,1,1,1,http://instagram.com.verify-181.info/login?ref=7408
61,42,12,2,4,0,0,0,3,0,0,2,0.0328,0,0,0,3,0,0,1,0,4.3223,1,0,0,1,http://secure-app13-confirm-identity-center.click/signin.html
37,5,25,1,2,0,0,0,3,0,0,0,0.0,0,1,0,0,0,0,0,0,4.3242,0,1,0,1,http://rb.gy/hTrycjIf-microsoft-alert
56,37,12,2,4,0,0,0,3,0,0,0,0.0,0,0,0,3,0,0,1,0,4.2619,1,1,0,1,http://secure-facebook-auth-portal-center.tk/signin.html
20,7,5,1,0,0,0,0,3,0,0,0,0.0,0,0,0,0,1,0,0,0,3.6464,0,0,0,0,https://nih.gov/help
113,27,10,2,2,0,1,2,3,0,1,30,0.2655,0,0,0,3,0,0,1,0,4.9039,1,1,0,1,http://portal-facebook-verify.loan/index.php?token=f5497916c9d60df047ac9d7fc981788a5b986f2649dee7dc&auth=required
36,6,23,1,2,0,0,0,3,0,0,2,0.0556,0,1,0,0,0,0,0,0,4.0941,0,1,0,1,http://bit.ly/4fllLsi2-netflix-alert
56,34,6,3,2,0,1,1,3,0,0,7,0.125,0,0,2,1,0,0,1,0,4.6121,1,1,1,1,http://google.com.session-unlock-358.work/login?ref=9169
109,23,10,2,2,0,1,2,3,0,1,31,0.2844,0,0,0,3,0,0,1,0,4.9689,1,1,0,1,http://portal-apple-verify.icu/index.php?token=bd15994ffd547402b36c72552c5ec02067cee39dfab80828&auth=required
35,13,14,2,0,0,0,0,5,0,0,1,0.0286,0,0,1,1,1,0,0,0,4.0332,0,0,0,0,https://login.bbc.com/api/v1/status
54,13,25,4,1,0,1,1,4,0,0,15,0.2778,1,0,0,1,0,0,0,0,4.5788,0,1,0,1,http://15.76.120.226/google/account-alert.php?id=32118
49,27,6,3,1,0,1,1,3,0,0,7,0.1429,0,0,2,2,0,0,1,0,4.5581,0,1,1,1,http://netflix.com.verify-929.live/login?ref=7334
60,16,24,3,2,0,1,1,5,0,0,8,0.1333,0,0,0,2,0,0,1,1,4.6087,1,1,0,1,http://free-host-93.top//www.netflix.com/update?token=555816
63,14,27,4,2,0,1,1,5,0,0,0,0.0,0,0,0,3,0,0,1,1,4.5012,0,1,0,1,http://legit-site.com//www.paypal.com/webscr.php?cmd=_login-run
61,16,25,3,2,0,1,1,5,0,0,8,0.1311,0,0,0,2,0,0,1,1,4.5126,1,1,0,1,http://free-host-72.top//www.facebook.com/update?token=376963
26,12,6,1,0,0,0,0,3,0,0,0,0.0,0,0,0,0,1,0,0,0,3.7962,0,0,0,0,https://stanford.edu/terms
51,11,7,1,0,0,1,2,3,0,1,1,0.0196,0,0,0,0,0,0,0,0,4.366,0,0,0,0,http://harvard.edu/search?q=machine+learning&page=2
28,12,8,2,0,0,0,0,3,0,0,0,0.0,0,0,1,0,1,0,0,0,3.8518,0,0,0,0,https://blog.zoom.us/contact
36,7,21,1,0,0,0,0,6,0,0,6,0.1667,0,0,0,0,1,0,0,0,4.1972,0,0,0,0,https://irs.gov/news/2026/08/article
36,6,23,1,2,0,0,0,3,0,0,1,0.0278,0,1,0,0,0,0,0,0,4.2527,0,1,0,1,http://bit.ly/ILgqZht1-netflix-alert
44,15,21,2,0,0,0,0,6,0,0,6,0.1364,0,0,1,0,1,0,0,0,4.3454,0,0,0,0,https://app.youtube.com/news/2026/08/article
112,26,10,2,2,0,1,2,3,0,1,32,0.2857,0,0,0,3,0,0,1,0,4.9417,0,1,0,1,http://portal-apple-verify.online/index.php?token=9b347f55e3b205272ca46c8e6d0b02d05cb37793b221db42&auth=required
62,19,23,3,2,0,1,1,5,0,0,8,0.129,0,0,0,2,0,0,1,1,4.6081,0,1,0,1,http://free-host-42.online//www.amazon.com/update?token=275627
61,16,25,3,2,0,1,1,5,0,0,8,0.1311,0,0,0,2,0,0,1,1,4.5954,1,1,0,1,http://free-host-81.icu//www.facebook.com/update?token=389128
14,7,0,1,0,0,0,0,2,0,0,0,0.0,0,0,0,0,0,0,0,0,3.3788,0,0,0,0,http://nih.gov
63,17,26,3,2,0,1,1,5,0,0,8,0.127,0,0,0,2,0,0,1,1,4.5782,1,1,0,1,http://free-host-75.work//www.microsoft.com/update?token=119876
48,7,7,1,0,0,1,2,3,0,1,1,0.0208,0,0,0,0,1,0,0,0,4.4804,0,0,0,0,https://zoom.us/search?q=machine+learning&page=2
47,17,22,2,0,0,0,0,4,0,0,0,0.0,0,0,1,0,1,0,0,0,3.9542,0,0,0,0,https://portal.google.com/resources/whitepapers
49,17,24,1,1,0,0,0,5,0,0,1,0.0204,0,0,0,0,1,0,0,0,4.2649,0,0,0,0,https://bankofamerica.com/docs/v2/getting-started
63,12,35,4,1,0,1,1,4,0,0,14,0.2222,1,0,0,1,0,0,0,0,4.7292,0,1,0,1,http://153.7.157.59/bankofamerica/confirm-identity.php?id=80228
63,18,25,3,2,0,1,1,5,0,0,8,0.127,0,0,0,2,0,0,1,1,4.6963,1,1,0,1,http://free-host-20.click//www.facebook.com/update?token=416773
27,11,8,1,0,0,0,0,3,0,0,0,0.0,0,0,0,0,1,0,0,0,3.6008,0,0,0,0,https://twitter.com/contact
54,12,26,4,1,0,1,1,4,0,0,14,0.2593,1,0,0,0,0,0,0,0,4.5879,0,1,0,1,http://55.89.87.220/google/session-unlock.php?id=92973
34,5,22,1,2,0,0,0,3,0,0,4,0.1176,0,1,0,0,0,0,0,0,4.1973,0,1,0,1,http://rb.gy/92pi2ET9-google-alert
54,14,24,4,1,0,1,1,4,0,0,16,0.2963,1,0,0,1,0,0,0,0,4.572,0,1,0,1,http://186.229.37.135/netflix/auth-portal.php?id=72868
30,17,5,2,0,0,0,0,3,0,0,0,0.0,0,0,1,1,1,0,0,0,4.0314,0,0,0,0,https://login.walmart.com/help
24,10,6,1,0,0,0,0,3,0,0,0,0.0,0,0,0,0,1,0,0,0,3.8035,0,0,0,0,https://github.com/terms
57,12,29,4,1,0,1,1,4,0,0,14,0.2456,1,0,0,1,0,0,0,0,4.714,0,0,0,1,http://45.108.109.8/wellsfargo/account-alert.php?id=14492
58,36,6,3,2,0,1,1,3,0,0,7,0.1207,0,0,2,3,0,0,1,0,4.7324,1,1,1,1,http://paypal.com.suspended-notice-907.club/login?ref=4540
110,24,10,2,2,0,1,2,3,0,1,26,0.2364,0,0,0,3,0,0,1,0,4.8815,1,1,0,1,http://portal-chase-verify.club/index.php?token=e83acae23fba7570c815d9c888c2ff072dfff43eae47f037&auth=required
32,18,6,2,0,0,0,0,3,0,0,0,0.0,0,0,1,0,1,0,0,0,4.1167,0,0,0,0,https://mail.wikipedia.org/about
27,13,6,2,0,0,0,0,3,0,0,0,0.0,0,0,1,0,1,0,0,0,3.606,0,0,0,0,https://app.yahoo.com/about
115,29,10,2,2,0,1,2,3,0,1,29,0.2522,0,0,0,3,0,0,1,0,5.063,1,0,0,1,http://portal-wellsfargo-verify.loan/index.php?token=8b7b68c9d4935b2eab086dc23bcf80741b66b58f75f53c2b&auth=required
35,7,21,1,2,0,0,0,3,0,0,0,0.0,0,1,0,0,0,0,0,0,4.183,0,1,0,1,http://cutt.ly/yxcREIvn-chase-alert
61,18,23,3,2,0,1,1,5,0,0,8,0.1311,0,0,0,3,0,0,1,1,4.7013,1,1,0,1,http://free-host-58.click//www.paypal.com/update?token=974417
35,6,22,1,2,0,0,0,3,0,0,1,0.0286,0,1,0,0,0,0,0,0,4.3077,0,1,0,1,http://bit.ly/Ik7rpNaq-amazon-alert
43,14,21,1,0,0,0,0,6,0,0,6,0.1395,0,0,0,0,1,0,0,0,4.1933,0,0,0,0,https://salesforce.com/news/2026/08/article
37,8,21,1,0,0,0,0,6,0,0,6,0.1622,0,0,0,0,1,0,0,0,4.1885,0,0,0,0,https://nasa.gov/news/2026/08/article
21,12,1,1,0,0,0,0,3,0,0,0,0.0,0,0,0,0,1,0,0,0,3.749,0,0,0,0,https://stanford.edu/
28,12,8,2,0,0,0,0,3,0,0,0,0.0,0,0,1,0,1,0,0,0,4.1106,0,0,0,0,https://blog.who.int/privacy
42,14,20,2,0,0,0,0,4,0,0,0,0.0,0,0,1,0,1,0,0,0,4.0313,0,0,0,0,https://aws.amazon.com/dashboard/analytics
26,12,6,2,0,0,0,0,3,0,0,0,0.0,0,0,1,0,1,0,0,0,3.8441,0,0,0,0,https://mail.irs.gov/terms
41,13,20,1,0,0,0,0,4,0,0,0,0.0,0,0,0,0,1,0,0,0,4.0037,0,0,0,0,https://instagram.com/dashboard/analytics
64,18,26,3,2,0,1,1,5,0,0,8,0.125,0,0,0,2,0,0,1,1,4.736,1,1,0,1,http://free-host-10.click//www.instagram.com/update?token=927497
109,23,10,2,2,0,1,2,3,0,1,27,0.2477,0,0,0,3,0,0,1,0,4.9499,1,1,0,1,http://portal-apple-verify.xyz/index.php?token=ae3d58ff615c23fa231b40cbf7b4b5633f7fdbb72413c67f&auth=required
58,14,28,4,1,0,1,1,4,0,0,16,0.2759,1,0,0,2,0,0,0,0,4.7092,0,1,0,1,http://132.174.125.70/netflix/security-update.php?id=66597
64,17,27,3,2,0,1,1,5,0,0,8,0.125,0,0,0,2,0,0,1,1,4.6007,1,0,0,1,http://free-host-20.work//www.wellsfargo.com/update?token=128078
39,11,21,1,2,0,0,0,3,0,0,1,0.0256,0,1,0,0,0,0,0,0,4.5481,0,1,0,1,http://tinyurl.com/0LCMwAQw-chase-alert
53,34,12,2,3,0,0,0,3,0,0,2,0.0377,0,0,0,3,0,0,1,0,4.1836,1,0,0,1,http://secure-micr0s0ft-verify-center.icu/signin.html
22,10,4,1,0,0,0,0,3,0,0,0,0.0,0,0,0,1,1,0,0,0,3.7201,0,0,0,0,https://paypal.com/faq
42,10,24,1,1,0,0,0,5,0,0,1,0.0238,0,0,0,1,1,0,0,0,4.1689,0,0,0,0,https://paypal.com/docs/v2/getting-started
59,16,23,3,2,0,1,1,5,0,0,8,0.1356,0,0,0,3,0,0,1,1,4.76,1,1,0,1,http://free-host-95.xyz//www.paypal.com/update?token=263057
59,15,24,3,2,0,1,1,5,0,0,8,0.1356,0,0,0,2,0,0,1,1,4.5521,1,0,0,1,http://free-host-89.tk//www.binance.com/update?token=984558
56,34,6,3,2,0,1,1,3,0,0,7,0.125,0,0,2,2,0,0,1,0,4.638,1,1,1,1,http://google.com.billing-resolve-635.xyz/login?ref=4495
19,11,0,1,0,0,0,0,2,0,0,0,0.0,0,0,0,0,1,0,0,0,3.6163,0,0,0,0,https://harvard.edu
39,9,22,1,0,0,0,0,5,0,0,0,0.0,0,0,0,0,1,0,0,0,4.0579,0,0,0,0,https://quora.com/user/profile/settings
34,5,22,1,2,0,0,0,3,0,0,2,0.0588,0,1,0,1,0,0,0,0,4.0575,0,1,0,1,http://rb.gy/KtR6mee1-paypal-alert
58,36,6,3,2,0,1,1,3,0,0,7,0.1207,0,0,2,3,0,0,1,0,4.7159,0,1,1,1,http://netflix.com.security-update-434.live/login?ref=5842
27,11,8,1,0,0,0,0,3,0,0,0,0.0,0,0,0,0,1,0,0,0,3.736,0,0,0,0,https://dropbox.com/contact
55,14,20,4,0,0,1,1,4,0,0,20,0.3636,1,0,0,1,0,1,0,0,4.7083,0,1,0,1,http://125.97.166.147:8080/facebook/verify.php?id=37686
29,7,14,1,0,0,0,0,5,0,0,1,0.0345,0,0,0,0,1,0,0,0,3.673,0,0,0,0,https://nih.gov/api/v1/status
22,9,5,1,0,0,0,0,3,0,0,0,0.0,0,0,0,0,1,0,0,0,3.6978,0,0,0,0,https://vimeo.com/help
47,25,6,3,1,0,1,1,3,0,0,7,0.1489,0,0,2,2,0,0,1,0,4.6553,0,1,1,1,http://chase.com.verify-693.live/login?ref=1910
59,13,30,4,1,0,1,1,4,0,0,15,0.2542,1,0,0,1,0,0,0,0,4.6305,0,1,0,1,http://48.229.182.34/facebook/confirm-identity.php?id=82263
43,15,20,2,0,0,0,0,4,0,0,0,0.0,0,0,1,0,1,0,0,0,4.0713,0,0,0,0,https://app.dropbox.com/category/technology
50,9,7,1,0,0,1,2,3,0,1,1,0.02,0,0,0,0,1,0,0,0,4.3913,0,0,0,0,https://yahoo.com/search?q=machine+learning&page=2
110,24,10,2,2,0,1,2,3,0,1,32,0.2909,0,0,0,3,0,0,1,0,4.9426,1,1,0,1,http://portal-apple-verify.work/index.php?token=0d141e6c3a18a5969a45689406e03420fa4f28e8d9fcbf30&auth=required
50,31,12,2,3,0,0,0,3,0,0,2,0.04,0,0,0,3,0,0,1,0,4.2962,1,0,0,1,http://secure-n3tf1ix-verify-center.tk/signin.html
59,37,6,3,2,0,1,1,3,0,0,7,0.1186,0,0,2,2,0,0,1,0,4.6566,0,1,1,1,http://facebook.com.billing-resolve-745.live/login?ref=6791
40,11,21,1,0,0,0,0,6,0,0,6,0.15,0,0,0,0,1,0,0,0,4.2964,0,0,0,0,https://shopify.com/news/2026/08/article
31,15,8,2,0,0,0,0,3,0,0,0,0.0,0,0,1,0,1,0,0,0,3.8002,0,0,0,0,https://mail.target.com/contact
34,6,21,1,2,0,0,0,3,0,0,3,0.0882,0,1,0,0,0,0,0,0,4.4182,0,1,0,1,http://bit.ly/SCX2A60Y-chase-alert
36,6,23,1,2,0,0,0,3,0,0,1,0.0278,0,1,0,0,0,0,0,0,4.2154,0,1,0,1,http://bit.ly/qjkZ3lby-netflix-alert
40,11,22,1,2,0,0,0,3,0,0,2,0.05,0,1,0,0,0,0,0,0,4.3653,0,1,0,1,http://tinyurl.com/lFp8gf3W-google-alert
61,42,12,2,4,0,0,0,3,0,0,2,0.0328,0,0,0,3,0,0,1,0,4.2563,1,0,0,1,http://secure-micr0s0ft-billing-resolve-center.tk/signin.html
38,9,21,1,0,0,0,0,6,0,0,6,0.1579,0,0,0,0,1,0,0,0,4.2211,0,0,0,0,https://yahoo.com/news/2026/08/article
34,5,22,1,2,0,0,0,3,0,0,1,0.0294,0,1,0,0,0,0,0,0,4.315,0,1,0,1,http://rb.gy/vB9UDGDw-google-alert
111,25,10,2,2,0,1,2,3,0,1,29,0.2613,0,0,0,3,0,0,1,0,4.9166,0,1,0,1,http://portal-amazon-verify.live/index.php?token=2cfdc6a91e01ade008344e1dee8a06d2195c742df254415e&auth=required
22,9,5,1,0,0,0,0,3,0,0,0,0.0,0,0,0,0,1,0,0,0,3.8797,0,0,0,0,https://quora.com/help
108,22,10,2,2,0,1,2,3,0,1,34,0.3148,0,0,0,3,0,0,1,0,4.8261,1,1,0,1,http://portal-apple-verify.tk/index.php?token=5e4d350612ac61f9512e5fd09ae803d3226dfd6315528365&auth=required
39,10,21,1,0,0,0,0,6,0,0,6,0.1538,0,0,0,0,1,0,0,0,4.2017,0,0,0,0,https://reddit.com/news/2026/08/article
114,28,10,2,2,0,1,2,3,0,1,31,0.2719,0,0,0,3,0,0,1,0,5.0577,1,0,0,1,http://portal-wellsfargo-verify.xyz/index.php?token=6362b5adedc185ad87cf195e27a1943e52b07d97557ba567&auth=required
29,21,0,2,0,0,0,0,2,0,0,0,0.0,0,0,1,0,1,0,0,0,4.0304,0,0,0,0,https://api.bankofamerica.com
53,31,6,3,2,0,1,1,3,0,0,7,0.1321,0,0,2,1,0,0,1,0,4.6236,1,1,1,1,http://chase.com.session-unlock-194.tk/login?ref=3379
49,30,12,2,3,0,0,0,3,0,0,2,0.0408,0,0,0,3,0,0,1,0,4.4282,1,0,0,1,http://secure-app13-verify-center.xyz/signin.html
62,19,23,3,2,0,1,1,5,0,0,8,0.129,0,0,0,2,0,0,1,1,4.688,0,1,0,1,http://free-host-46.online//www.google.com/update?token=157809
59,37,6,3,2,0,1,1,3,0,0,7,0.1186,0,0,2,2,0,0,1,0,4.6005,1,1,1,1,http://instagram.com.confirm-identity-894.tk/login?ref=7776
28,12,8,2,0,0,0,0,3,0,0,0,0.0,0,0,1,0,1,0,0,0,3.7229,0,0,0,0,https://dev.citi.com/contact
43,11,24,1,1,0,0,0,5,0,0,1,0.0233,0,0,0,0,1,0,0,0,4.0277,0,0,0,0,https://harvard.edu/docs/v2/getting-started
38,5,26,1,2,0,0,0,3,0,0,1,0.0263,0,1,0,0,0,0,0,0,4.379,0,0,0,1,http://rb.gy/jtaIHJY3-wellsfargo-alert
22,13,1,2,0,0,0,0,3,0,0,0,0.0,0,0,1,0,1,0,0,0,3.6635,0,0,0,0,https://my.amazon.com/
58,39,12,2,4,0,0,0,3,0,0,0,0.0,0,0,0,4,0,0,1,0,4.1677,0,1,0,1,http://secure-paypal-account-alert-center.live/signin.html
59,11,27,4,1,0,1,1,4,0,0,17,0.2881,1,0,0,1,0,1,0,0,4.2971,0,1,0,1,http://14.54.9.185:4444/apple/suspended-notice.php?id=44479
59,37,6,3,2,0,1,1,3,0,0,7,0.1186,0,0,2,2,0,0,1,0,4.6261,0,0,1,1,http://binance.com.suspended-notice-204.info/login?ref=3905
62,16,26,3,2,0,1,1,5,0,0,8,0.129,0,0,0,2,0,0,1,1,4.6478,1,1,0,1,http://free-host-21.icu//www.microsoft.com/update?token=476603
45,15,22,1,0,0,0,0,5,0,0,0,0.0,0,0,0,0,1,0,0,0,4.0979,0,0,0,0,https://theguardian.com/user/profile/settings
58,39,12,2,4,0,0,0,3,0,0,0,0.0,0,0,0,3,0,0,1,0,4.1093,1,1,0,1,http://secure-instagram-auth-portal-center.icu/signin.html
54,32,6,3,2,0,1,1,3,0,0,7,0.1296,0,0,2,1,0,0,1,0,4.5781,1,1,1,1,http://google.com.session-unlock-729.tk/login?ref=6300
64,45,12,2,4,0,0,0,3,0,0,4,0.0625,0,0,0,4,0,0,1,0,4.4937,1,0,0,1,http://secure-w311sfarg0-security-update-center.work/signin.html
62,14,32,4,1,0,1,1,4,0,0,16,0.2581,1,0,0,1,0,0,0,0,4.7765,0,0,0,1,http://88.139.212.253/wellsfargo/confirm-identity.php?id=58390
56,26,22,3,0,0,0,0,5,0,0,0,0.0,0,0,2,0,1,0,0,0,4.1402,0,0,0,0,https://blog.developer.mozilla.org/user/profile/settings
41,9,24,1,1,0,0,0,5,0,0,1,0.0244,0,0,0,0,1,0,0,0,4.0251,0,0,0,0,https://chase.com/docs/v2/getting-started
60,14,25,4,1,0,1,1,4,0,0,20,0.3333,1,0,0,1,0,1,0,0,4.6712,0,1,0,1,http://183.252.240.70:8888/facebook/auth-portal.php?id=95605
35,5,23,1,2,0,0,0,3,0,0,0,0.0,0,1,0,0,0,0,0,0,4.1503,0,0,0,1,http://rb.gy/dUbgggsy-binance-alert
25,12,5,2,0,0,0,0,3,0,0,0,0.0,0,0,1,0,1,0,0,0,3.6733,0,0,0,0,https://help.irs.gov/help
45,15,22,2,0,0,0,0,5,0,0,0,0.0,0,0,1,0,1,0,0,0,4.0643,0,0,0,0,https://blog.github.com/user/profile/settings
112,26,10,2,2,0,1,2,3,0,1,32,0.2857,0,0,0,3,0,0,1,0,4.923,1,0,0,1,http://portal-binance-verify.loan/index.php?token=69551388e148f8202dea5377da83c8b003baa6255d5af9f8&auth=required
111,25,10,2,2,0,1,2,3,0,1,32,0.2883,0,0,0,3,0,0,1,0,4.945,1,1,0,1,http://portal-google-verify.loan/index.php?token=c2026480cb8860024c5b473f18e6e1d50586a5d0bae342ee&auth=required
31,9,14,2,0,0,0,0,5,0,0,1,0.0323,0,0,0,0,1,0,0,0,3.6521,0,0,0,0,https://cam.ac.uk/api/v1/status
37,7,22,1,0,0,0,0,5,0,0,0,0.0,0,0,0,0,1,0,0,0,3.8819,0,0,0,0,https://nih.gov/user/profile/settings
38,17,14,1,0,0,0,0,5,0,0,1,0.0263,0,0,0,0,0,0,0,0,4.1106,0,0,0,0,http://bankofamerica.com/api/v1/status
59,15,24,3,2,0,1,1,5,0,0,8,0.1356,0,0,0,2,0,0,1,1,4.6666,1,0,0,1,http://free-host-52.tk//www.binance.com/update?token=362148
54,32,6,3,2,0,1,1,3,0,0,7,0.1296,0,0,2,2,0,0,1,0,4.507,1,1,1,1,http://google.com.account-alert-429.icu/login?ref=5004
21,7,6,1,0,0,0,0,3,0,0,0,0.0,0,0,0,0,1,0,0,0,3.6538,0,0,0,0,https://cnn.com/about
39,6,26,1,2,0,0,0,3,0,0,3,0.0769,0,1,0,0,0,0,0,0,4.4043,0,0,0,1,http://bit.ly/t750gOmN-wellsfargo-alert
62,19,23,3,2,0,1,1,5,0,0,8,0.129,0,0,0,2,0,0,1,1,4.6848,0,1,0,1,http://free-host-73.online//www.amazon.com/update?token=106290
45,13,24,2,1,0,0,0,5,0,0,1,0.0222,0,0,1,0,1,0,0,0,4.1999,0,0,0,0,https://my.amazon.com/docs/v2/getting-started
61,17,24,3,2,0,1,1,5,0,0,8,0.1311,0,0,0,2,0,0,1,1,4.703,0,1,0,1,http://free-host-54.live//www.netflix.com/update?token=143292
59,40,12,2,4,0,0,0,3,0,0,0,0.0,0,0,0,3,0,0,1,0,4.2269,1,1,0,1,http://secure-microsoft-auth-portal-center.club/signin.html
57,12,29,4,1,0,1,1,4,0,0,14,0.2456,1,0,0,0,0,0,0,0,4.6439,0,1,0,1,http://78.18.15.183/instagram/session-unlock.php?id=66371
55,33,6,3,2,0,1,1,3,0,0,7,0.1273,0,0,2,2,0,0,1,0,4.7016,1,1,1,1,http://instagram.com.auth-portal-898.xyz/login?ref=8437
116,30,10,2,2,0,1,2,3,0,1,35,0.3017,0,0,0,3,0,0,1,0,4.9605,1,1,0,1,http://portal-bankofamerica-verify.tk/index.php?token=bfe020d0d39709dd93650a761e300a23f66343d7474845c1&auth=required
40,10,22,2,0,0,0,0,4,0,0,0,0.0,0,0,1,0,1,0,0,0,3.9964,0,0,0,0,https://my.bbc.com/resources/whitepapers
57,35,6,3,2,0,1,1,3,0,0,7,0.1228,0,0,2,1,0,0,1,0,4.6858,1,1,1,1,http://amazon.com.session-unlock-575.click/login?ref=6214
40,12,20,1,0,0,0,0,4,0,0,0,0.0,0,0,0,0,1,0,0,0,4.1276,0,0,0,0,https://linkedin.com/dashboard/analytics
45,14,24,4,1,0,0,0,4,0,0,11,0.2444,1,0,0,2,0,0,0,0,4.3916,0,0,0,1,http://178.62.204.111/binance-login/auth.html
19,11,0,1,0,0,0,0,2,0,0,0,0.0,0,0,0,0,1,0,0,0,3.5766,0,0,0,0,https://spotify.com
64,17,27,3,2,0,1,1,5,0,0,8,0.125,0,0,0,2,0,0,1,1,4.7196,0,0,0,1,http://free-host-82.info//www.wellsfargo.com/update?token=891765
22,7,8,1,0,0,0,0,3,0,0,0,0.0,0,0,0,0,0,0,0,0,3.352,0,0,0,0,http://who.int/contact
58,14,23,4,1,0,1,1,4,0,0,20,0.3448,1,0,0,2,0,1,0,0,4.3531,0,1,0,1,http://143.209.87.183:4444/paypal/auth-portal.php?id=84002
38,10,20,1,0,0,0,0,4,0,0,0,0.0,0,0,0,1,1,0,0,0,3.9381,0,0,0,0,https://paypal.com/dashboard/analytics
24,12,4,3,0,0,0,0,3,0,0,0,0.0,0,0,1,0,1,0,0,0,3.8239,0,0,0,0,https://www.ox.ac.uk/faq
41,11,23,1,2,0,0,0,3,0,0,2,0.0488,0,1,0,0,0,0,0,0,4.4826,0,1,0,1,http://tinyurl.com/urj4WVD1-netflix-alert
40,7,26,1,2,0,0,0,3,0,0,2,0.05,0,1,0,0,0,0,0,0,4.4128,0,0,0,1,http://cutt.ly/6zTGG5wU-wellsfargo-alert
22,10,4,2,0,0,0,0,3,0,0,0,0.0,0,0,1,0,1,0,0,0,3.8454,0,0,0,0,https://www.un.org/faq
49,27,6,3,1,0,1,1,3,0,0,7,0.1429,0,0,2,2,0,0,1,0,4.6805,0,1,1,1,http://chase.com.verify-439.online/login?ref=2600
29,13,8,2,0,0,0,0,3,0,0,0,0.0,0,0,1,0,1,0,0,0,3.6764,0,0,0,0,https://api.apple.com/contact
43,14,21,1,1,0,0,0,4,0,0,6,0.1395,0,0,0,0,1,0,0,0,4.5074,0,0,0,0,https://wellsfargo.com/products/item-129481
22,6,8,1,0,0,0,0,3,0,0,0,0.0,0,0,0,0,1,0,0,0,3.9706,0,0,0,0,https://un.org/privacy
27,11,8,1,0,0,0,0,3,0,0,0,0.0,0,0,0,0,1,0,0,0,3.8525,0,0,0,0,https://twitter.com/privacy
62,43,12,2,4,0,0,0,3,0,0,2,0.0323,0,0,0,4,0,0,1,0,4.236,1,0,0,1,http://secure-micr0s0ft-security-update-center.top/signin.html
34,5,22,1,2,0,0,0,3,0,0,1,0.0294,0,1,0,0,0,0,0,0,4.4914,0,1,0,1,http://rb.gy/XbxOV3LH-amazon-alert
60,41,12,2,4,0,0,0,3,0,0,0,0.0,0,0,0,3,0,0,1,0,4.206,0,1,0,1,http://secure-apple-confirm-identity-center.live/signin.html
34,12,14,2,0,0,0,0,5,0,0,1,0.0294,0,0,1,0,1,0,0,0,3.8414,0,0,0,0,https://app.ebay.com/api/v1/status
60,13,26,4,1,0,1,1,4,0,0,19,0.3167,1,0,0,1,0,1,0,0,4.6407,0,1,0,1,http://214.216.22.80:4444/paypal/session-unlock.php?id=59095
41,13,20,1,0,0,0,0,4,0,0,0,0.0,0,0,0,0,1,0,0,0,4.1316,0,0,0,0,https://wikipedia.org/category/technology
24,10,6,1,0,0,0,0,3,0,0,0,0.0,0,0,0,0,1,0,0,0,3.7364,0,0,0,0,https://target.com/about
34,21,5,2,0,0,0,0,3,0,0,0,0.0,0,0,1,0,1,0,0,0,4.0209,0,0,0,0,https://app.stackoverflow.com/help
25,11,6,1,0,0,0,0,3,0,0,0,0.0,0,0,0,0,1,0,0,0,3.8937,0,0,0,0,https://netflix.com/terms
36,5,24,1,2,0,0,0,3,0,0,1,0.0278,0,1,0,0,0,0,0,0,4.5169,0,1,0,1,http://rb.gy/WmkF0RVP-facebook-alert
59,40,12,2,4,0,0,0,3,0,0,1,0.0169,0,0,0,3,0,0,1,0,4.2148,1,0,0,1,http://secure-paypa1-account-alert-center.click/signin.html
53,12,7,1,0,0,1,2,3,0,1,1,0.0189,0,0,0,0,1,0,0,0,4.4639,0,0,0,0,https://stanford.edu/search?q=machine+learning&page=2
63,17,26,3,2,0,1,1,5,0,0,8,0.127,0,0,0,2,0,0,1,1,4.6917,1,1,0,1,http://free-host-60.club//www.microsoft.com/update?token=264592
59,17,22,3,2,0,1,1,5,0,0,8,0.1356,0,0,0,2,0,0,1,1,4.6666,0,1,0,1,http://free-host-23.live//www.chase.com/update?token=960106
37,9,20,1,0,0,0,0,4,0,0,0,0.0,0,0,0,0,1,0,0,0,4.0033,0,0,0,0,https://adobe.com/dashboard/analytics
28,16,5,2,0,0,0,0,3,0,0,0,0.0,0,0,1,0,0,0,0,0,3.709,0,0,0,0,http://help.shopify.com/help
112,26,10,2,2,0,1,2,3,0,1,24,0.2143,0,0,0,3,0,0,1,0,4.8693,1,1,0,1,http://portal-netflix-verify.loan/index.php?token=d75f9bc858cc238dc89abd8bd7d64b8cb7e2b5dd8f151a5f&auth=required
58,36,6,3,2,0,1,1,3,0,0,7,0.1207,0,0,2,2,0,0,1,0,4.578,1,1,1,1,http://bankofamerica.com.auth-portal-375.tk/login?ref=3739
35,5,23,1,2,0,0,0,3,0,0,3,0.0857,0,1,0,0,0,0,0,0,4.3433,0,1,0,1,http://rb.gy/j2ad6r2w-netflix-alert
42,11,24,1,2,0,0,0,3,0,0,1,0.0238,0,1,0,0,0,0,0,0,4.5945,0,1,0,1,http://tinyurl.com/nCLNLEX9-facebook-alert
38,8,22,1,0,0,0,0,4,0,0,0,0.0,0,0,0,0,1,0,0,0,3.8,0,0,0,0,https://citi.com/resources/whitepapers
41,19,14,2,0,0,0,0,5,0,0,1,0.0244,0,0,1,0,1,0,0,0,4.0018,0,0,0,0,https://app.theguardian.com/api/v1/status
26,10,8,1,0,0,0,0,3,0,0,0,0.0,0,0,0,0,1,0,0,0,4.027,0,0,0,0,https://medium.com/privacy
62,40,6,3,2,0,1,1,3,0,0,7,0.1129,0,0,2,3,0,0,1,0,4.6801,0,1,1,1,http://microsoft.com.security-update-738.online/login?ref=8952
41,11,23,1,2,0,0,0,3,0,0,3,0.0732,0,1,0,0,0,0,0,0,4.4522,0,1,0,1,http://tinyurl.com/B2jc05py-netflix-alert
113,27,10,2,2,0,1,2,3,0,1,29,0.2566,0,0,0,3,0,0,1,0,5.0103,1,1,0,1,http://portal-instagram-verify.icu/index.php?token=a7b64601a56399c7da277ca28ea3bf04566b8a5b39fdb63b&auth=required
48,16,24,2,1,0,0,0,5,0,0,1,0.0208,0,0,1,0,1,0,0,0,4.2198,0,0,0,0,https://portal.quora.com/docs/v2/getting-started
36,7,21,1,1,0,0,0,4,0,0,6,0.1667,0,0,0,0,1,0,0,0,4.3156,0,0,0,0,https://irs.gov/products/item-129481
58,39,12,2,4,0,0,0,3,0,0,0,0.0,0,0,0,3,0,0,1,0,4.11,1,1,0,1,http://secure-apple-suspended-notice-center.tk/signin.html
60,38,6,3,2,0,1,1,3,0,0,7,0.1167,0,0,2,1,0,0,1,0,4.7029,0,0,1,1,http://wellsfargo.com.session-unlock-105.live/login?ref=4083
63,13,29,4,1,0,1,1,4,0,0,19,0.3016,1,0,0,1,0,1,0,0,4.8458,0,1,0,1,http://52.192.193.12:8080/facebook/billing-resolve.php?id=73236
34,5,22,1,2,0,0,0,3,0,0,1,0.0294,0,1,0,1,0,0,0,0,4.2117,0,1,0,1,http://rb.gy/lFHUjm4n-paypal-alert
25,11,6,1,0,0,0,0,3,0,0,0,0.0,0,0,0,0,1,0,0,0,3.4831,0,0,0,0,https://reuters.com/terms
58,36,6,3,2,0,1,1,3,0,0,7,0.1207,0,0,2,3,0,0,1,0,4.668,0,1,1,1,http://paypal.com.suspended-notice-654.info/login?ref=5007
61,39,6,3,2,0,1,1,3,0,0,7,0.1148,0,0,2,3,0,0,1,0,4.7745,0,0,1,1,http://wellsfargo.com.security-update-652.info/login?ref=3860
51,29,6,3,1,0,1,1,3,0,0,7,0.1373,0,0,2,2,0,0,1,0,4.7697,1,0,1,1,http://wellsfargo.com.verify-515.icu/login?ref=3079
46,16,22,2,0,0,0,0,4,0,0,0,0.0,0,0,1,0,1,0,0,0,3.8626,0,0,0,0,https://portal.twitch.tv/resources/whitepapers
51,10,7,2,0,0,1,2,3,0,1,1,0.0196,0,0,1,0,1,0,0,0,4.4708,0,0,0,0,https://my.irs.gov/search?q=machine+learning&page=2
61,17,24,3,2,0,1,1,5,0,0,8,0.1311,0,0,0,2,0,0,1,1,4.5826,1,1,0,1,http://free-host-56.work//www.netflix.com/update?token=244245
36,14,14,1,0,0,0,0,5,0,0,1,0.0278,0,0,0,0,1,0,0,0,3.9275,0,0,0,0,https://aliexpress.com/api/v1/status
52,30,6,3,2,0,1,1,3,0,0,7,0.1346,0,0,2,3,0,0,1,0,4.5125,1,1,1,1,http://paypal.com.auth-portal-893.icu/login?ref=3836
54,32,6,3,2,0,1,1,3,0,0,7,0.1296,0,0,2,2,0,0,1,0,4.5459,1,1,1,1,http://apple.com.account-alert-790.club/login?ref=7817
43,11,25,1,2,0,0,0,3,0,0,1,0.0233,0,1,0,0,0,0,0,0,4.4349,0,1,0,1,http://tinyurl.com/wKwKK8NA-microsoft-alert
45,15,22,2,0,0,0,0,4,0,0,0,0.0,0,0,1,0,1,0,0,0,3.9726,0,0,0,0,https://docs.python.org/resources/whitepapers
40,10,22,1,0,0,0,0,4,0,0,0,0.0,0,0,0,0,1,0,0,0,4.0251,0,0,0,0,https://kaggle.com/resources/whitepapers
35,7,20,1,0,0,0,0,4,0,0,0,0.0,0,0,0,0,1,0,0,0,3.9976,0,0,0,0,https://zoom.us/category/technology
58,16,22,3,2,0,1,1,5,0,0,8,0.1379,0,0,0,2,0,0,1,1,4.5028,1,1,0,1,http://free-host-44.icu//www.chase.com/update?token=665662
50,37,6,1,3,0,0,0,3,0,0,1,0.02,0,0,0,3,0,0,1,0,4.1558,0,0,0,1,http://micros0ft-security-center-support.org/login
30,14,8,1,0,0,0,0,3,0,0,0,0.0,0,0,0,0,1,0,0,0,3.7647,0,0,0,0,https://salesforce.com/contact
38,8,22,1,0,0,0,0,5,0,0,0,0.0,0,0,0,0,1,0,0,0,3.8802,0,0,0,0,https://citi.com/user/profile/settings
38,8,22,1,0,0,0,0,5,0,0,0,0.0,0,0,0,0,1,0,0,0,3.9328,0,0,0,0,https://nasa.gov/user/profile/settings
49,27,6,3,1,0,1,1,3,0,0,7,0.1429,0,0,2,2,0,0,1,0,4.803,1,1,1,1,http://amazon.com.verify-209.click/login?ref=8431
59,40,12,2,4,0,0,0,3,0,0,0,0.0,0,0,0,2,0,0,1,0,4.1225,1,1,0,1,http://secure-apple-session-unlock-center.click/signin.html
37,5,25,1,2,0,0,0,3,0,0,1,0.027,0,1,0,0,0,0,0,0,4.4455,0,1,0,1,http://rb.gy/9gFbOGwo-microsoft-alert
52,33,12,2,3,0,0,0,3,0,0,0,0.0,0,0,0,3,0,0,1,0,4.3567,1,1,0,1,http://secure-amazon-verify-center.click/signin.html
53,38,8,1,4,0,0,0,3,0,0,5,0.0943,0,0,0,3,0,0,1,0,4.5389,0,0,0,1,http://secure-banking-portal-auth-id98234.biz/session
61,17,24,3,2,0,1,1,5,0,0,8,0.1311,0,0,0,2,0,0,1,1,4.689,1,1,0,1,http://free-host-63.club//www.netflix.com/update?token=760086
54,13,25,4,1,0,1,1,4,0,0,15,0.2778,1,0,0,0,0,0,0,0,4.586,0,1,0,1,http://134.83.87.204/apple/session-unlock.php?id=60484
63,17,26,3,2,0,1,1,5,0,0,8,0.127,0,0,0,2,0,0,1,1,4.61,1,1,0,1,http://free-host-61.work//www.microsoft.com/update?token=845952
21,9,4,1,0,0,0,0,3,0,0,0,0.0,0,0,0,0,1,0,0,0,3.7849,0,0,0,0,https://quora.com/faq
43,7,29,1,2,0,0,0,3,0,0,1,0.0233,0,1,0,0,0,0,0,0,4.4876,0,1,0,1,http://cutt.ly/DuQ2QNbF-bankofamerica-alert
58,17,7,2,0,0,1,2,3,0,1,1,0.0172,0,0,1,0,1,0,0,0,4.509,0,0,0,0,https://blog.facebook.com/search?q=machine+learning&page=2
62,15,26,4,1,0,1,1,4,0,0,21,0.3387,1,0,0,1,0,1,0,0,4.3934,0,1,0,1,http://178.228.151.175:8888/instagram/auth-portal.php?id=28276
41,9,24,1,1,0,0,0,5,0,0,1,0.0244,0,0,0,0,1,0,0,0,4.0555,0,0,0,0,https://vimeo.com/docs/v2/getting-started
49,18,24,2,1,0,0,0,5,0,0,1,0.0204,0,0,1,0,0,0,0,0,4.2395,0,0,0,0,http://blog.wikipedia.org/docs/v2/getting-started
112,26,10,2,2,0,1,2,3,0,1,28,0.25,0,0,0,4,0,0,1,0,4.924,1,1,0,1,http://portal-paypal-verify.click/index.php?token=bbddbda02458190e629c6fee2919197f97b1e2e8354ebaa2&auth=required
35,6,22,1,2,0,0,0,3,0,0,2,0.0571,0,1,0,0,0,0,0,0,4.2861,0,1,0,1,http://bit.ly/8vO8vsHk-google-alert
60,38,6,3,2,0,1,1,3,0,0,7,0.1167,0,0,2,1,0,0,1,0,4.7631,1,0,1,1,http://wellsfargo.com.session-unlock-199.buzz/login?ref=1462
59,16,23,3,2,0,1,1,5,0,0,8,0.1356,0,0,0,2,0,0,1,1,4.6711,1,1,0,1,http://free-host-28.icu//www.amazon.com/update?token=805596
53,21,24,2,1,0,0,0,5,0,0,1,0.0189,0,0,1,0,1,0,0,0,4.209,0,0,0,0,https://developer.mozilla.org/docs/v2/getting-started
39,11,20,1,0,0,0,0,4,0,0,0,0.0,0,0,0,0,1,0,0,0,4.1891,0,0,0,0,https://netflix.com/dashboard/analytics
35,7,20,1,0,0,0,0,4,0,0,0,0.0,0,0,0,0,1,0,0,0,3.8506,0,0,0,0,https://cnn.com/category/technology
27,14,5,2,0,0,0,0,3,0,0,0,0.0,0,0,1,0,1,0,0,0,3.4723,0,0,0,0,https://help.apple.com/help
28,15,6,2,0,0,0,0,3,0,0,0,0.0,0,0,1,0,0,0,0,0,3.8249,0,0,0,0,http://www.youtube.com/terms
111,25,10,2,2,0,1,2,3,0,1,29,0.2613,0,0,0,4,0,0,1,0,4.9601,1,1,0,1,http://portal-paypal-verify.buzz/index.php?token=9b2ffeffcb6489202b958eb4e0f4319d426e2ef5a787a169&auth=required
20,12,0,2,0,0,0,0,2,0,0,0,0.0,0,0,1,0,1,0,0,0,3.6842,0,0,0,0,https://blog.zoom.us
37,9,20,1,0,0,0,0,4,0,0,0,0.0,0,0,0,0,1,0,0,0,4.0777,0,0,0,0,https://quora.com/dashboard/analytics
60,17,23,3,2,0,1,1,5,0,0,8,0.1333,0,0,0,2,0,0,1,1,4.7078,1,1,0,1,http://free-host-89.buzz//www.google.com/update?token=189452
64,15,33,4,1,0,1,1,4,0,0,17,0.2656,1,0,0,0,0,0,0,0,4.8119,0,1,0,1,http://174.163.170.195/bankofamerica/session-unlock.php?id=11838
60,12,27,4,1,0,1,1,4,0,0,18,0.3,1,0,0,1,0,1,0,0,4.5855,0,1,0,1,http://85.27.34.247:3000/chase/suspended-notice.php?id=16172
37,5,25,1,2,0,0,0,3,0,0,0,0.0,0,1,0,0,0,0,0,0,4.4455,0,1,0,1,http://rb.gy/jLKonHma-microsoft-alert
61,42,12,2,4,0,0,0,3,0,0,0,0.0,0,0,0,3,0,0,1,0,4.1233,1,1,0,1,http://secure-instagram-account-alert-center.club/signin.html
60,41,12,2,4,0,0,0,3,0,0,0,0.0,0,0,0,3,0,0,1,0,4.1559,0,1,0,1,http://secure-chase-confirm-identity-center.info/signin.html
41,11,23,1,2,0,0,0,3,0,0,2,0.0488,0,1,0,0,0,0,0,0,4.3178,0,1,0,1,http://tinyurl.com/sufis6n7-netflix-alert
117,31,10,2,2,0,1,2,3,0,1,28,0.2393,0,0,0,3,0,0,1,0,5.0034,1,1,0,1,http://portal-bankofamerica-verify.xyz/index.php?token=667cd951ed6f1a096fc8d4abedb6b11681b75f90db2312c4&auth=required
60,38,6,3,2,0,1,1,3,0,0,7,0.1167,0,0,2,2,0,0,1,0,4.7903,1,1,1,1,http://facebook.com.suspended-notice-542.buzz/login?ref=1731
42,12,22,1,0,0,0,0,5,0,0,0,0.0,0,0,0,0,1,0,0,0,4.0503,0,0,0,0,https://linkedin.com/user/profile/settings
55,13,26,4,1,0,1,1,4,0,0,15,0.2727,1,0,0,1,0,0,0,0,4.6426,0,1,0,1,http://145.221.36.33/paypal/session-unlock.php?id=40128
60,17,23,3,2,0,1,1,5,0,0,8,0.1333,0,0,0,2,0,0,1,1,4.6427,0,1,0,1,http://free-host-57.info//www.google.com/update?token=681919
56,12,23,4,1,0,1,1,4,0,0,18,0.3214,1,0,0,2,0,1,0,0,4.2317,0,1,0,1,http://56.20.53.116:3000/paypal/auth-portal.php?id=55650
110,24,10,2,2,0,1,2,3,0,1,36,0.3273,0,0,0,3,0,0,1,0,4.9642,0,1,0,1,http://portal-chase-verify.live/index.php?token=e24821689504ab32a56941491458b849c713d3a6a2a62a6f&auth=required
37,6,24,1,2,0,0,0,3,0,0,1,0.027,0,1,0,0,0,0,0,0,4.3374,0,1,0,1,http://bit.ly/Kby6aXIM-facebook-alert
52,38,7,1,4,0,0,0,3,0,0,0,0.0,0,0,0,3,0,0,1,0,4.2021,0,0,0,1,http://verify-my-account-status-urgent.online/reauth
114,28,10,2,2,0,1,2,3,0,1,35,0.307,0,0,0,3,0,0,1,0,5.0156,1,1,0,1,http://portal-microsoft-verify.club/index.php?token=7159503bde3f688ce69ab28062a02c01651377695f86fe67&auth=required
39,9,22,1,0,0,0,0,4,0,0,0,0.0,0,0,0,0,1,0,0,0,3.7727,0,0,0,0,https://chase.com/resources/whitepapers
66,47,12,2,4,0,0,0,3,0,0,0,0.0,0,0,0,2,0,0,1,0,4.3413,1,1,0,1,http://secure-bankofamerica-session-unlock-center.buzz/signin.html
22,8,6,1,0,0,0,0,3,0,0,0,0.0,0,0,0,0,1,0,0,0,3.7544,0,0,0,0,https://ebay.com/about
64,45,12,2,4,0,0,0,3,0,0,2,0.0312,0,0,0,3,0,0,1,0,4.2406,1,0,0,1,http://secure-micr0s0ft-billing-resolve-center.click/signin.html
42,6,29,1,2,0,0,0,3,0,0,1,0.0238,0,1,0,0,0,0,0,0,4.5648,0,1,0,1,http://bit.ly/v4ZgTAoH-bankofamerica-alert
27,11,8,1,0,0,0,0,3,0,0,0,0.0,0,0,0,0,1,0,0,0,4.1805,0,0,0,0,https://netflix.com/privacy
34,18,8,2,0,0,0,0,3,0,0,0,0.0,0,0,1,0,1,0,0,0,4.1607,0,0,0,0,https://app.wellsfargo.com/privacy
41,12,21,3,1,0,0,0,4,0,0,6,0.1463,0,0,1,0,1,0,0,0,4.3635,0,0,0,0,https://app.ox.ac.uk/products/item-129481
37,8,21,1,0,0,0,0,6,0,0,6,0.1622,0,0,0,0,1,0,0,0,4.2089,0,0,0,0,https://pypi.org/news/2026/08/article
67,48,12,2,4,0,0,0,3,0,0,0,0.0,0,0,0,3,0,0,1,0,4.3899,1,1,0,1,http://secure-bankofamerica-confirm-identity-center.xyz/signin.html
54,13,7,2,0,0,1,2,3,0,1,1,0.0185,0,0,1,0,1,0,0,0,4.419,0,0,0,0,https://app.adobe.com/search?q=machine+learning&page=2
65,13,31,4,1,0,1,1,4,0,0,19,0.2923,1,0,0,1,0,1,0,0,4.5478,0,1,0,1,http://91.51.128.179:8888/microsoft/confirm-identity.php?id=85641
56,34,6,3,2,0,1,1,3,0,0,7,0.125,0,0,2,3,0,0,1,0,4.6685,1,1,1,1,http://apple.com.security-update-588.loan/login?ref=7536
36,5,24,1,2,0,0,0,3,0,0,0,0.0,0,1,0,0,0,0,0,0,4.5724,0,1,0,1,http://rb.gy/LAUTNDSq-facebook-alert
43,11,24,1,1,0,0,0,5,0,0,1,0.0233,0,0,0,0,1,0,0,0,3.9926,0,0,0,0,https://twitter.com/docs/v2/getting-started
62,40,6,3,2,0,1,1,3,0,0,7,0.1129,0,0,2,2,0,0,1,0,4.5129,0,1,1,1,http://instagram.com.billing-resolve-764.online/login?ref=9767
54,13,7,2,0,0,1,2,3,0,1,1,0.0185,0,0,1,0,1,0,0,0,4.4069,0,0,0,0,https://api.quora.com/search?q=machine+learning&page=2
28,14,6,2,0,0,0,0,3,0,0,0,0.0,0,0,1,0,1,0,0,0,3.9947,0,0,0,0,https://dev.github.com/terms
38,10,20,1,0,0,0,0,4,0,0,0,0.0,0,0,0,0,1,0,0,0,4.0831,0,0,0,0,https://medium.com/category/technology
56,34,6,3,2,0,1,1,3,0,0,7,0.125,0,0,2,1,0,0,1,0,4.7112,1,1,1,1,http://amazon.com.session-unlock-515.club/login?ref=4868
112,26,10,2,2,0,1,2,3,0,1,29,0.2589,0,0,0,3,0,0,1,0,4.9182,1,1,0,1,http://portal-microsoft-verify.tk/index.php?token=333239c2b2f79bc26b1e5c03ce3d77a17ac9e52d2ef9873b&auth=required
111,25,10,2,2,0,1,2,3,0,1,30,0.2703,0,0,0,3,0,0,1,0,4.9194,0,1,0,1,http://portal-google-verify.info/index.php?token=31dd34b468fd80332a33e6c15aa3774f3fe301e463cc2df9&auth=required
35,6,22,1,2,0,0,0,3,0,0,1,0.0286,0,1,0,0,0,0,0,0,4.2861,0,1,0,1,http://bit.ly/yMxrJ4VE-google-alert
19,10,1,1,0,0,0,0,3,0,0,0,0.0,0,0,0,1,1,0,0,0,3.5369,0,0,0,0,https://paypal.com/
34,12,14,2,0,0,0,0,5,0,0,1,0.0294,0,0,1,0,1,0,0,0,3.8307,0,0,0,0,https://dev.citi.com/api/v1/status
52,30,6,3,1,0,1,1,3,0,0,7,0.1346,0,0,2,2,0,0,1,0,4.7527,1,0,1,1,http://wellsfargo.com.verify-777.club/login?ref=6542
31,9,14,1,0,0,0,0,5,0,0,1,0.0323,0,0,0,0,1,0,0,0,3.8213,0,0,0,0,https://quora.com/api/v1/status
17,8,1,1,0,0,0,0,3,0,0,0,0.0,0,0,0,0,1,0,0,0,3.4548,0,0,0,0,https://nasa.gov/
26,11,8,1,0,0,0,0,3,0,0,0,0.0,0,0,0,0,0,0,0,0,3.6574,0,0,0,0,http://nytimes.com/contact
46,17,21,1,1,0,0,0,4,0,0,6,0.1304,0,0,0,0,1,0,0,0,4.4992,0,0,0,0,https://stackoverflow.com/products/item-129481
58,36,6,3,2,0,1,1,3,0,0,7,0.1207,0,0,2,2,0,0,1,0,4.7159,1,1,1,1,http://facebook.com.suspended-notice-909.tk/login?ref=8416
67,15,31,4,1,0,1,1,4,0,0,21,0.3134,1,0,0,1,0,1,0,0,4.7192,0,0,0,1,http://110.178.174.120:8080/wellsfargo/billing-resolve.php?id=34987
51,10,7,1,0,0,1,2,3,0,1,1,0.0196,0,0,0,0,1,0,0,0,4.3679,0,0,0,0,https://amazon.com/search?q=machine+learning&page=2
67,17,30,3,2,0,1,1,5,0,0,8,0.1194,0,0,0,2,0,0,1,1,4.7789,0,1,0,1,http://free-host-72.live//www.bankofamerica.com/update?token=501238
110,24,10,2,2,0,1,2,3,0,1,30,0.2727,0,0,0,3,0,0,1,0,4.9064,1,1,0,1,http://portal-apple-verify.club/index.php?token=3ae747a730bf93f4cd72537f3a99bf81ad4ba344630b69d8&auth=required
58,36,6,3,2,0,1,1,3,0,0,7,0.1207,0,0,2,3,0,0,1,0,4.7929,1,1,1,1,http://paypal.com.suspended-notice-654.buzz/login?ref=6150
59,37,6,3,2,0,1,1,3,0,0,7,0.1186,0,0,2,2,0,0,1,0,4.6066,1,1,1,1,http://instagram.com.billing-resolve-255.top/login?ref=1956
28,14,6,2,0,0,0,0,3,0,0,0,0.0,0,0,1,0,1,0,0,0,3.8693,0,0,0,0,https://app.kaggle.com/terms
17,9,0,1,0,0,0,0,2,0,0,0,0.0,0,0,0,0,1,0,0,0,3.6169,0,0,0,0,https://vimeo.com
21,13,0,1,0,0,0,0,2,0,0,0,0.0,0,0,0,0,1,0,0,0,3.8802,0,0,0,0,https://wikipedia.org
28,15,6,2,0,0,0,0,3,0,0,0,0.0,0,0,1,0,0,0,0,0,4.1375,0,0,0,0,http://dev.netflix.com/about
40,11,21,1,1,0,0,0,4,0,0,6,0.15,0,0,0,0,1,0,0,0,4.2751,0,0,0,0,https://spotify.com/products/item-129481
37,21,8,2,0,0,0,0,3,0,0,0,0.0,0,0,1,0,1,0,0,0,4.0192,0,0,0,0,https://portal.salesforce.com/privacy
64,14,34,4,1,0,1,1,4,0,0,16,0.25,1,0,0,2,0,0,0,0,4.7577,0,1,0,1,http://35.200.204.226/bankofamerica/security-update.php?id=97360
114,28,10,2,2,0,1,2,3,0,1,28,0.2456,0,0,0,3,0,0,1,0,4.8902,1,1,0,1,http://portal-microsoft-verify.loan/index.php?token=7de2eb697776b68f959fdae8abb16cc2e776c3c79ab78589&auth=required
50,18,24,2,1,0,0,0,5,0,0,1,0.02,0,0,1,0,1,0,0,0,4.2411,0,0,0,0,https://blog.wikipedia.org/docs/v2/getting-started
60,38,6,3,2,0,1,1,3,0,0,7,0.1167,0,0,2,2,0,0,1,0,4.6444,0,1,1,1,http://bankofamerica.com.auth-portal-572.info/login?ref=9716
46,17,21,2,0,0,0,0,6,0,0,6,0.1304,0,0,1,0,1,0,0,0,4.4144,0,0,0,0,https://blog.stanford.edu/news/2026/08/article
45,13,24,1,1,0,0,0,5,0,0,1,0.0222,0,0,0,0,1,0,0,0,4.0693,0,0,0,0,https://microsoft.com/docs/v2/getting-started
33,11,14,1,0,0,0,0,5,0,0,1,0.0303,0,0,0,0,1,0,0,0,3.7724,0,0,0,0,https://spotify.com/api/v1/status
15,7,0,1,0,0,0,0,2,0,0,0,0.0,0,0,0,0,1,0,0,0,3.3736,0,0,0,0,https://bbc.com
63,17,26,3,2,0,1,1,5,0,0,8,0.127,0,0,0,2,0,0,1,1,4.8005,1,1,0,1,http://free-host-15.club//www.instagram.com/update?token=238736
58,14,28,4,1,0,1,1,4,0,0,16,0.2759,1,0,0,2,0,0,0,0,4.6318,0,1,0,1,http://183.197.125.93/paypal/confirm-identity.php?id=34524
18,10,0,1,0,0,0,0,2,0,0,0,0.0,0,0,0,0,1,0,0,0,3.6144,0,0,0,0,https://amazon.com
23,7,8,1,0,0,0,0,3,0,0,0,0.0,0,0,0,0,1,0,0,0,3.8492,0,0,0,0,https://cnn.com/privacy
109,23,10,2,2,0,1,2,3,0,1,24,0.2202,0,0,0,3,0,0,1,0,4.8041,1,1,0,1,http://portal-apple-verify.top/index.php?token=12a315b578df8c6efe1e1bfe1be54fab0ebec8ec53608f07&auth=required
53,13,19,4,0,0,1,1,4,0,0,19,0.3585,1,0,0,1,0,1,0,0,4.5859,0,1,0,1,http://26.245.98.132:8080/netflix/verify.php?id=93644
63,17,26,3,2,0,1,1,5,0,0,8,0.127,0,0,0,2,0,0,1,1,4.7354,1,1,0,1,http://free-host-70.buzz//www.microsoft.com/update?token=123529
29,15,6,2,0,0,0,0,3,0,0,0,0.0,0,0,1,1,1,0,0,0,3.9952,0,0,0,0,https://login.apple.com/about
25,11,6,1,0,0,0,0,3,0,0,0,0.0,0,0,0,0,1,0,0,0,3.6733,0,0,0,0,https://youtube.com/about
21,9,4,2,0,0,0,0,3,0,0,0,0.0,0,0,0,0,1,0,0,0,3.6538,0,0,0,0,https://cam.ac.uk/faq
62,17,25,3,2,0,1,1,5,0,0,8,0.129,0,0,0,2,0,0,1,1,4.6541,0,1,0,1,http://free-host-78.info//www.facebook.com/update?token=931547
43,14,21,1,1,0,0,0,4,0,0,6,0.1395,0,0,0,0,1,0,0,0,4.4144,0,0,0,0,https://cloudflare.com/products/item-129481
43,13,22,2,0,0,0,0,5,0,0,0,0.0,0,0,1,0,1,0,0,0,4.0605,0,0,0,0,https://my.reddit.com/user/profile/settings
22,8,6,1,0,0,0,0,3,0,0,0,0.0,0,0,0,0,1,0,0,0,3.6292,0,0,0,0,https://nasa.gov/about
21,8,5,1,0,0,0,0,3,0,0,0,0.0,0,0,0,0,1,0,0,0,3.5585,0,0,0,0,https://citi.com/help
61,15,26,3,2,0,1,1,5,0,0,8,0.1311,0,0,0,2,0,0,1,1,4.5023,1,1,0,1,http://free-host-52.tk//www.microsoft.com/update?token=427454
56,13,27,4,1,0,1,1,4,0,0,15,0.2679,1,0,0,1,0,0,0,0,4.6241,0,0,0,1,http://21.143.207.30/wellsfargo/auth-portal.php?id=99822
57,38,12,2,4,0,0,0,3,0,0,1,0.0175,0,0,0,3,0,0,1,0,4.2233,1,0,0,1,http://secure-chas3-account-alert-center.work/signin.html
16,9,0,1,0,0,0,0,2,0,0,0,0.0,0,0,0,0,0,0,0,0,3.4528,0,0,0,0,http://apple.com
66,47,12,2,4,0,0,0,3,0,0,0,0.0,0,0,0,3,0,0,1,0,4.0899,0,1,0,1,http://secure-instagram-suspended-notice-center.online/signin.html
115,29,10,2,2,0,1,2,3,0,1,23,0.2,0,0,0,3,0,0,1,0,4.9163,1,1,0,1,http://portal-microsoft-verify.click/index.php?token=decbb9a270f940f7d7d8eeff2519abecd738a1e2731eafc8&auth=required
44,12,24,3,1,0,0,0,5,0,0,1,0.0227,0,0,1,0,1,0,0,0,4.1835,0,0,0,0,https://app.ox.ac.uk/docs/v2/getting-started
24,10,6,1,0,0,0,0,3,0,0,0,0.0,0,0,0,0,1,0,0,0,3.6573,0,0,0,0,https://google.com/terms
39,7,25,1,2,0,0,0,3,0,0,2,0.0513,0,1,0,0,0,0,0,0,4.3875,0,1,0,1,http://cutt.ly/MF3c2jAs-microsoft-alert
34,5,22,1,2,0,0,0,3,0,0,0,0.0,0,1,0,1,0,0,0,0,4.2928,0,1,0,1,http://rb.gy/uAJHiFIj-paypal-alert
57,35,6,3,2,0,1,1,3,0,0,7,0.1228,0,0,2,2,0,0,1,0,4.6289,1,1,1,1,http://amazon.com.suspended-notice-182.top/login?ref=6202
24,15,1,2,0,0,0,0,3,0,0,0,0.0,0,0,1,0,1,0,0,0,3.6573,0,0,0,0,https://docs.python.org/
64,13,35,4,1,0,1,1,4,0,0,15,0.2344,1,0,0,1,0,0,0,0,4.7105,0,1,0,1,http://116.95.189.33/bankofamerica/suspended-notice.php?id=65431
35,13,14,2,0,0,0,0,5,0,0,1,0.0286,0,0,1,1,1,0,0,0,3.8402,0,0,0,0,https://login.nih.gov/api/v1/status
55,33,6,3,2,0,1,1,3,0,0,7,0.1273,0,0,2,2,0,0,1,0,4.6719,1,1,1,1,http://chase.com.billing-resolve-507.top/login?ref=4958
62,18,24,3,2,0,1,1,5,0,0,8,0.129,0,0,0,2,0,0,1,1,4.6541,1,0,0,1,http://free-host-87.click//www.binance.com/update?token=529858
38,8,22,2,0,0,0,0,5,0,0,0,0.0,0,0,0,0,1,0,0,0,4.0804,0,0,0,0,https://ox.ac.uk/user/profile/settings
47,15,24,2,1,0,0,0,5,0,0,1,0.0213,0,0,1,0,1,0,0,0,4.0488,0,0,0,0,https://docs.python.org/docs/v2/getting-started
64,18,26,3,2,0,1,1,5,0,0,8,0.125,0,0,0,2,0,0,1,1,4.6525,1,1,0,1,http://free-host-10.click//www.microsoft.com/update?token=394312
22,8,6,2,0,0,0,0,3,0,0,0,0.0,0,0,0,0,1,0,0,0,3.6635,0,0,0,0,https://ox.ac.uk/about
110,24,10,2,2,0,1,2,3,0,1,34,0.3091,0,0,0,3,0,0,1,0,5.0688,1,1,0,1,http://portal-google-verify.xyz/index.php?token=3c43a198c80f4d2085047b2b908f73c70b6ed285e043c574&auth=required
110,24,10,2,2,0,1,2,3,0,1,36,0.3273,0,0,0,3,0,0,1,0,5.0059,1,1,0,1,http://portal-amazon-verify.icu/index.php?token=3506be5237525ba99536e5eb54984509f370fd343872ca91&auth=required
40,10,22,2,0,0,0,0,4,0,0,0,0.0,0,0,1,0,1,0,0,0,4.0964,0,0,0,0,https://my.nih.gov/resources/whitepapers
111,25,10,2,2,0,1,2,3,0,1,36,0.3243,0,0,0,3,0,0,1,0,4.9497,1,0,0,1,http://portal-binance-verify.icu/index.php?token=0f0f18ee897090739d1b3c5e75ac63d08a84444132067037&auth=required
58,36,6,3,2,0,1,1,3,0,0,7,0.1207,0,0,2,3,0,0,1,0,4.6849,1,1,1,1,http://microsoft.com.security-update-848.tk/login?ref=2660
53,12,7,1,0,0,1,2,3,0,1,1,0.0189,0,0,0,0,1,0,0,0,4.4169,0,0,0,0,https://linkedin.com/search?q=machine+learning&page=2
66,16,30,3,2,0,1,1,5,0,0,8,0.1212,0,0,0,2,0,0,1,1,4.6528,1,1,0,1,http://free-host-44.icu//www.bankofamerica.com/update?token=148929
60,38,6,3,2,0,1,1,3,0,0,7,0.1167,0,0,2,2,0,0,1,0,4.5668,1,1,1,1,http://microsoft.com.suspended-notice-124.top/login?ref=7768
36,6,22,1,0,0,0,0,4,0,0,0,0.0,0,0,0,0,1,0,0,0,3.8502,0,0,0,0,https://un.org/resources/whitepapers
63,18,25,3,2,0,1,1,5,0,0,8,0.127,0,0,0,2,0,0,1,1,4.6328,1,1,0,1,http://free-host-33.click//www.facebook.com/update?token=512102
50,31,12,2,3,0,0,0,3,0,0,0,0.0,0,0,0,3,0,0,1,0,4.1602,0,1,0,1,http://secure-apple-verify-center.live/signin.html
59,17,22,3,2,0,1,1,5,0,0,8,0.1356,0,0,0,2,0,0,1,1,4.6988,1,1,0,1,http://free-host-97.buzz//www.chase.com/update?token=584042
61,42,12,2,4,0,0,0,3,0,0,0,0.0,0,0,0,2,0,0,1,0,4.3079,1,1,0,1,http://secure-facebook-session-unlock-center.buzz/signin.html
58,15,23,3,2,0,1,1,5,0,0,8,0.1379,0,0,0,3,0,0,1,1,4.4763,1,1,0,1,http://free-host-24.tk//www.paypal.com/update?token=722724
39,7,25,1,2,0,0,0,3,0,0,2,0.0513,0,1,0,0,0,0,0,0,4.3875,0,1,0,1,http://cutt.ly/34sokCyZ-instagram-alert
111,25,10,2,2,0,1,2,3,0,1,32,0.2883,0,0,0,4,0,0,1,0,4.9165,1,1,0,1,http://portal-paypal-verify.loan/index.php?token=2a7c1313510334769141d952ebe7b9aee59f9ee466d7b86d&auth=required
51,32,12,2,3,0,0,0,3,0,0,1,0.0196,0,0,0,3,0,0,1,0,4.4592,1,0,0,1,http://secure-amaz0n-verify-center.work/signin.html
59,37,6,3,2,0,1,1,3,0,0,7,0.1186,0,0,2,3,0,0,1,0,4.7955,1,1,1,1,http://instagram.com.security-update-946.xyz/login?ref=7459
20,7,5,1,0,0,0,0,3,0,0,0,0.0,0,0,0,0,1,0,0,0,3.6842,0,0,0,0,https://irs.gov/help
33,11,14,1,0,0,0,0,5,0,0,1,0.0303,0,0,0,0,1,0,0,0,3.8331,0,0,0,0,https://walmart.com/api/v1/status
50,9,7,2,0,0,1,2,3,0,1,1,0.02,0,0,0,0,1,0,0,0,4.3684,0,0,0,0,https://cam.ac.uk/search?q=machine+learning&page=2
59,14,29,4,1,0,1,1,4,0,0,16,0.2712,1,0,0,1,0,0,0,0,4.6661,0,0,0,1,http://163.14.198.133/wellsfargo/account-alert.php?id=86449
60,18,22,3,2,0,1,1,5,0,0,8,0.1333,0,0,0,2,0,0,1,1,4.6761,1,1,0,1,http://free-host-97.click//www.chase.com/update?token=801835
36,7,22,1,2,0,0,0,3,0,0,0,0.0,0,1,0,0,0,0,0,0,4.107,0,1,0,1,http://cutt.ly/earhQtUg-amazon-alert
56,34,6,3,2,0,1,1,3,0,0,7,0.125,0,0,2,3,0,0,1,0,4.7669,1,1,1,1,http://chase.com.security-update-718.club/login?ref=3519
53,31,6,3,2,0,1,1,3,0,0,7,0.1321,0,0,2,2,0,0,1,0,4.5481,0,1,1,1,http://google.com.auth-portal-473.info/login?ref=5402
55,33,6,3,2,0,1,1,3,0,0,7,0.1273,0,0,2,1,0,0,1,0,4.4278,1,1,1,1,http://google.com.session-unlock-362.top/login?ref=3266
43,14,21,2,0,0,0,0,6,0,0,6,0.1395,0,0,1,0,1,0,0,0,4.2398,0,0,0,0,https://aws.amazon.com/news/2026/08/article
26,12,6,2,0,0,0,0,3,0,0,0,0.0,0,0,1,0,1,0,0,0,3.8441,0,0,0,0,https://my.adobe.com/terms
60,16,24,3,2,0,1,1,5,0,0,8,0.1333,0,0,0,2,0,0,1,1,4.6444,1,0,0,1,http://free-host-44.top//www.binance.com/update?token=158936
111,25,10,2,2,0,1,2,3,0,1,33,0.2973,0,0,0,4,0,0,1,0,4.9705,1,1,0,1,http://portal-paypal-verify.buzz/index.php?token=887b5fa149a1bc6175f5dd284656a33410f71a07aa81b658&auth=required
58,16,22,3,2,0,1,1,5,0,0,8,0.1379,0,0,0,2,0,0,1,1,4.6882,1,1,0,1,http://free-host-33.xyz//www.chase.com/update?token=544216
37,16,14,2,0,0,0,0,5,0,0,1,0.027,0,0,1,0,0,0,0,0,4.0777,0,0,0,0,http://blog.shopify.com/api/v1/status
24,16,0,2,0,0,0,0,2,0,0,0,0.0,0,0,1,0,1,0,0,0,3.8554,0,0,0,0,https://mail.nytimes.com
117,31,10,2,2,0,1,2,3,0,1,35,0.2991,0,0,0,3,0,0,1,0,4.8552,1,1,0,1,http://portal-bankofamerica-verify.top/index.php?token=a171141c176aa4080cd8677ef782b874444412199ac6a99a&auth=required
59,17,22,3,2,0,1,1,5,0,0,8,0.1356,0,0,0,2,0,0,1,1,4.5971,1,1,0,1,http://free-host-12.loan//www.chase.com/update?token=357500
63,44,12,2,4,0,0,0,3,0,0,0,0.0,0,0,0,2,0,0,1,0,4.2186,0,0,0,1,http://secure-wellsfargo-session-unlock-center.info/signin.html
61,42,12,2,4,0,0,0,3,0,0,1,0.0164,0,0,0,4,0,0,1,0,4.3423,1,0,0,1,http://secure-binanc3-security-update-center.work/signin.html
67,15,31,4,1,0,1,1,4,0,0,21,0.3134,1,0,0,1,0,1,0,0,4.503,0,1,0,1,http://130.109.106.190:3000/microsoft/confirm-identity.php?id=28802
41,11,22,1,0,0,0,0,4,0,0,0,0.0,0,0,0,0,1,0,0,0,3.7116,0,0,0,0,https://reuters.com/resources/whitepapers
28,12,8,1,0,0,0,0,3,0,0,0,0.0,0,0,0,0,1,0,0,0,3.8693,0,0,0,0,https://linkedin.com/contact
35,7,20,1,0,0,0,0,4,0,0,0,0.0,0,0,0,0,1,0,0,0,3.9293,0,0,0,0,https://bbc.com/category/technology
39,10,21,2,0,0,0,0,6,0,0,6,0.1538,0,0,1,0,1,0,0,0,4.2143,0,0,0,0,https://my.cnn.com/news/2026/08/article
40,11,21,1,1,0,0,0,4,0,0,6,0.15,0,0,0,0,1,0,0,0,4.2939,0,0,0,0,https://nytimes.com/products/item-129481
25,11,6,1,0,0,0,0,3,0,0,0,0.0,0,0,0,0,1,0,0,0,3.5133,0,0,0,0,https://twitter.com/terms
42,14,20,1,0,0,0,0,4,0,0,0,0.0,0,0,0,0,1,0,0,0,4.1509,0,0,0,0,https://cloudflare.com/dashboard/analytics
43,14,21,2,0,0,0,0,6,0,0,6,0.1395,0,0,1,0,1,0,0,0,4.1871,0,0,0,0,https://mail.chase.com/news/2026/08/article
27,13,6,1,0,0,0,0,3,0,0,0,0.0,0,0,0,0,1,0,0,0,3.606,0,0,0,0,https://microsoft.com/terms
59,37,6,3,2,0,1,1,3,0,0,7,0.1186,0,0,2,2,0,0,1,0,4.4421,0,1,1,1,http://netflix.com.confirm-identity-873.info/login?ref=5387
44,16,20,2,0,0,0,0,4,0,0,0,0.0,0,0,1,0,1,0,0,0,4.036,0,0,0,0,https://mail.nytimes.com/category/technology
66,44,15,6,1,0,0,0,4,0,0,0,0.0,0,0,5,6,0,0,0,0,4.4118,1,0,0,1,http://secure.account.update.verify.auth.portal.xyz/cgi-bin/webscr
112,26,10,2,2,0,1,2,3,0,1,35,0.3125,0,0,0,3,0,0,1,0,4.921,1,1,0,1,http://portal-facebook-verify.top/index.php?token=09a2c90594375a995306b0c1427c382458ac939b2a9ec5a6&auth=required
38,11,20,1,0,0,0,0,4,0,0,0,0.0,0,0,0,0,0,0,0,0,4.0702,0,0,0,0,http://nytimes.com/dashboard/analytics
21,7,6,1,0,0,0,0,3,0,0,0,0.0,0,0,0,0,1,0,0,0,3.749,0,0,0,0,https://nih.gov/about
61,14,31,4,1,0,1,1,4,0,0,16,0.2623,1,0,0,1,0,0,0,0,4.6514,0,1,0,1,http://197.183.80.217/instagram/suspended-notice.php?id=94279
59,44,8,4,1,0,0,0,3,0,0,0,0.0,0,0,3,3,0,0,1,0,4.2318,1,1,1,1,http://accounts.google.com.security-checkpoint.work/service
37,5,25,1,2,0,0,0,3,0,0,1,0.027,0,1,0,0,0,0,0,0,4.4659,0,1,0,1,http://rb.gy/SSume4nE-microsoft-alert
59,15,24,3,2,0,1,1,5,0,0,8,0.1356,0,0,0,2,0,0,1,1,4.6199,1,0,0,1,http://free-host-51.tk//www.binance.com/update?token=282027
110,24,10,2,2,0,1,2,3,0,1,23,0.2091,0,0,0,3,0,0,1,0,4.8565,1,1,0,1,http://portal-google-verify.icu/index.php?token=dae6176f426dee5a11f4cd06bff7a7a5eec32df5ccf236d4&auth=required
57,35,6,3,2,0,1,1,3,0,0,7,0.1228,0,0,2,2,0,0,1,0,4.664,1,1,1,1,http://apple.com.suspended-notice-875.loan/login?ref=2614
41,12,22,1,0,0,0,0,5,0,0,0,0.0,0,0,0,0,0,0,0,0,3.9435,0,0,0,0,http://stanford.edu/user/profile/settings
40,10,22,1,0,0,0,0,5,0,0,0,0.0,0,0,0,0,1,0,0,0,3.9537,0,0,0,0,https://reddit.com/user/profile/settings
43,11,24,1,1,0,0,0,5,0,0,1,0.0233,0,0,0,0,1,0,0,0,4.1236,0,0,0,0,https://spotify.com/docs/v2/getting-started
23,10,5,1,0,0,0,0,3,0,0,0,0.0,0,0,0,0,1,0,0,0,3.5884,0,0,0,0,https://google.com/help
41,11,22,1,0,0,0,0,5,0,0,0,0.0,0,0,0,0,1,0,0,0,3.8347,0,0,0,0,https://reuters.com/user/profile/settings
35,13,14,1,0,0,0,0,5,0,0,1,0.0286,0,0,0,0,1,0,0,0,3.8157,0,0,0,0,https://microsoft.com/api/v1/status
63,17,26,3,2,0,1,1,5,0,0,8,0.127,0,0,0,2,0,0,1,1,4.7036,1,1,0,1,http://free-host-69.buzz//www.microsoft.com/update?token=459376
15,7,0,1,0,0,0,0,2,0,0,0,0.0,0,0,0,0,1,0,0,0,3.5069,0,0,0,0,https://irs.gov
36,6,23,1,2,0,0,0,3,0,0,0,0.0,0,1,0,0,0,0,0,0,4.3712,0,0,0,1,http://bit.ly/xzJQwYZz-binance-alert
29,13,8,1,0,0,0,0,3,0,0,0,0.0,0,0,0,0,1,0,0,0,3.8573,0,0,0,0,https://microsoft.com/privacy
45,15,22,2,0,0,0,0,4,0,0,0,0.0,0,0,1,1,1,0,0,0,4.1001,0,0,0,0,https://login.vimeo.com/resources/whitepapers
35,7,21,1,2,0,0,0,3,0,0,1,0.0286,0,1,0,0,0,0,0,0,4.3189,0,1,0,1,http://cutt.ly/IoVzd6OY-chase-alert
61,42,12,2,4,0,0,0,3,0,0,0,0.0,0,0,0,2,0,0,1,0,4.1045,1,0,0,1,http://secure-binance-session-unlock-center.click/signin.html
61,42,12,2,4,0,0,0,3,0,0,0,0.0,0,0,0,2,0,0,1,0,4.1376,0,1,0,1,http://secure-amazon-session-unlock-center.online/signin.html
40,18,14,2,0,0,0,0,5,0,0,1,0.025,0,0,1,0,1,0,0,0,4.0062,0,0,0,0,https://portal.nytimes.com/api/v1/status
59,40,12,2,4,0,0,0,3,0,0,1,0.0169,0,0,0,2,0,0,1,0,4.2553,1,0,0,1,http://secure-paypa1-session-unlock-center.loan/signin.html
37,8,21,1,1,0,0,0,4,0,0,6,0.1622,0,0,0,0,1,0,0,0,4.3986,0,0,0,0,https://ebay.com/products/item-129481
21,7,6,1,0,0,0,0,3,0,0,0,0.0,0,0,0,0,1,0,0,0,3.5226,0,0,0,0,https://zoom.us/terms
27,11,8,1,0,0,0,0,3,0,0,0,0.0,0,0,0,0,1,0,0,0,3.8101,0,0,0,0,https://harvard.edu/contact
57,13,28,4,1,0,1,1,4,0,0,15,0.2632,1,0,0,1,0,0,0,0,4.5891,0,1,0,1,http://114.167.49.95/microsoft/account-alert.php?id=46556
31,9,14,1,0,0,0,0,5,0,0,1,0.0323,0,0,0,0,1,0,0,0,3.7811,0,0,0,0,https://vimeo.com/api/v1/status
40,8,24,1,1,0,0,0,5,0,0,1,0.025,0,0,0,0,1,0,0,0,4.0373,0,0,0,0,https://pypi.org/docs/v2/getting-started
39,6,26,1,2,0,0,0,3,0,0,1,0.0256,0,1,0,0,0,0,0,0,4.4455,0,0,0,1,http://bit.ly/TbiEVnv5-wellsfargo-alert
49,8,7,2,0,0,1,2,3,0,1,1,0.0204,0,0,0,0,1,0,0,0,4.4998,0,0,0,0,https://ox.ac.uk/search?q=machine+learning&page=2
29,7,14,1,0,0,0,0,5,0,0,1,0.0345,0,0,0,0,1,0,0,0,3.742,0,0,0,0,https://bbc.com/api/v1/status
58,36,6,3,2,0,1,1,3,0,0,7,0.1207,0,0,2,3,0,0,1,0,4.6832,0,1,1,1,http://chase.com.security-update-548.online/login?ref=7783
61,17,24,3,2,0,1,1,5,0,0,8,0.1311,0,0,0,2,0,0,1,1,4.7077,1,0,0,1,http://free-host-13.club//www.binance.com/update?token=125660
21,14,0,1,0,0,0,0,2,0,0,0,0.0,0,0,0,0,0,0,0,0,3.9161,0,0,0,0,http://aliexpress.com
30,14,8,2,0,0,0,0,3,0,0,0,0.0,0,0,1,0,1,0,0,0,3.9396,0,0,0,0,https://portal.bbc.com/privacy
109,23,10,2,2,0,1,2,3,0,1,31,0.2844,0,0,0,3,0,0,1,0,4.8974,1,1,0,1,http://portal-apple-verify.top/index.php?token=0d3606a6eb6c280c3415ee264407aa5dbdd0300892cf136b&auth=required
46,14,24,1,1,0,0,0,5,0,0,1,0.0217,0,0,0,0,1,0,0,0,4.2433,0,0,0,0,https://cloudflare.com/docs/v2/getting-started
28,12,8,1,0,0,0,0,3,0,0,0,0.0,0,0,0,0,1,0,0,0,4.1106,0,0,0,0,https://stanford.edu/privacy
64,18,26,3,2,0,1,1,5,0,0,8,0.125,0,0,0,2,0,0,1,1,4.6095,1,1,0,1,http://free-host-16.click//www.microsoft.com/update?token=833662
61,42,12,2,4,0,0,0,3,0,0,0,0.0,0,0,0,3,0,0,1,0,4.3359,1,0,0,1,http://secure-wellsfargo-account-alert-center.xyz/signin.html
44,11,26,1,2,0,0,0,3,0,0,1,0.0227,0,1,0,0,0,0,0,0,4.5443,0,0,0,1,http://tinyurl.com/O1KHKKpj-wellsfargo-alert
27,11,8,1,0,0,0,0,3,0,0,0,0.0,0,0,0,0,1,0,0,0,3.8562,0,0,0,0,https://harvard.edu/privacy
22,13,1,1,0,0,0,0,3,0,0,0,0.0,0,0,0,0,1,0,0,0,3.8454,0,0,0,0,https://wikipedia.org/
23,9,6,2,0,0,0,0,3,0,0,0,0.0,0,0,1,0,1,0,0,0,3.8492,0,0,0,0,https://my.un.org/about
60,38,6,3,2,0,1,1,3,0,0,7,0.1167,0,0,2,2,0,0,1,0,4.644,1,1,1,1,http://instagram.com.suspended-notice-733.icu/login?ref=4678
44,14,22,2,0,0,0,0,4,0,0,0,0.0,0,0,1,0,1,0,0,0,4.1464,0,0,0,0,https://dev.kaggle.com/resources/whitepapers
55,14,25,4,1,0,1,1,4,0,0,16,0.2909,1,0,0,1,0,0,0,0,4.6129,0,1,0,1,http://193.26.149.177/google/account-alert.php?id=14956
27,13,6,2,0,0,0,0,3,0,0,0,0.0,0,0,1,0,1,0,0,0,3.8282,0,0,0,0,https://www.adobe.com/about
28,14,6,2,0,0,0,0,3,0,0,0,0.0,0,0,1,0,1,0,0,0,3.8388,0,0,0,0,https://api.target.com/about
31,9,14,1,0,0,0,0,5,0,0,1,0.0323,0,0,0,0,1,0,0,0,3.4698,0,0,0,0,https://twitch.tv/api/v1/status
54,32,6,3,2,0,1,1,3,0,0,7,0.1296,0,0,2,2,0,0,1,0,4.6692,1,1,1,1,http://netflix.com.auth-portal-131.buzz/login?ref=7703
33,11,14,1,0,0,0,0,5,0,0,1,0.0303,0,0,0,0,1,0,0,0,3.9573,0,0,0,0,https://dropbox.com/api/v1/status
112,26,10,2,2,0,1,2,3,0,1,28,0.25,0,0,0,3,0,0,1,0,4.9718,1,1,0,1,http://portal-netflix-verify.club/index.php?token=31ffd0e3579766ac6b3089ffd911120c48aadc85d2d2fc3f&auth=required
26,12,6,2,0,0,0,0,3,0,0,0,0.0,0,0,1,0,1,0,0,0,3.6424,0,0,0,0,https://my.yahoo.com/about
22,8,6,1,0,0,0,0,3,0,0,0,0.0,0,0,0,0,1,0,0,0,3.7201,0,0,0,0,https://pypi.org/about
39,11,20,1,0,0,0,0,4,0,0,0,0.0,0,0,0,0,1,0,0,0,4.0546,0,0,0,0,https://nytimes.com/dashboard/analytics
42,13,21,2,0,0,0,0,6,0,0,6,0.1429,0,0,1,1,1,0,0,0,4.2252,0,0,0,0,https://login.cnn.com/news/2026/08/article
71,15,35,4,1,0,1,1,4,0,0,21,0.2958,1,0,0,1,0,1,0,0,4.7888,0,1,0,1,http://177.184.185.168:3000/bankofamerica/confirm-identity.php?id=38522
31,17,6,2,0,0,0,0,3,0,0,0,0.0,0,0,1,0,1,0,0,0,3.8002,0,0,0,0,https://portal.target.com/about
38,9,21,2,0,0,0,0,6,0,0,6,0.1579,0,0,0,0,1,0,0,0,4.2012,0,0,0,0,https://cam.ac.uk/news/2026/08/article
60,38,6,3,2,0,1,1,3,0,0,7,0.1167,0,0,2,2,0,0,1,0,4.7127,1,1,1,1,http://instagram.com.billing-resolve-432.club/login?ref=9847
20,11,1,1,0,0,0,0,3,0,0,0,0.0,0,0,0,0,1,0,0,0,3.5842,0,0,0,0,https://harvard.edu/
64,18,26,3,2,0,1,1,5,0,0,8,0.125,0,0,0,2,0,0,1,1,4.59,1,1,0,1,http://free-host-99.click//www.microsoft.com/update?token=509294
51,14,21,4,0,0,1,1,4,0,0,16,0.3137,1,0,0,1,0,0,0,0,4.6328,0,1,0,1,http://34.239.246.170/instagram/verify.php?id=43035
27,14,5,2,0,0,0,0,3,0,0,0,0.0,0,0,1,0,1,0,0,0,3.8842,0,0,0,0,https://aws.amazon.com/help
55,14,7,1,0,0,1,2,3,0,1,1,0.0182,0,0,0,0,1,0,0,0,4.4906,0,0,0,0,https://cloudflare.com/search?q=machine+learning&page=2
35,6,22,1,2,0,0,0,3,0,0,1,0.0286,0,1,0,0,0,0,0,0,4.3649,0,1,0,1,http://bit.ly/P3uaQHhU-amazon-alert
28,14,6,1,0,0,0,0,3,0,0,0,0.0,0,0,0,0,1,0,0,0,3.7265,0,0,0,0,https://salesforce.com/terms
64,45,12,2,4,0,0,0,3,0,0,0,0.0,0,0,0,3,0,0,1,0,4.3656,1,0,0,1,http://secure-wellsfargo-suspended-notice-center.xyz/signin.html
58,15,27,4,1,0,1,1,4,0,0,17,0.2931,1,0,0,1,0,0,0,0,4.7584,0,1,0,1,http://192.243.242.113/amazon/billing-resolve.php?id=67409
62,43,12,2,4,0,0,0,3,0,0,0,0.0,0,0,0,3,0,0,1,0,4.3426,1,1,0,1,http://secure-facebook-billing-resolve-center.work/signin.html
32,16,8,2,0,0,0,0,3,0,0,0,0.0,0,0,1,0,1,0,0,0,4.1403,0,0,0,0,https://my.wikipedia.org/contact
111,25,10,2,2,0,1,2,3,0,1,27,0.2432,0,0,0,3,0,0,1,0,4.8896,1,1,0,1,http://portal-chase-verify.click/index.php?token=b6df29c88d8929daf5c15f25e6e61bfcde5a181793cf23a5&auth=required
57,14,27,4,1,0,1,1,4,0,0,16,0.2807,1,0,0,2,0,0,0,0,4.6271,0,1,0,1,http://11.134.129.200/paypal/billing-resolve.php?id=65105
38,9,21,1,1,0,0,0,4,0,0,6,0.1579,0,0,0,0,1,0,0,0,4.2608,0,0,0,0,https://chase.com/products/item-129481
41,11,22,2,0,0,0,0,4,0,0,0,0.0,0,0,1,0,1,0,0,0,3.946,0,0,0,0,https://app.nih.gov/resources/whitepapers
59,37,6,3,2,0,1,1,3,0,0,7,0.1186,0,0,2,1,0,0,1,0,4.5786,1,1,1,1,http://microsoft.com.session-unlock-316.work/login?ref=8213
109,23,10,2,2,0,1,2,3,0,1,24,0.2202,0,0,0,3,0,0,1,0,4.9447,1,1,0,1,http://portal-amazon-verify.tk/index.php?token=eeb4b5dea530cbd122ca8a167afba7e92b7d6bac5807a048&auth=required
49,21,20,2,0,0,0,0,4,0,0,0,0.0,0,0,1,0,1,0,0,0,4.1499,0,0,0,0,https://app.bankofamerica.com/dashboard/analytics
54,13,7,2,0,0,1,2,3,0,1,1,0.0185,0,0,1,0,1,0,0,0,4.4791,0,0,0,0,https://www.vimeo.com/search?q=machine+learning&page=2
52,30,6,3,2,0,1,1,3,0,0,7,0.1346,0,0,2,2,0,0,1,0,4.5415,1,1,1,1,http://amazon.com.auth-portal-511.icu/login?ref=9651
61,42,12,2,4,0,0,0,3,0,0,0,0.0,0,0,0,3,0,0,1,0,4.2437,1,1,0,1,http://secure-amazon-confirm-identity-center.loan/signin.html
35,6,21,1,0,0,0,0,6,0,0,6,0.1714,0,0,0,0,1,0,0,0,4.2074,0,0,0,0,https://un.org/news/2026/08/article
28,16,4,2,0,0,0,0,3,0,0,0,0.0,0,0,1,1,1,0,0,0,3.9677,0,0,0,0,https://login.google.com/faq
114,28,10,2,2,0,1,2,3,0,1,31,0.2719,0,0,0,3,0,0,1,0,4.982,1,1,0,1,http://portal-microsoft-verify.loan/index.php?token=d58285a21284eba4b99c051085fddf33a386fc6e8c83c254&auth=required
55,33,6,3,2,0,1,1,3,0,0,7,0.1273,0,0,2,2,0,0,1,0,4.6653,1,1,1,1,http://facebook.com.auth-portal-334.club/login?ref=8657
19,11,0,1,0,0,0,0,2,0,0,0,0.0,0,0,0,0,1,0,0,0,3.6163,0,0,0,0,https://shopify.com
37,7,23,1,2,0,0,0,3,0,0,1,0.027,0,1,0,0,0,0,0,0,4.3684,0,0,0,1,http://cutt.ly/LaqI1KRj-binance-alert
61,42,12,2,4,0,0,0,3,0,0,0,0.0,0,0,0,3,0,0,1,0,4.1767,1,1,0,1,http://secure-google-suspended-notice-center.work/signin.html
28,14,6,2,0,0,0,0,3,0,0,0,0.0,0,0,1,0,1,0,0,0,3.9138,0,0,0,0,https://mail.vimeo.com/about
35,7,21,1,2,0,0,0,3,0,0,1,0.0286,0,1,0,0,0,0,0,0,4.2186,0,1,0,1,http://cutt.ly/LWC8DNEs-apple-alert
40,11,22,1,2,0,0,0,3,0,0,1,0.025,0,1,0,0,0,0,0,0,4.3153,0,1,0,1,http://tinyurl.com/y9MJuMer-amazon-alert
115,29,10,2,2,0,1,2,3,0,1,31,0.2696,0,0,0,3,0,0,1,0,4.8055,0,1,0,1,http://portal-facebook-verify.online/index.php?token=a77a7ca1763a6176fa88e11ae81aa1af3c3c54303b214737&auth=required
62,13,28,4,1,0,1,1,4,0,0,19,0.3065,1,0,0,2,0,1,0,0,4.6336,0,1,0,1,http://75.48.206.142:4444/paypal/confirm-identity.php?id=98997
42,12,22,2,0,0,0,0,5,0,0,0,0.0,0,0,1,0,1,0,0,0,4.012,0,0,0,0,https://blog.mit.edu/user/profile/settings
24,15,1,3,0,0,0,0,3,0,0,0,0.0,0,0,1,1,1,0,0,0,3.9387,0,0,0,0,https://login.cam.ac.uk/
32,18,6,2,0,0,0,0,3,0,0,0,0.0,0,0,1,0,1,0,0,0,3.8431,0,0,0,0,https://www.salesforce.com/terms
59,37,6,3,2,0,1,1,3,0,0,7,0.1186,0,0,2,2,0,0,1,0,4.6538,1,0,1,1,http://binance.com.suspended-notice-686.buzz/login?ref=6050
67,45,6,3,2,0,1,1,3,0,0,7,0.1045,0,0,2,2,0,0,1,0,4.6047,0,1,1,1,http://bankofamerica.com.confirm-identity-126.online/login?ref=8839
65,46,12,2,4,0,0,0,3,0,0,0,0.0,0,0,0,3,0,0,1,0,4.2259,1,1,0,1,http://secure-bankofamerica-account-alert-center.club/signin.html
109,23,10,2,2,0,1,2,3,0,1,31,0.2844,0,0,0,3,0,0,1,0,5.0076,1,1,0,1,http://portal-chase-verify.xyz/index.php?token=4b0ae630080c6141e38131b4b54759fd9ebfe9eb3f59d062&auth=required
60,41,12,2,4,0,0,0,3,0,0,0,0.0,0,0,0,4,0,0,1,0,4.2328,0,1,0,1,http://secure-google-security-update-center.info/signin.html
24,10,6,2,0,0,0,0,3,0,0,0,0.0,0,0,1,0,1,0,0,0,3.6054,0,0,0,0,https://my.mit.edu/terms
20,6,6,1,0,0,0,0,3,0,0,0,0.0,0,0,0,0,1,0,0,0,3.6464,0,0,0,0,https://un.org/about
58,39,12,2,4,0,0,0,3,0,0,3,0.0517,0,0,0,3,0,0,1,0,4.3876,1,0,0,1,http://secure-fac3b00k-auth-portal-center.loan/signin.html
64,42,6,3,2,0,1,1,3,0,0,7,0.1094,0,0,2,3,0,0,1,0,4.6987,1,1,1,1,http://bankofamerica.com.security-update-477.club/login?ref=6646
46,17,22,1,0,0,0,0,5,0,0,0,0.0,0,0,0,0,0,0,0,0,4.1763,0,0,0,0,http://stackoverflow.com/user/profile/settings
45,17,20,1,0,0,0,0,4,0,0,0,0.0,0,0,0,0,1,0,0,0,4.1436,0,0,0,0,https://bankofamerica.com/dashboard/analytics
44,14,22,2,0,0,0,0,5,0,0,0,0.0,0,0,1,0,1,0,0,0,4.0278,0,0,0,0,https://portal.cnn.com/user/profile/settings
68,15,32,4,1,0,1,1,4,0,0,21,0.3088,1,0,0,1,0,1,0,0,4.6701,0,1,0,1,http://110.196.132.193:8888/bankofamerica/account-alert.php?id=85868
28,14,6,1,0,0,0,0,3,0,0,0,0.0,0,0,0,0,1,0,0,0,4.0122,0,0,0,0,https://aliexpress.com/about
59,37,6,3,2,0,1,1,3,0,0,7,0.1186,0,0,2,2,0,0,1,0,4.586,1,1,1,1,http://microsoft.com.billing-resolve-691.icu/login?ref=9295
42,13,21,1,1,0,0,0,4,0,0,6,0.1429,0,0,0,0,1,0,0,0,4.3657,0,0,0,0,https://instagram.com/products/item-129481
59,37,6,3,2,0,1,1,3,0,0,7,0.1186,0,0,2,1,0,0,1,0,4.6277,1,1,1,1,http://microsoft.com.session-unlock-265.club/login?ref=7863
62,15,27,3,2,0,1,1,5,0,0,8,0.129,0,0,0,2,0,0,1,1,4.5955,1,0,0,1,http://free-host-16.tk//www.wellsfargo.com/update?token=910140
38,10,20,1,0,0,0,0,4,0,0,0,0.0,0,0,0,0,1,0,0,0,4.1029,0,0,0,0,https://google.com/dashboard/analytics
26,10,8,1,0,0,0,0,3,0,0,0,0.0,0,0,0,0,1,0,0,0,3.9022,0,0,0,0,https://target.com/privacy
25,11,6,1,0,0,0,0,3,0,0,0,0.0,0,0,0,0,1,0,0,0,3.7835,0,0,0,0,https://walmart.com/about
110,24,10,2,2,0,1,2,3,0,1,28,0.2545,0,0,0,4,0,0,1,0,4.9154,1,1,0,1,http://portal-paypal-verify.top/index.php?token=6debc66a8ad3b00bf43e5d7e2fe2ff4a323d3b4218915983&auth=required
60,41,12,2,4,0,0,0,3,0,0,1,0.0167,0,0,0,2,0,0,1,0,4.2427,1,0,0,1,http://secure-amaz0n-session-unlock-center.click/signin.html
114,28,10,2,2,0,1,2,3,0,1,27,0.2368,0,0,0,3,0,0,1,0,5.0099,1,1,0,1,http://portal-microsoft-verify.club/index.php?token=fbb26fe83dc4fdc08d9606373ac9f845f0dd573b06ab41e9&auth=required
114,28,10,2,2,0,1,2,3,0,1,30,0.2632,0,0,0,3,0,0,1,0,5.0711,1,1,0,1,http://portal-instagram-verify.buzz/index.php?token=6b1e582fa7b6a6f44781c9ce308752cd0a7e91f7bce05785&auth=required
118,32,10,2,2,0,1,2,3,0,1,33,0.2797,0,0,0,3,0,0,1,0,4.9676,1,1,0,1,http://portal-bankofamerica-verify.club/index.php?token=315315260e63753b6a3c1beff72ff8d42de29113e3298b75&auth=required
42,10,24,1,1,0,0,0,5,0,0,1,0.0238,0,0,0,0,1,0,0,0,4.044,0,0,0,0,https://google.com/docs/v2/getting-started
57,38,12,2,3,0,0,0,3,0,0,2,0.0351,0,0,0,3,0,0,1,0,4.4033,1,0,0,1,http://secure-bank0fam3rica-verify-center.icu/signin.html
41,11,22,1,0,0,0,0,4,0,0,0,0.0,0,0,0,0,1,0,0,0,3.9061,0,0,0,0,https://walmart.com/resources/whitepapers
43,14,21,2,0,0,0,0,6,0,0,6,0.1395,0,0,1,0,1,0,0,0,4.3328,0,0,0,0,https://mail.quora.com/news/2026/08/article
60,14,25,4,1,0,1,1,4,0,0,20,0.3333,1,0,0,1,0,1,0,0,4.5209,0,1,0,1,http://144.79.191.232:4444/amazon/account-alert.php?id=38334
61,42,12,2,4,0,0,0,3,0,0,1,0.0164,0,0,0,3,0,0,1,0,4.2968,1,0,0,1,http://secure-binanc3-suspended-notice-center.xyz/signin.html
63,19,24,3,2,0,1,1,5,0,0,8,0.127,0,0,0,2,0,0,1,1,4.6464,0,0,0,1,http://free-host-52.online//www.binance.com/update?token=331402
25,11,6,2,0,0,0,0,3,0,0,0,0.0,0,0,1,0,1,0,0,0,3.8333,0,0,0,0,https://dev.zoom.us/about
61,39,6,3,2,0,1,1,3,0,0,7,0.1148,0,0,2,2,0,0,1,0,4.6906,1,0,1,1,http://wellsfargo.com.suspended-notice-304.icu/login?ref=7064
52,11,7,2,0,0,1,2,3,0,1,1,0.0192,0,0,1,0,1,0,0,0,4.4046,0,0,0,0,https://mail.un.org/search?q=machine+learning&page=2
37,7,23,1,2,0,0,0,3,0,0,1,0.027,0,1,0,0,0,0,0,0,4.3888,0,0,0,1,http://cutt.ly/dwOZ7xRb-binance-alert
18,9,1,1,0,0,0,0,3,0,0,0,0.0,0,0,0,0,1,0,0,0,3.4613,0,0,0,0,https://chase.com/
60,38,6,3,2,0,1,1,3,0,0,7,0.1167,0,0,2,1,0,0,1,0,4.6104,0,1,1,1,http://facebook.com.session-unlock-516.online/login?ref=9044
46,14,24,1,1,0,0,0,5,0,0,1,0.0217,0,0,0,0,1,0,0,0,4.1599,0,0,0,0,https://aliexpress.com/docs/v2/getting-started
41,13,20,2,0,0,0,0,4,0,0,0,0.0,0,0,1,0,1,0,0,0,4.0804,0,0,0,0,https://dev.vimeo.com/category/technology
47,25,6,3,1,0,1,1,3,0,0,7,0.1489,0,0,2,2,0,0,1,0,4.7509,1,1,1,1,http://chase.com.verify-111.club/login?ref=5482
49,8,7,1,0,0,1,2,3,0,1,1,0.0204,0,0,0,0,1,0,0,0,4.3794,0,0,0,0,https://pypi.org/search?q=machine+learning&page=2
50,9,7,1,0,0,1,2,3,0,1,1,0.02,0,0,0,0,1,0,0,0,4.4391,0,0,0,0,https://adobe.com/search?q=machine+learning&page=2
37,5,25,1,2,0,0,0,3,0,0,2,0.0541,0,1,0,0,0,0,0,0,4.4455,0,1,0,1,http://rb.gy/7FWBB3SA-instagram-alert
26,12,6,1,0,0,0,0,3,0,0,0,0.0,0,0,0,0,1,0,0,0,4.1039,0,0,0,0,https://linkedin.com/about
36,6,23,1,2,0,0,0,3,0,0,3,0.0833,0,1,0,0,0,0,0,0,4.1944,0,1,0,1,http://bit.ly/e15ezI1L-netflix-alert
25,12,5,2,0,0,0,0,3,0,0,0,0.0,0,0,1,0,1,0,0,0,3.6537,0,0,0,0,https://my.apple.com/help
49,8,7,1,0,0,1,2,3,0,1,1,0.0204,0,0,0,0,1,0,0,0,4.4262,0,0,0,0,https://ebay.com/search?q=machine+learning&page=2
38,8,22,1,0,0,0,0,5,0,0,0,0.0,0,0,0,0,1,0,0,0,4.1003,0,0,0,0,https://ebay.com/user/profile/settings
55,14,7,2,0,0,1,2,3,0,1,1,0.0182,0,0,1,0,1,0,0,0,4.4489,0,0,0,0,https://www.amazon.com/search?q=machine+learning&page=2
62,17,25,3,2,0,1,1,5,0,0,8,0.129,0,0,0,2,0,0,1,1,4.6864,0,1,0,1,http://free-host-45.live//www.facebook.com/update?token=687443
58,14,28,4,1,0,1,1,4,0,0,16,0.2759,1,0,0,1,0,0,0,0,4.6335,0,1,0,1,http://178.236.78.121/amazon/suspended-notice.php?id=90136
19,7,4,1,0,0,0,0,3,0,0,0,0.0,0,0,0,0,1,0,0,0,3.7871,0,0,0,0,https://irs.gov/faq
59,37,6,3,2,0,1,1,3,0,0,7,0.1186,0,0,2,2,0,0,1,0,4.6472,0,0,1,1,http://binance.com.suspended-notice-712.live/login?ref=7526
113,27,10,2,2,0,1,2,3,0,1,32,0.2832,0,0,0,4,0,0,1,0,4.9294,0,1,0,1,http://portal-paypal-verify.online/index.php?token=343679b03d1efa558827483ef90ea5317203e6ff7b18fb9d&auth=required
40,7,26,1,2,0,0,0,3,0,0,0,0.0,0,1,0,0,0,0,0,0,4.2751,0,0,0,1,http://cutt.ly/WDsosoPA-wellsfargo-alert
57,35,6,3,2,0,1,1,3,0,0,7,0.1228,0,0,2,2,0,0,1,0,4.6088,1,1,1,1,http://apple.com.confirm-identity-218.loan/login?ref=6365
33,11,14,1,0,0,0,0,5,0,0,1,0.0303,0,0,0,0,1,0,0,0,3.8212,0,0,0,0,https://shopify.com/api/v1/status
109,23,10,2,2,0,1,2,3,0,1,25,0.2294,0,0,0,3,0,0,1,0,4.942,1,1,0,1,http://portal-chase-verify.icu/index.php?token=d7c2dfb2db5d5c69161fe3674aa5ac1318b0b338cfefd8a6&auth=required
29,16,5,2,0,0,0,0,3,0,0,0,0.0,0,0,1,1,1,0,0,0,3.9523,0,0,0,0,https://login.kaggle.com/help
52,13,23,4,1,0,1,1,4,0,0,15,0.2885,1,0,0,1,0,0,0,0,4.556,0,1,0,1,http://162.48.218.34/amazon/auth-portal.php?id=35072
57,35,6,3,2,0,1,1,3,0,0,7,0.1228,0,0,2,2,0,0,1,0,4.6139,1,1,1,1,http://google.com.billing-resolve-847.buzz/login?ref=9809
52,14,22,4,0,0,1,1,4,0,0,16,0.3077,1,0,0,1,0,0,0,0,4.6569,0,0,0,1,http://58.219.125.212/wellsfargo/verify.php?id=67570
69,13,35,4,1,0,1,1,4,0,0,19,0.2754,1,0,0,1,0,1,0,0,4.7965,0,1,0,1,http://17.125.233.54:8080/bankofamerica/suspended-notice.php?id=17214
44,15,21,1,0,0,0,0,6,0,0,6,0.1364,0,0,0,0,1,0,0,0,4.3454,0,0,0,0,https://theguardian.com/news/2026/08/article
28,14,6,1,0,0,0,0,3,0,0,0,0.0,0,0,0,0,1,0,0,0,3.9677,0,0,0,0,https://cloudflare.com/terms
49,12,21,4,0,0,1,1,4,0,0,14,0.2857,1,0,0,1,0,0,0,0,4.2949,0,1,0,1,http://16.86.68.166/microsoft/verify.php?id=65416
38,5,26,1,2,0,0,0,3,0,0,1,0.0263,0,1,0,0,0,0,0,0,4.4316,0,0,0,1,http://rb.gy/u5MpDHUD-wellsfargo-alert
40,11,22,1,2,0,0,0,3,0,0,1,0.025,0,1,0,0,0,0,0,0,4.4464,0,1,0,1,http://tinyurl.com/UAUDOw5U-google-alert
40,8,24,2,1,0,0,0,5,0,0,1,0.025,0,0,0,0,1,0,0,0,4.1751,0,0,0,0,https://ox.ac.uk/docs/v2/getting-started
35,7,20,1,0,0,0,0,4,0,0,0,0.0,0,0,0,0,1,0,0,0,4.0687,0,0,0,0,https://mit.edu/category/technology
36,7,22,1,0,0,0,0,5,0,0,0,0.0,0,0,0,0,0,0,0,0,3.8401,0,0,0,0,http://irs.gov/user/profile/settings
42,12,22,1,0,0,0,0,5,0,0,0,0.0,0,0,0,0,1,0,0,0,4.1159,0,0,0,0,https://facebook.com/user/profile/settings
33,11,14,2,0,0,0,0,5,0,0,1,0.0303,0,0,1,0,1,0,0,0,3.9196,0,0,0,0,https://mail.un.org/api/v1/status
56,37,12,2,3,0,0,0,3,0,0,0,0.0,0,0,0,3,0,0,1,0,4.3336,1,0,0,1,http://secure-wellsfargo-verify-center.click/signin.html
60,17,23,3,2,0,1,1,5,0,0,8,0.1333,0,0,0,2,0,0,1,1,4.6696,1,1,0,1,http://free-host-17.buzz//www.amazon.com/update?token=882416
49,17,24,2,1,0,0,0,5,0,0,1,0.0204,0,0,1,0,1,0,0,0,4.2221,0,0,0,0,https://my.salesforce.com/docs/v2/getting-started
114,28,10,2,2,0,1,2,3,0,1,26,0.2281,0,0,0,3,0,0,1,0,4.9655,1,0,0,1,http://portal-wellsfargo-verify.icu/index.php?token=8cdf5dcb76ae7b3525c75c7c08bc704c95e4df5944c66fad&auth=required
39,7,24,1,1,0,0,0,5,0,0,1,0.0256,0,0,0,0,1,0,0,0,4.0898,0,0,0,0,https://bbc.com/docs/v2/getting-started
25,11,6,1,0,0,0,0,3,0,0,0,0.0,0,0,0,0,1,0,0,0,3.7533,0,0,0,0,https://dropbox.com/terms
62,14,32,4,1,0,1,1,4,0,0,16,0.2581,1,0,0,1,0,0,0,0,4.6659,0,0,0,1,http://46.152.161.127/wellsfargo/suspended-notice.php?id=91665
113,27,10,2,2,0,1,2,3,0,1,31,0.2743,0,0,0,3,0,0,1,0,5.0265,0,1,0,1,http://portal-google-verify.online/index.php?token=9403a5c3a587171406af27b748cae66023ecaf41c39bb69b&auth=required
17,9,0,1,0,0,0,0,2,0,0,0,0.0,0,0,0,0,1,0,0,0,3.5725,0,0,0,0,https://apple.com
112,26,10,2,2,0,1,2,3,0,1,34,0.3036,0,0,0,3,0,0,1,0,5.0527,1,1,0,1,http://portal-microsoft-verify.tk/index.php?token=c125648e7e3f7b513955c4ea8c403078940acd912b72a896&auth=required
59,40,12,2,4,0,0,0,3,0,0,1,0.0169,0,0,0,3,0,0,1,0,4.238,1,0,0,1,http://secure-paypa1-suspended-notice-center.tk/signin.html
64,17,27,3,2,0,1,1,5,0,0,8,0.125,0,0,0,2,0,0,1,1,4.6883,0,0,0,1,http://free-host-18.info//www.wellsfargo.com/update?token=924458
56,37,12,2,4,0,0,0,3,0,0,0,0.0,0,0,0,4,0,0,1,0,4.2709,1,1,0,1,http://secure-paypal-auth-portal-center.buzz/signin.html
60,38,6,3,2,0,1,1,3,0,0,7,0.1167,0,0,2,1,0,0,1,0,4.5899,1,1,1,1,http://instagram.com.session-unlock-915.click/login?ref=4194
110,24,10,2,2,0,1,2,3,0,1,31,0.2818,0,0,0,3,0,0,1,0,5.0143,1,1,0,1,http://portal-google-verify.xyz/index.php?token=2cca4a5a3960b8d940e88485700f393cb33d6b69e34c0a4f&auth=required
38,9,21,1,0,0,0,0,6,0,0,6,0.1579,0,0,0,0,1,0,0,0,4.1287,0,0,0,0,https://chase.com/news/2026/08/article
27,13,6,1,0,0,0,0,3,0,0,0,0.0,0,0,0,0,1,0,0,0,4.0043,0,0,0,0,https://wikipedia.org/about
25,13,4,2,0,0,0,0,3,0,0,0,0.0,0,0,1,0,1,0,0,0,3.7493,0,0,0,0,https://dev.twitch.tv/faq
34,5,22,1,2,0,0,0,3,0,0,1,0.0294,0,1,0,0,0,0,0,0,4.315,0,1,0,1,http://rb.gy/6khpCyoB-amazon-alert
65,18,27,3,2,0,1,1,5,0,0,8,0.1231,0,0,0,2,0,0,1,1,4.6209,1,0,0,1,http://free-host-70.click//www.wellsfargo.com/update?token=377793
42,12,22,1,0,0,0,0,4,0,0,0,0.0,0,0,0,0,1,0,0,0,3.9964,0,0,0,0,https://facebook.com/resources/whitepapers
61,42,12,2,4,0,0,0,3,0,0,4,0.0656,0,0,0,3,0,0,1,0,4.2932,1,0,0,1,http://secure-g00g13-suspended-notice-center.club/signin.html
27,18,1,2,0,0,0,0,3,0,0,0,0.0,0,0,1,0,1,0,0,0,3.7821,0,0,0,0,https://portal.spotify.com/
53,31,6,3,2,0,1,1,3,0,0,7,0.1321,0,0,2,2,0,0,1,0,4.5697,1,0,1,1,http://binance.com.auth-portal-924.top/login?ref=5935
115,29,10,2,2,0,1,2,3,0,1,32,0.2783,0,0,0,3,0,0,1,0,5.016,1,0,0,1,http://portal-wellsfargo-verify.work/index.php?token=3f263dce906f56731597f4ca251c38d2d228d3c9dd61c721&auth=required
50,22,20,2,0,0,0,0,4,0,0,0,0.0,0,0,1,0,1,0,0,0,4.2153,0,0,0,0,https://help.bankofamerica.com/dashboard/analytics
39,17,14,1,0,0,0,0,5,0,0,1,0.0256,0,0,0,0,1,0,0,0,4.1066,0,0,0,0,https://bankofamerica.com/api/v1/status
24,10,6,1,0,0,0,0,3,0,0,0,0.0,0,0,0,0,1,0,0,0,3.5698,0,0,0,0,https://target.com/terms
110,24,10,2,2,0,1,2,3,0,1,28,0.2545,0,0,0,3,0,0,1,0,4.9286,1,1,0,1,http://portal-amazon-verify.icu/index.php?token=6c0bbe4afbdf434f0309b8638a9dd42d0ea99d41eb464541&auth=required
42,14,20,2,0,0,0,0,4,0,0,0,0.0,0,0,1,0,1,0,0,0,3.9691,0,0,0,0,https://mail.yahoo.com/dashboard/analytics
111,25,10,2,2,0,1,2,3,0,1,27,0.2432,0,0,0,3,0,0,1,0,4.9414,1,1,0,1,http://portal-google-verify.loan/index.php?token=0cc0f288da9fd2ea10959cc6ad273ad56bec98fc25607c93&auth=required
26,10,8,1,0,0,0,0,3,0,0,0,0.0,0,0,0,1,1,0,0,0,3.7962,0,0,0,0,https://paypal.com/privacy
50,28,6,3,1,0,1,1,3,0,0,7,0.14,0,0,2,2,0,0,1,0,4.7035,0,1,1,1,http://facebook.com.verify-768.live/login?ref=3659
61,42,12,2,4,0,0,0,3,0,0,0,0.0,0,0,0,4,0,0,1,0,4.1497,1,0,0,1,http://secure-binance-security-update-center.club/signin.html
51,10,7,1,0,0,1,2,3,0,1,1,0.0196,0,0,0,1,1,0,0,0,4.3679,0,0,0,0,https://paypal.com/search?q=machine+learning&page=2
65,19,26,3,2,0,1,1,5,0,0,8,0.1231,0,0,0,2,0,0,1,1,4.7148,0,1,0,1,http://free-host-20.online//www.instagram.com/update?token=619737
55,33,6,3,2,0,1,1,3,0,0,7,0.1273,0,0,2,1,0,0,1,0,4.7673,1,1,1,1,http://chase.com.session-unlock-212.buzz/login?ref=3057
110,24,10,2,2,0,1,2,3,0,1,29,0.2636,0,0,0,3,0,0,1,0,4.9425,0,1,0,1,http://portal-chase-verify.live/index.php?token=814faaf0324e05cce7e06db2a3e087569f400afe189a72b4&auth=required
110,24,10,2,2,0,1,2,3,0,1,35,0.3182,0,0,0,3,0,0,1,0,4.9859,1,1,0,1,http://portal-chase-verify.club/index.php?token=3b50a1c94149c0d993e14b64801d2ce762b84626903ec052&auth=required
59,40,12,2,4,0,0,0,3,0,0,0,0.0,0,0,0,3,0,0,1,0,4.1176,0,1,0,1,http://secure-apple-billing-resolve-center.live/signin.html
44,15,21,2,1,0,0,0,4,0,0,6,0.1364,0,0,1,0,1,0,0,0,4.4706,0,0,0,0,https://help.kaggle.com/products/item-129481
37,9,20,1,0,0,0,0,4,0,0,0,0.0,0,0,0,0,1,0,0,0,3.9387,0,0,0,0,https://twitch.tv/dashboard/analytics
23,10,5,1,0,0,0,0,3,0,0,0,0.0,0,0,0,0,1,0,0,0,3.8164,0,0,0,0,https://github.com/help
58,36,6,3,2,0,1,1,3,0,0,7,0.1207,0,0,2,2,0,0,1,0,4.7307,1,1,1,1,http://amazon.com.billing-resolve-375.click/login?ref=2844
60,17,23,3,2,0,1,1,5,0,0,8,0.1333,0,0,0,3,0,0,1,1,4.6968,0,1,0,1,http://free-host-38.live//www.paypal.com/update?token=321653
31,9,14,1,0,0,0,0,5,0,0,1,0.0323,0,0,0,0,1,0,0,0,3.7166,0,0,0,0,https://chase.com/api/v1/status
62,15,27,3,2,0,1,1,5,0,0,8,0.129,0,0,0,2,0,0,1,1,4.6722,1,0,0,1,http://free-host-76.tk//www.wellsfargo.com/update?token=892044
40,8,24,1,1,0,0,0,5,0,0,1,0.025,0,0,0,0,1,0,0,0,3.9838,0,0,0,0,https://citi.com/docs/v2/getting-started
34,21,5,2,0,0,0,0,3,0,0,0,0.0,0,0,1,0,1,0,0,0,4.1019,0,0,0,0,https://api.bankofamerica.com/help
63,16,27,3,2,0,1,1,5,0,0,8,0.127,0,0,0,2,0,0,1,1,4.7656,1,0,0,1,http://free-host-75.xyz//www.wellsfargo.com/update?token=927703
32,17,8,2,0,0,0,0,3,0,0,0,0.0,0,0,1,0,0,0,0,0,3.6525,0,0,0,0,http://app.microsoft.com/contact
55,33,6,3,2,0,1,1,3,0,0,7,0.1273,0,0,2,2,0,0,1,0,4.4215,1,1,1,1,http://microsoft.com.auth-portal-666.top/login?ref=2255
56,34,6,3,2,0,1,1,3,0,0,7,0.125,0,0,2,1,0,0,1,0,4.6263,0,1,1,1,http://amazon.com.session-unlock-751.info/login?ref=5343
57,35,6,3,2,0,1,1,3,0,0,7,0.1228,0,0,2,2,0,0,1,0,4.6156,1,1,1,1,http://chase.com.suspended-notice-912.loan/login?ref=6362
57,35,6,3,2,0,1,1,3,0,0,7,0.1228,0,0,2,2,0,0,1,0,4.534,1,1,1,1,http://google.com.billing-resolve-154.loan/login?ref=6326
41,14,20,1,0,0,0,0,4,0,0,0,0.0,0,0,0,0,0,0,0,0,3.9524,0,0,0,0,http://salesforce.com/category/technology
59,40,12,2,4,0,0,0,3,0,0,2,0.0339,0,0,0,4,0,0,1,0,4.3099,0,0,0,1,http://secure-app13-security-update-center.info/signin.html
49,21,20,2,0,0,0,0,4,0,0,0,0.0,0,0,1,0,1,0,0,0,4.1325,0,0,0,0,https://developer.mozilla.org/category/technology
51,10,7,1,0,0,1,2,3,0,1,1,0.0196,0,0,0,0,1,0,0,0,4.4296,0,0,0,0,https://medium.com/search?q=machine+learning&page=2
58,39,12,2,4,0,0,0,3,0,0,0,0.0,0,0,0,3,0,0,1,0,4.2106,1,1,0,1,http://secure-google-account-alert-center.buzz/signin.html
60,41,12,2,4,0,0,0,3,0,0,4,0.0667,0,0,0,4,0,0,1,0,4.4018,1,0,0,1,http://secure-g00g13-security-update-center.buzz/signin.html
62,15,26,4,1,0,1,1,4,0,0,21,0.3387,1,0,0,1,0,1,0,0,4.6077,0,1,0,1,http://117.173.116.202:4444/netflix/account-alert.php?id=62330
111,25,10,2,2,0,1,2,3,0,1,29,0.2613,0,0,0,3,0,0,1,0,4.9433,1,1,0,1,http://portal-google-verify.work/index.php?token=369f3673ad219ec369b7b5b8326e36eca5dea97b156d82fd&auth=required
60,38,6,3,2,0,1,1,3,0,0,7,0.1167,0,0,2,3,0,0,1,0,4.6696,0,1,1,1,http://netflix.com.security-update-764.online/login?ref=1186
37,15,14,2,0,0,0,0,5,0,0,1,0.027,0,0,1,0,1,0,0,0,3.9465,0,0,0,0,https://docs.python.org/api/v1/status
53,13,19,4,0,0,1,1,4,0,0,19,0.3585,1,0,0,1,0,1,0,0,4.4943,0,1,0,1,http://54.247.252.42:8080/netflix/verify.php?id=82313
37,5,25,1,2,0,0,0,3,0,0,2,0.0541,0,1,0,0,0,0,0,0,4.52,0,1,0,1,http://rb.gy/xm7kq3eL-microsoft-alert
44,15,21,2,0,0,0,0,6,0,0,6,0.1364,0,0,1,0,1,0,0,0,4.3565,0,0,0,0,https://blog.kaggle.com/news/2026/08/article
18,10,0,2,0,0,0,0,2,0,0,0,0.0,0,0,1,0,1,0,0,0,3.7255,0,0,0,0,https://api.un.org
20,11,1,1,0,0,0,0,3,0,0,0,0.0,0,0,0,0,1,0,0,0,3.8464,0,0,0,0,https://netflix.com/
58,39,12,2,4,0,0,0,3,0,0,0,0.0,0,0,0,3,0,0,1,0,4.211,1,1,0,1,http://secure-netflix-auth-portal-center.click/signin.html
57,13,28,4,1,0,1,1,4,0,0,15,0.2632,1,0,0,1,0,0,0,0,4.679,0,0,0,1,http://25.218.225.73/binance/billing-resolve.php?id=54013
53,31,6,3,2,0,1,1,3,0,0,7,0.1321,0,0,2,2,0,0,1,0,4.5178,1,1,1,1,http://apple.com.account-alert-506.top/login?ref=9037
43,15,20,2,0,0,0,0,4,0,0,0,0.0,0,0,1,0,1,0,0,0,4.1467,0,0,0,0,https://help.google.com/dashboard/analytics
42,6,29,1,2,0,0,0,3,0,0,2,0.0476,0,1,0,0,0,0,0,0,4.4696,0,1,0,1,http://bit.ly/5G2nRGLy-bankofamerica-alert
112,26,10,2,2,0,1,2,3,0,1,36,0.3214,0,0,0,3,0,0,1,0,5.0305,1,1,0,1,http://portal-google-verify.click/index.php?token=47a88102009e642ff3be48a1309790516879225fdc7ad222&auth=required
31,15,8,2,0,0,0,0,3,0,0,0,0.0,0,0,1,1,1,0,0,0,3.8087,0,0,0,0,https://login.chase.com/contact
110,24,10,2,2,0,1,2,3,0,1,30,0.2727,0,0,0,3,0,0,1,0,4.9945,1,1,0,1,http://portal-apple-verify.buzz/index.php?token=09fb759559b1e71d8cb8348bd92ffaac10d2205962ac54d9&auth=required
41,12,22,1,0,0,0,0,4,0,0,0,0.0,0,0,0,0,0,0,0,0,4.0067,0,0,0,0,http://facebook.com/resources/whitepapers
16,7,1,1,0,0,0,0,3,0,0,0,0.0,0,0,0,0,1,0,0,0,3.3278,0,0,0,0,https://cnn.com/
48,7,7,1,0,0,1,2,3,0,1,1,0.0208,0,0,0,0,1,0,0,0,4.3915,0,0,0,0,https://irs.gov/search?q=machine+learning&page=2
114,28,10,2,2,0,1,2,3,0,1,33,0.2895,0,0,0,3,0,0,1,0,5.0544,0,1,0,1,http://portal-microsoft-verify.live/index.php?token=635641e7099b46b5c3f8cb7243d862a301ed182bf135f3b5&auth=required
29,17,4,2,0,0,0,0,3,0,0,0,0.0,0,0,1,0,1,0,0,0,3.9523,0,0,0,0,https://api.wikipedia.org/faq
39,9,22,1,0,0,0,0,4,0,0,0,0.0,0,0,0,0,1,0,0,0,3.894,0,0,0,0,https://quora.com/resources/whitepapers
36,14,14,2,0,0,0,0,5,0,0,1,0.0278,0,0,1,0,1,0,0,0,3.8747,0,0,0,0,https://mail.vimeo.com/api/v1/status
50,28,6,3,1,0,1,1,3,0,0,7,0.14,0,0,2,2,0,0,1,0,4.4811,0,1,1,1,http://google.com.verify-349.online/login?ref=7117
64,18,26,3,2,0,1,1,5,0,0,8,0.125,0,0,0,2,0,0,1,1,4.6525,1,1,0,1,http://free-host-23.click//www.microsoft.com/update?token=928679
109,23,10,2,2,0,1,2,3,0,1,26,0.2385,0,0,0,3,0,0,1,0,4.9477,1,1,0,1,http://portal-chase-verify.icu/index.php?token=8c4c18b70a85a026fbdf3e899e5c3dfe803b0b52d4a7cac2&auth=required
58,36,6,3,2,0,1,1,3,0,0,7,0.1207,0,0,2,2,0,0,1,0,4.6877,1,1,1,1,http://facebook.com.billing-resolve-800.icu/login?ref=6755
43,14,22,1,0,0,0,0,5,0,0,0,0.0,0,0,0,0,0,0,0,0,4.0804,0,0,0,0,http://wellsfargo.com/user/profile/settings
26,10,8,1,0,0,0,0,3,0,0,0,0.0,0,0,0,0,1,0,0,0,3.6424,0,0,0,0,https://google.com/contact
60,17,23,3,2,0,1,1,5,0,0,8,0.1333,0,0,0,2,0,0,1,1,4.5094,1,1,0,1,http://free-host-82.work//www.google.com/update?token=278072
57,16,7,2,0,0,1,2,3,0,1,1,0.0175,0,0,1,1,1,0,0,0,4.4534,0,0,0,0,https://login.medium.com/search?q=machine+learning&page=2
46,24,6,3,1,0,1,1,3,0,0,7,0.1522,0,0,2,2,0,0,1,0,4.6589,1,1,1,1,http://apple.com.verify-974.top/login?ref=5206
63,16,27,3,2,0,1,1,5,0,0,8,0.127,0,0,0,2,0,0,1,1,4.6464,1,0,0,1,http://free-host-14.top//www.wellsfargo.com/update?token=266805
39,11,20,1,0,0,0,0,4,0,0,0,0.0,0,0,0,0,1,0,0,0,3.9746,0,0,0,0,https://walmart.com/category/technology
39,6,26,1,2,0,0,0,3,0,0,1,0.0256,0,1,0,0,0,0,0,0,4.4455,0,0,0,1,http://bit.ly/pvFK3BwG-wellsfargo-alert
19,11,0,1,0,0,0,0,2,0,0,0,0.0,0,0,0,0,1,0,0,0,3.5766,0,0,0,0,https://reuters.com
37,5,25,1,2,0,0,0,3,0,0,1,0.027,0,1,0,0,0,0,0,0,4.4996,0,1,0,1,http://rb.gy/EYb2WAbz-microsoft-alert
62,12,34,4,1,0,1,1,4,0,0,14,0.2258,1,0,0,1,0,0,0,0,4.8732,0,1,0,1,http://12.34.93.247/bankofamerica/billing-resolve.php?id=15796
42,13,21,2,0,0,0,0,6,0,0,6,0.1429,0,0,1,0,1,0,0,0,4.3024,0,0,0,0,https://api.adobe.com/news/2026/08/article
59,15,24,3,2,0,1,1,5,0,0,8,0.1356,0,0,0,2,0,0,1,1,4.531,1,0,0,1,http://free-host-34.tk//www.binance.com/update?token=886488
33,17,8,2,0,0,0,0,3,0,0,0,0.0,0,0,1,1,1,0,0,0,4.0815,0,0,0,0,https://login.spotify.com/privacy
37,7,23,1,2,0,0,0,3,0,0,1,0.027,0,1,0,0,0,0,0,0,4.2966,0,1,0,1,http://cutt.ly/9ceNKFmJ-netflix-alert
26,18,0,2,0,0,0,0,2,0,0,0,0.0,0,0,1,0,1,0,0,0,3.9791,0,0,0,0,https://app.wellsfargo.com
44,16,20,2,0,0,0,0,4,0,0,0,0.0,0,0,1,0,1,0,0,0,4.01,0,0,0,0,https://portal.chase.com/dashboard/analytics
44,15,21,2,1,0,0,0,4,0,0,6,0.1364,0,0,1,1,1,0,0,0,4.4683,0,0,0,0,https://login.yahoo.com/products/item-129481
66,47,12,2,4,0,0,0,3,0,0,0,0.0,0,0,0,3,0,0,1,0,4.1378,0,1,0,1,http://secure-instagram-confirm-identity-center.online/signin.html
108,22,10,2,2,0,1,2,3,0,1,28,0.2593,0,0,0,3,0,0,1,0,4.937,1,1,0,1,http://portal-apple-verify.tk/index.php?token=bc97d523fb4b35c3dd5c2c5a6dcaa0512417234c8fd4c946&auth=required
63,17,26,3,2,0,1,1,5,0,0,8,0.127,0,0,0,2,0,0,1,1,4.8005,1,1,0,1,http://free-host-63.club//www.instagram.com/update?token=612459
34,5,22,1,2,0,0,0,3,0,0,1,0.0294,0,1,0,0,0,0,0,0,4.2928,0,1,0,1,http://rb.gy/wrZRiQ6N-google-alert
37,15,14,2,0,0,0,0,5,0,0,1,0.027,0,0,1,0,1,0,0,0,3.9261,0,0,0,0,https://app.dropbox.com/api/v1/status
23,9,6,1,0,0,0,0,3,0,0,0,0.0,0,0,0,0,1,0,0,0,3.6753,0,0,0,0,https://chase.com/about
110,24,10,2,2,0,1,2,3,0,1,27,0.2455,0,0,0,3,0,0,1,0,4.9423,1,1,0,1,http://portal-chase-verify.loan/index.php?token=684ffe4ad9c02a1bc407cc8a13f2ff58fd7d07805e5ea433&auth=required
43,11,24,2,1,0,0,0,5,0,0,1,0.0233,0,0,1,0,1,0,0,0,4.1207,0,0,0,0,https://dev.bbc.com/docs/v2/getting-started
41,12,21,2,0,0,0,0,6,0,0,6,0.1463,0,0,1,0,1,0,0,0,4.2107,0,0,0,0,https://www.pypi.org/news/2026/08/article
32,10,14,1,0,0,0,0,5,0,0,1,0.0312,0,0,0,0,1,0,0,0,3.8758,0,0,0,0,https://reddit.com/api/v1/status
25,11,6,1,0,0,0,0,3,0,0,0,0.0,0,0,0,0,1,0,0,0,3.8333,0,0,0,0,https://shopify.com/about
59,37,6,3,2,0,1,1,3,0,0,7,0.1186,0,0,2,2,0,0,1,0,4.7005,1,0,1,1,http://binance.com.suspended-notice-366.buzz/login?ref=4077
30,14,8,1,0,0,0,0,3,0,0,0,0.0,0,0,0,0,1,0,0,0,4.0314,0,0,0,0,https://salesforce.com/privacy
27,11,8,1,0,0,0,0,3,0,0,0,0.0,0,0,0,0,1,0,0,0,3.6764,0,0,0,0,https://reuters.com/contact
61,19,22,3,2,0,1,1,5,0,0,8,0.1311,0,0,0,2,0,0,1,1,4.6234,0,1,0,1,http://free-host-99.online//www.chase.com/update?token=124405
60,41,12,2,4,0,0,0,3,0,0,1,0.0167,0,0,0,4,0,0,1,0,4.3811,1,0,0,1,http://secure-amaz0n-security-update-center.work/signin.html
50,28,6,3,1,0,1,1,3,0,0,7,0.14,0,0,2,3,0,0,1,0,4.6831,0,1,1,1,http://paypal.com.verify-587.online/login?ref=6293
58,16,22,3,2,0,1,1,5,0,0,8,0.1379,0,0,0,2,0,0,1,1,4.5502,1,1,0,1,http://free-host-88.icu//www.apple.com/update?token=243224
38,8,22,1,0,0,0,0,4,0,0,0,0.0,0,0,0,0,1,0,0,0,3.9156,0,0,0,0,https://nasa.gov/resources/whitepapers
61,17,24,3,2,0,1,1,5,0,0,8,0.1311,0,0,0,2,0,0,1,1,4.603,1,1,0,1,http://free-host-88.loan//www.netflix.com/update?token=828354
52,10,21,4,0,0,1,1,4,0,0,16,0.3077,1,0,0,1,0,1,0,0,4.52,0,1,0,1,http://42.36.24.8:3000/instagram/verify.php?id=32001
23,14,1,2,0,0,0,0,3,0,0,0,0.0,0,0,1,0,1,0,0,0,3.5512,0,0,0,0,https://mail.twitch.tv/
41,5,29,1,2,0,0,0,3,0,0,0,0.0,0,1,0,0,0,0,0,0,4.5218,0,1,0,1,http://rb.gy/cRTnzoEW-bankofamerica-alert
21,8,5,1,0,0,0,0,3,0,0,0,0.0,0,0,0,0,1,0,0,0,3.6897,0,0,0,0,https://nasa.gov/help
65,43,6,3,2,0,1,1,3,0,0,7,0.1077,0,0,2,2,0,0,1,0,4.576,0,1,1,1,http://bankofamerica.com.confirm-identity-523.info/login?ref=5271
22,14,0,2,0,0,0,0,2,0,0,0,0.0,0,0,1,0,1,0,0,0,4.0049,0,0,0,0,https://dev.kaggle.com
37,7,22,1,0,0,0,0,5,0,0,0,0.0,0,0,0,0,1,0,0,0,4.0104,0,0,0,0,https://bbc.com/user/profile/settings
20,12,0,2,0,0,0,0,2,0,0,0,0.0,0,0,1,0,1,0,0,0,3.6842,0,0,0,0,https://mail.who.int
58,36,6,3,2,0,1,1,3,0,0,7,0.1207,0,0,2,3,0,0,1,0,4.6402,0,1,1,1,http://paypal.com.confirm-identity-435.info/login?ref=1289
20,11,1,1,0,0,0,0,3,0,0,0,0.0,0,0,0,0,1,0,0,0,3.5842,0,0,0,0,https://shopify.com/
61,42,12,2,4,0,0,0,3,0,0,0,0.0,0,0,0,3,0,0,1,0,4.062,1,0,0,1,http://secure-binance-suspended-notice-center.icu/signin.html
58,14,28,4,1,0,1,1,4,0,0,16,0.2759,1,0,0,0,0,0,0,0,4.7025,0,1,0,1,http://117.116.49.165/facebook/session-unlock.php?id=28134
58,15,23,3,2,0,1,1,5,0,0,8,0.1379,0,0,0,3,0,0,1,1,4.6142,1,1,0,1,http://free-host-82.tk//www.paypal.com/update?token=575836
46,18,20,2,0,0,0,0,4,0,0,0,0.0,0,0,1,0,1,0,0,0,4.0316,0,0,0,0,https://help.microsoft.com/category/technology
47,17,22,1,0,0,0,0,5,0,0,0,0.0,0,0,0,0,1,0,0,0,4.1795,0,0,0,0,https://bankofamerica.com/user/profile/settings
64,17,27,3,2,0,1,1,5,0,0,8,0.125,0,0,0,2,0,0,1,1,4.7565,1,0,0,1,http://free-host-59.buzz//www.wellsfargo.com/update?token=182482
22,6,8,1,0,0,0,0,3,0,0,0,0.0,0,0,0,0,1,0,0,0,3.6069,0,0,0,0,https://un.org/contact
26,10,8,1,0,0,0,0,3,0,0,0,0.0,0,0,0,0,1,0,0,0,3.5843,0,0,0,0,https://target.com/contact
61,42,12,2,4,0,0,0,3,0,0,0,0.0,0,0,0,3,0,0,1,0,4.1818,1,1,0,1,http://secure-amazon-suspended-notice-center.loan/signin.html
52,11,7,1,0,0,1,2,3,0,1,1,0.0192,0,0,0,0,1,0,0,0,4.52,0,0,0,0,https://youtube.com/search?q=machine+learning&page=2
59,40,12,2,4,0,0,0,3,0,0,4,0.0678,0,0,0,2,0,0,1,0,4.302,1,0,0,1,http://secure-g00g13-session-unlock-center.loan/signin.html
67,14,32,4,1,0,1,1,4,0,0,20,0.2985,1,0,0,1,0,1,0,0,4.9092,0,0,0,1,http://177.145.183.41:3000/wellsfargo/confirm-identity.php?id=29625
61,42,12,2,4,0,0,0,3,0,0,1,0.0164,0,0,0,3,0,0,1,0,4.4003,1,0,0,1,http://secure-paypa1-confirm-identity-center.buzz/signin.html
33,11,14,1,0,0,0,0,5,0,0,1,0.0303,0,0,0,0,1,0,0,0,3.7953,0,0,0,0,https://reuters.com/api/v1/status
63,41,6,3,2,0,1,1,3,0,0,7,0.1111,0,0,2,1,0,0,1,0,4.725,1,1,1,1,http://bankofamerica.com.session-unlock-457.club/login?ref=3808
41,11,22,1,0,0,0,0,5,0,0,0,0.0,0,0,0,0,1,0,0,0,4.0715,0,0,0,0,https://walmart.com/user/profile/settings
24,10,6,2,0,0,0,0,3,0,0,0,0.0,0,0,1,0,1,0,0,0,3.8554,0,0,0,0,https://api.un.org/terms
39,10,21,1,0,0,0,0,6,0,0,6,0.1538,0,0,0,0,1,0,0,0,4.1604,0,0,0,0,https://target.com/news/2026/08/article
23,11,4,1,0,0,0,0,3,0,0,0,0.0,0,0,0,0,1,0,0,0,3.7623,0,0,0,0,https://spotify.com/faq
55,33,6,3,2,0,1,1,3,0,0,7,0.1273,0,0,2,2,0,0,1,0,4.6879,1,1,1,1,http://chase.com.suspended-notice-237.tk/login?ref=2168
34,7,20,1,0,0,0,0,4,0,0,0,0.0,0,0,0,0,0,0,0,0,3.7711,0,0,0,0,http://cnn.com/category/technology
60,14,30,4,1,0,1,1,4,0,0,16,0.2667,1,0,0,1,0,0,0,0,4.7216,0,1,0,1,http://23.122.116.189/bankofamerica/auth-portal.php?id=46807
63,16,27,3,2,0,1,1,5,0,0,8,0.127,0,0,0,2,0,0,1,1,4.5511,1,0,0,1,http://free-host-36.top//www.wellsfargo.com/update?token=331293
39,10,21,1,1,0,0,0,4,0,0,6,0.1538,0,0,0,0,1,0,0,0,4.1991,0,0,0,0,https://reddit.com/products/item-129481
27,11,8,1,0,0,0,0,3,0,0,0,0.0,0,0,0,0,1,0,0,0,4.0323,0,0,0,0,https://youtube.com/privacy
65,19,26,3,2,0,1,1,5,0,0,8,0.1231,0,0,0,2,0,0,1,1,4.7148,0,1,0,1,http://free-host-22.online//www.instagram.com/update?token=950461
41,13,20,1,0,0,0,0,4,0,0,0,0.0,0,0,0,0,1,0,0,0,3.9948,0,0,0,0,https://instagram.com/category/technology
38,7,24,1,2,0,0,0,3,0,0,0,0.0,0,1,0,0,0,0,0,0,4.2737,0,1,0,1,http://cutt.ly/KIotrEJP-facebook-alert
48,16,24,2,1,0,0,0,5,0,0,1,0.0208,0,0,1,0,1,0,0,0,4.108,0,0,0,0,https://help.twitter.com/docs/v2/getting-started
57,38,12,2,4,0,0,0,3,0,0,0,0.0,0,0,0,3,0,0,1,0,4.1284,0,1,0,1,http://secure-apple-account-alert-center.info/signin.html
24,16,0,2,0,0,0,0,2,0,0,0,0.0,0,0,1,0,1,0,0,0,3.7721,0,0,0,0,https://help.shopify.com
109,23,10,2,2,0,1,2,3,0,1,34,0.3119,0,0,0,3,0,0,1,0,4.9959,1,1,0,1,http://portal-chase-verify.xyz/index.php?token=6923bd0e2adb25b72ab63680853a8a046e54e75c01853857&auth=required
29,13,8,2,0,0,0,0,3,0,0,0,0.0,0,0,1,0,1,0,0,0,3.6335,0,0,0,0,https://api.chase.com/contact
52,20,24,2,1,0,0,0,5,0,0,1,0.0192,0,0,1,0,1,0,0,0,4.2574,0,0,0,0,https://blog.theguardian.com/docs/v2/getting-started
46,16,22,2,0,0,0,0,4,0,0,0,0.0,0,0,1,0,1,0,0,0,3.9903,0,0,0,0,https://help.youtube.com/resources/whitepapers
30,14,8,2,0,0,0,0,3,0,0,0,0.0,0,0,1,0,1,0,0,0,3.9647,0,0,0,0,https://mail.vimeo.com/privacy
28,14,6,1,0,0,0,0,3,0,0,0,0.0,0,0,0,0,1,0,0,0,3.9408,0,0,0,0,https://wellsfargo.com/terms
36,14,14,3,0,0,0,0,5,0,0,1,0.0278,0,0,1,0,1,0,0,0,3.8401,0,0,0,0,https://help.cam.ac.uk/api/v1/status
60,38,6,3,2,0,1,1,3,0,0,7,0.1167,0,0,2,1,0,0,1,0,4.5587,1,1,1,1,http://microsoft.com.session-unlock-187.click/login?ref=2254
48,16,24,2,1,0,0,0,5,0,0,1,0.0208,0,0,1,0,1,0,0,0,4.1913,0,0,0,0,https://blog.harvard.edu/docs/v2/getting-started
14,7,0,1,0,0,0,0,2,0,0,0,0.0,0,0,0,0,0,0,0,0,3.5216,0,0,0,0,http://irs.gov
115,29,10,2,2,0,1,2,3,0,1,33,0.287,0,0,0,3,0,0,1,0,4.9659,0,1,0,1,http://portal-facebook-verify.online/index.php?token=3ce643a4a02b2750860752c69586fe8a0a011d66dab83f73&auth=required
52,11,7,2,0,0,1,2,3,0,1,1,0.0192,0,0,1,0,1,0,0,0,4.3952,0,0,0,0,https://app.bbc.com/search?q=machine+learning&page=2
58,39,12,2,4,0,0,0,3,0,0,1,0.0172,0,0,0,2,0,0,1,0,4.1614,1,0,0,1,http://secure-chas3-session-unlock-center.loan/signin.html
59,17,22,3,2,0,1,1,5,0,0,8,0.1356,0,0,0,2,0,0,1,1,4.6438,1,1,0,1,http://free-host-79.club//www.apple.com/update?token=598332
110,24,10,2,2,0,1,2,3,0,1,28,0.2545,0,0,0,3,0,0,1,0,4.9509,1,1,0,1,http://portal-apple-verify.buzz/index.php?token=baa8549978a74cf3d2f42ff21d5370271ba6ac1e778dfaf4&auth=required
44,15,21,2,1,0,0,0,4,0,0,6,0.1364,0,0,1,0,1,0,0,0,4.5332,0,0,0,0,https://blog.amazon.com/products/item-129481
41,12,21,2,1,0,0,0,4,0,0,6,0.1463,0,0,1,0,1,0,0,0,4.3635,0,0,0,0,https://my.apple.com/products/item-129481
51,21,22,2,0,0,0,0,4,0,0,0,0.0,0,0,1,0,1,0,0,0,4.0887,0,0,0,0,https://developer.mozilla.org/resources/whitepapers
40,10,22,1,0,0,0,0,5,0,0,0,0.0,0,0,0,0,1,0,0,0,4.0037,0,0,0,0,https://github.com/user/profile/settings
114,28,10,2,2,0,1,2,3,0,1,27,0.2368,0,0,0,3,0,0,1,0,4.762,0,1,0,1,http://portal-netflix-verify.online/index.php?token=ffcbb094ab4a9c459c3fd70aede149e9444b55949bc47a74&auth=required
40,12,21,1,1,0,0,0,4,0,0,6,0.15,0,0,0,0,0,0,0,0,4.4031,0,0,0,0,http://facebook.com/products/item-129481
50,14,20,4,0,0,1,1,4,0,0,16,0.32,1,0,0,1,0,0,0,0,4.6366,0,1,0,1,http://65.115.249.131/facebook/verify.php?id=90417
58,16,22,3,2,0,1,1,5,0,0,8,0.1379,0,0,0,2,0,0,1,1,4.6322,1,1,0,1,http://free-host-94.icu//www.apple.com/update?token=830778
58,39,12,2,4,0,0,0,3,0,0,0,0.0,0,0,0,3,0,0,1,0,4.1357,1,1,0,1,http://secure-google-billing-resolve-center.tk/signin.html
41,5,29,1,2,0,0,0,3,0,0,0,0.0,0,1,0,0,0,0,0,0,4.473,0,1,0,1,http://rb.gy/edHTvGor-bankofamerica-alert
24,11,5,1,0,0,0,0,3,0,0,0,0.0,0,0,0,0,1,0,0,0,3.8239,0,0,0,0,https://dropbox.com/help
57,14,27,4,1,0,1,1,4,0,0,16,0.2807,1,0,0,2,0,0,0,0,4.7388,0,1,0,1,http://179.122.223.86/paypal/billing-resolve.php?id=45070
21,12,1,1,0,0,0,0,3,0,0,0,0.0,0,0,0,0,1,0,0,0,3.8802,0,0,0,0,https://linkedin.com/
25,9,8,1,0,0,0,0,3,0,0,0,0.0,0,0,0,0,1,0,0,0,3.6733,0,0,0,0,https://quora.com/contact
45,17,20,2,0,0,0,0,4,0,0,0,0.0,0,0,1,1,1,0,0,0,4.0031,0,0,0,0,https://login.nytimes.com/category/technology
16,7,1,1,0,0,0,0,3,0,0,0,0.0,0,0,0,0,1,0,0,0,3.4528,0,0,0,0,https://irs.gov/
26,12,6,2,0,0,0,0,3,0,0,0,0.0,0,0,1,0,1,0,0,0,3.9022,0,0,0,0,https://blog.mit.edu/terms
60,41,12,2,4,0,0,0,3,0,0,1,0.0167,0,0,0,4,0,0,1,0,4.2477,1,0,0,1,http://secure-paypa1-security-update-center.loan/signin.html
44,22,14,2,0,0,0,0,5,0,0,1,0.0227,0,0,1,0,1,0,0,0,4.0904,0,0,0,0,https://portal.theguardian.com/api/v1/status
25,13,4,1,0,0,0,0,3,0,0,0,0.0,0,0,0,0,1,0,0,0,3.9133,0,0,0,0,https://instagram.com/faq
54,35,12,2,3,0,0,0,3,0,0,0,0.0,0,0,0,3,0,0,1,0,4.19,0,1,0,1,http://secure-microsoft-verify-center.live/signin.html
67,17,30,3,2,0,1,1,5,0,0,8,0.1194,0,0,0,2,0,0,1,1,4.6712,0,1,0,1,http://free-host-11.info//www.bankofamerica.com/update?token=460967
64,14,29,4,1,0,1,1,4,0,0,20,0.3125,1,0,0,1,0,1,0,0,4.4777,0,0,0,1,http://103.133.132.34:8080/binance/suspended-notice.php?id=37723
24,12,4,2,0,0,0,0,3,0,0,0,0.0,0,0,1,0,1,0,0,0,3.6887,0,0,0,0,https://my.yahoo.com/faq
31,17,6,2,0,0,0,0,3,0,0,0,0.0,0,0,1,1,1,0,0,0,3.9134,0,0,0,0,https://login.nytimes.com/terms
48,18,22,2,0,0,0,0,5,0,0,0,0.0,0,0,1,0,1,0,0,0,4.0957,0,0,0,0,https://app.wellsfargo.com/user/profile/settings
23,15,0,2,0,0,0,0,2,0,0,0,0.0,0,0,1,0,1,0,0,0,3.6753,0,0,0,0,https://docs.python.org
35,7,21,1,2,0,0,0,3,0,0,3,0.0857,0,1,0,0,0,0,0,0,4.2402,0,1,0,1,http://cutt.ly/Ae4m8HW9-chase-alert
56,12,28,4,1,0,1,1,4,0,0,14,0.25,1,0,0,1,0,0,0,0,4.5883,0,1,0,1,http://55.38.46.226/amazon/confirm-identity.php?id=73552
60,17,23,3,2,0,1,1,5,0,0,8,0.1333,0,0,0,2,0,0,1,1,4.6952,1,1,0,1,http://free-host-35.buzz//www.google.com/update?token=800027
59,37,6,3,2,0,1,1,3,0,0,7,0.1186,0,0,2,2,0,0,1,0,4.6194,0,1,1,1,http://facebook.com.billing-resolve-648.info/login?ref=8493
118,32,10,2,2,0,1,2,3,0,1,33,0.2797,0,0,0,3,0,0,1,0,5.0199,1,1,0,1,http://portal-bankofamerica-verify.buzz/index.php?token=21948edc9afb57b164d8265e776675f5542b60ffb93218a5&auth=required
43,13,22,1,0,0,0,0,4,0,0,0,0.0,0,0,0,0,1,0,0,0,3.9294,0,0,0,0,https://wikipedia.org/resources/whitepapers
28,15,5,2,0,0,0,0,3,0,0,0,0.0,0,0,1,0,1,0,0,0,3.744,0,0,0,0,https://help.medium.com/help
41,5,29,1,2,0,0,0,3,0,0,2,0.0488,0,1,0,0,0,0,0,0,4.5313,0,1,0,1,http://rb.gy/46aTKiwJ-bankofamerica-alert
59,40,12,2,4,0,0,0,3,0,0,0,0.0,0,0,0,3,0,0,1,0,4.2124,0,1,0,1,http://secure-microsoft-auth-portal-center.live/signin.html
40,10,22,1,0,0,0,0,4,0,0,0,0.0,0,0,0,0,1,0,0,0,3.9653,0,0,0,0,https://github.com/resources/whitepapers
118,32,10,2,2,0,1,2,3,0,1,29,0.2458,0,0,0,3,0,0,1,0,4.9333,0,1,0,1,http://portal-bankofamerica-verify.live/index.php?token=2b5bb512940b1bd00a116dca467e3ca1b21af1392eec2809&auth=required
42,12,22,1,0,0,0,0,4,0,0,0,0.0,0,0,0,0,1,0,0,0,4.0916,0,0,0,0,https://linkedin.com/resources/whitepapers
24,15,1,2,0,0,0,0,3,0,0,0,0.0,0,0,1,1,1,0,0,0,3.8868,0,0,0,0,https://login.chase.com/
40,11,22,1,2,0,0,0,3,0,0,1,0.025,0,1,0,1,0,0,0,0,4.3464,0,1,0,1,http://tinyurl.com/h4HnesbD-paypal-alert
37,7,22,1,0,0,0,0,5,0,0,0,0.0,0,0,0,0,1,0,0,0,3.818,0,0,0,0,https://irs.gov/user/profile/settings
59,40,12,2,4,0,0,0,3,0,0,4,0.0678,0,0,0,4,0,0,1,0,4.4071,1,0,0,1,http://secure-g00g13-security-update-center.xyz/signin.html
16,8,0,2,0,0,0,0,2,0,0,0,0.0,0,0,0,0,1,0,0,0,3.625,0,0,0,0,https://ox.ac.uk
48,19,21,2,0,0,0,0,6,0,0,6,0.125,0,0,1,0,1,0,0,0,4.3554,0,0,0,0,https://api.theguardian.com/news/2026/08/article
40,10,22,1,0,0,0,0,5,0,0,0,0.0,0,0,0,0,1,0,0,0,4.0628,0,0,0,0,https://kaggle.com/user/profile/settings
23,9,6,1,0,0,0,0,3,0,0,0,0.0,0,0,0,0,1,0,0,0,3.7294,0,0,0,0,https://adobe.com/about
45,15,22,2,0,0,0,0,4,0,0,0,0.0,0,0,1,1,1,0,0,0,4.1613,0,0,0,0,https://login.adobe.com/resources/whitepapers
35,6,22,1,2,0,0,0,3,0,0,0,0.0,0,1,0,0,0,0,0,0,4.2646,0,1,0,1,http://bit.ly/cBWuoRqp-google-alert
39,9,22,1,0,0,0,0,5,0,0,0,0.0,0,0,0,0,1,0,0,0,3.9746,0,0,0,0,https://vimeo.com/user/profile/settings
37,9,20,1,0,0,0,0,4,0,0,0,0.0,0,0,0,0,1,0,0,0,3.905,0,0,0,0,https://apple.com/category/technology
43,14,21,1,0,0,0,0,6,0,0,6,0.1395,0,0,0,0,1,0,0,0,4.2108,0,0,0,0,https://aliexpress.com/news/2026/08/article
47,6,7,1,0,0,1,2,3,0,1,1,0.0213,0,0,0,0,1,0,0,0,4.384,0,0,0,0,https://un.org/search?q=machine+learning&page=2
55,36,12,2,4,0,0,0,3,0,0,4,0.0727,0,0,0,3,0,0,1,0,4.2872,1,0,0,1,http://secure-g00g13-auth-portal-center.top/signin.html
31,17,6,2,0,0,0,0,3,0,0,0,0.0,0,0,1,1,1,0,0,0,4.1313,0,0,0,0,https://login.netflix.com/about
56,34,6,3,2,0,1,1,3,0,0,7,0.125,0,0,2,1,0,0,1,0,4.5789,1,1,1,1,http://google.com.session-unlock-951.club/login?ref=9030
34,12,14,2,0,0,0,0,5,0,0,1,0.0294,0,0,1,0,1,0,0,0,3.8781,0,0,0,0,https://my.vimeo.com/api/v1/status
60,17,23,3,2,0,1,1,5,0,0,8,0.1333,0,0,0,2,0,0,1,1,4.6696,1,1,0,1,http://free-host-86.buzz//www.amazon.com/update?token=784552
22,13,1,1,0,0,0,0,3,0,0,0,0.0,0,0,0,0,1,0,0,0,3.7544,0,0,0,0,https://instagram.com/
23,7,8,1,0,0,0,0,3,0,0,0,0.0,0,0,0,0,1,0,0,0,3.7951,0,0,0,0,https://irs.gov/privacy
40,9,24,2,1,0,0,0,5,0,0,1,0.025,0,0,0,0,0,0,0,0,4.1562,0,0,0,0,http://cam.ac.uk/docs/v2/getting-started
38,8,22,1,0,0,0,0,4,0,0,0,0.0,0,0,0,0,1,0,0,0,3.9354,0,0,0,0,https://ebay.com/resources/whitepapers
28,14,6,2,0,0,0,0,3,0,0,0,0.0,0,0,1,0,1,0,0,0,3.8424,0,0,0,0,https://my.dropbox.com/terms
114,28,10,2,2,0,1,2,3,0,1,33,0.2895,0,0,0,3,0,0,1,0,4.988,1,1,0,1,http://portal-facebook-verify.click/index.php?token=3b7b009d8b244c6ea0e21fda8b595a517f6505b815421957&auth=required
59,16,23,3,2,0,1,1,5,0,0,8,0.1356,0,0,0,3,0,0,1,1,4.6583,1,1,0,1,http://free-host-43.icu//www.paypal.com/update?token=200462
48,26,14,3,0,0,0,0,5,0,0,1,0.0208,0,0,2,0,1,0,0,0,4.1237,0,0,0,0,https://mail.developer.mozilla.org/api/v1/status
21,9,4,1,0,0,0,0,3,0,0,0,0.0,0,0,0,0,1,0,0,0,3.6538,0,0,0,0,https://yahoo.com/faq
114,28,10,2,2,0,1,2,3,0,1,30,0.2632,0,0,0,3,0,0,1,0,4.9828,0,1,0,1,http://portal-microsoft-verify.live/index.php?token=3969c9bb7bd031ccc4ef955760c2ef9699368fa41c7ec229&auth=required
28,15,5,2,0,0,0,0,3,0,0,0,0.0,0,0,1,0,1,0,0,0,3.8154,0,0,0,0,https://docs.python.org/help
28,19,1,2,0,0,0,0,3,0,0,0,0.0,0,0,1,0,1,0,0,0,4.0122,0,0,0,0,https://blog.wellsfargo.com/
58,13,24,4,1,0,1,1,4,0,0,19,0.3276,1,0,0,1,0,1,0,0,4.4893,0,1,0,1,http://215.77.189.83:8888/netflix/auth-portal.php?id=29317
44,15,21,2,1,0,0,0,4,0,0,6,0.1364,0,0,1,0,1,0,0,0,4.3908,0,0,0,0,https://www.shopify.com/products/item-129481
40,11,22,1,2,0,0,0,3,0,0,4,0.1,0,1,0,1,0,0,0,0,4.4464,0,1,0,1,http://tinyurl.com/O99ML87b-paypal-alert
46,14,24,2,1,0,0,0,5,0,0,1,0.0217,0,0,1,0,1,0,0,0,4.1785,0,0,0,0,https://aws.amazon.com/docs/v2/getting-started
65,14,30,4,1,0,1,1,4,0,0,20,0.3077,1,0,0,2,0,1,0,0,4.6573,0,1,0,1,http://135.97.193.222:4444/microsoft/security-update.php?id=26495
41,9,24,1,1,0,0,0,5,0,0,1,0.0244,0,0,0,0,1,0,0,0,4.1043,0,0,0,0,https://apple.com/docs/v2/getting-started
23,16,0,2,0,0,0,0,2,0,0,0,0.0,0,0,1,0,0,0,0,0,3.9149,0,0,0,0,http://blog.harvard.edu
49,11,17,4,0,0,1,1,4,0,0,17,0.3469,1,0,0,1,0,1,0,0,4.4316,0,1,0,1,http://64.52.18.48:3000/apple/verify.php?id=80609
44,16,20,2,0,0,0,0,4,0,0,0,0.0,0,0,1,0,1,0,0,0,4.0189,0,0,0,0,https://help.walmart.com/category/technology
39,7,25,1,2,0,0,0,3,0,0,3,0.0769,0,1,0,0,0,0,0,0,4.4068,0,1,0,1,http://cutt.ly/2DW92DzK-microsoft-alert
36,8,20,1,0,0,0,0,4,0,0,0,0.0,0,0,0,0,1,0,0,0,4.0277,0,0,0,0,https://ebay.com/dashboard/analytics
52,30,6,3,1,0,1,1,3,0,0,7,0.1346,0,0,2,2,0,0,1,0,4.6279,1,1,1,1,http://microsoft.com.verify-747.click/login?ref=2865
50,21,21,2,0,0,0,0,6,0,0,6,0.12,0,0,1,0,1,0,0,0,4.3382,0,0,0,0,https://portal.cloudflare.com/news/2026/08/article
44,12,24,2,1,0,0,0,5,0,0,1,0.0227,0,0,1,0,1,0,0,0,4.1381,0,0,0,0,https://help.cnn.com/docs/v2/getting-started
27,13,6,1,0,0,0,0,3,0,0,0,0.0,0,0,0,0,1,0,0,0,3.7821,0,0,0,0,https://instagram.com/terms
58,36,6,3,2,0,1,1,3,0,0,7,0.1207,0,0,2,3,0,0,1,0,4.7239,1,0,1,1,http://binance.com.security-update-219.club/login?ref=6896
33,19,6,2,0,0,0,0,3,0,0,0,0.0,0,0,1,0,1,0,0,0,3.9603,0,0,0,0,https://help.wellsfargo.com/terms
41,11,23,1,2,0,0,0,3,0,0,1,0.0244,0,1,0,0,0,0,0,0,4.5498,0,1,0,1,http://tinyurl.com/XwYjwbq8-netflix-alert
43,11,24,2,1,0,0,0,5,0,0,1,0.0233,0,0,1,0,1,0,0,0,4.0305,0,0,0,0,https://dev.mit.edu/docs/v2/getting-started
37,7,22,1,0,0,0,0,5,0,0,0,0.0,0,0,0,0,1,0,0,0,3.8384,0,0,0,0,https://who.int/user/profile/settings
53,31,6,3,2,0,1,1,3,0,0,7,0.1321,0,0,2,3,0,0,1,0,4.579,1,1,1,1,http://paypal.com.account-alert-834.tk/login?ref=4042
28,16,4,2,0,0,0,0,3,0,0,0,0.0,0,0,1,0,1,0,0,0,4.0391,0,0,0,0,https://help.nytimes.com/faq
56,13,27,4,1,0,1,1,4,0,0,15,0.2679,1,0,0,3,0,0,0,0,4.5883,0,1,0,1,http://40.167.215.39/paypal/security-update.php?id=63974
113,27,10,2,2,0,1,2,3,0,1,31,0.2743,0,0,0,3,0,0,1,0,4.9559,0,1,0,1,http://portal-facebook-verify.live/index.php?token=6f5864a48a82a7f0eb3dbf0c2a0cd49541486bff76660029&auth=required
56,34,6,3,2,0,1,1,3,0,0,7,0.125,0,0,2,2,0,0,1,0,4.7557,1,1,1,1,http://chase.com.suspended-notice-103.xyz/login?ref=5358
114,28,10,2,2,0,1,2,3,0,1,34,0.2982,0,0,0,3,0,0,1,0,5.0298,1,0,0,1,http://portal-wellsfargo-verify.top/index.php?token=a8172074155dfa89691205b63add66611dd1997c0c551b8f&auth=required
60,41,12,2,4,0,0,0,3,0,0,0,0.0,0,0,0,4,0,0,1,0,4.2995,1,1,0,1,http://secure-google-security-update-center.buzz/signin.html
30,16,6,2,0,0,0,0,3,0,0,0,0.0,0,0,1,0,1,0,0,0,3.9232,0,0,0,0,https://help.walmart.com/about
44,14,22,2,0,0,0,0,5,0,0,0,0.0,0,0,1,0,1,0,0,0,4.153,0,0,0,0,https://aws.amazon.com/user/profile/settings
48,34,7,1,3,0,0,0,3,0,0,0,0.0,0,0,0,3,0,0,1,0,4.2029,0,0,0,1,http://netfllix-billing-update-center.com/signin
24,16,0,2,0,0,0,0,2,0,0,0,0.0,0,0,1,0,1,0,0,0,3.8554,0,0,0,0,https://www.facebook.com
61,13,27,4,1,0,1,1,4,0,0,19,0.3115,1,0,0,1,0,1,0,0,4.7933,0,1,0,1,http://48.12.169.217:8888/amazon/billing-resolve.php?id=77905
111,25,10,2,2,0,1,2,3,0,1,31,0.2793,0,0,0,3,0,0,1,0,4.998,0,1,0,1,http://portal-google-verify.info/index.php?token=cdb19d5cb9578b1885fb27ec95f22b027d060f3257407a8e&auth=required
22,8,6,1,0,0,0,0,3,0,0,0,0.0,0,0,0,0,1,0,0,0,3.7201,0,0,0,0,https://nasa.gov/terms
25,12,5,2,0,0,0,0,3,0,0,0,0.0,0,0,1,0,1,0,0,0,3.6235,0,0,0,0,https://help.nih.gov/help
38,7,24,1,2,0,0,0,3,0,0,3,0.0789,0,1,0,0,0,0,0,0,4.3436,0,1,0,1,http://cutt.ly/ki8iR8I9-facebook-alert
23,15,0,2,0,0,0,0,2,0,0,0,0.0,0,0,1,0,1,0,0,0,3.969,0,0,0,0,https://api.netflix.com
110,24,10,2,2,0,1,2,3,0,1,31,0.2818,0,0,0,3,0,0,1,0,4.946,1,1,0,1,http://portal-google-verify.icu/index.php?token=ded58a852a3e249e830e800b4d0c1647b855bc6126e82e2b&auth=required
59,12,26,4,1,0,1,1,4,0,0,18,0.3051,1,0,0,1,0,1,0,0,4.6872,0,1,0,1,http://70.202.44.54:8888/chase/billing-resolve.php?id=29141
39,11,21,1,2,0,0,0,3,0,0,0,0.0,0,1,0,0,0,0,0,0,4.4968,0,1,0,1,http://tinyurl.com/EYPgIyNp-chase-alert
61,39,6,3,2,0,1,1,3,0,0,7,0.1148,0,0,2,2,0,0,1,0,4.5702,0,0,1,1,http://wellsfargo.com.account-alert-716.online/login?ref=6427
31,18,5,2,0,0,0,0,3,0,0,0,0.0,0,0,1,0,1,0,0,0,4.0424,0,0,0,0,https://blog.wikipedia.org/help
39,17,14,2,0,0,0,0,5,0,0,1,0.0256,0,0,1,1,1,0,0,0,4.0349,0,0,0,0,https://login.twitter.com/api/v1/status
62,43,12,2,4,0,0,0,3,0,0,0,0.0,0,0,0,3,0,0,1,0,4.1093,1,0,0,1,http://secure-binance-suspended-notice-center.club/signin.html
64,12,31,4,1,0,1,1,4,0,0,18,0.2812,1,0,0,1,0,1,0,0,4.6244,0,1,0,1,http://21.29.52.114:8888/microsoft/suspended-notice.php?id=63455
61,14,26,4,1,0,1,1,4,0,0,20,0.3279,1,0,0,2,0,1,0,0,4.4771,0,1,0,1,http://30.207.219.160:3000/apple/security-update.php?id=44107
66,44,6,3,2,0,1,1,3,0,0,7,0.1061,0,0,2,3,0,0,1,0,4.7621,0,1,1,1,http://bankofamerica.com.security-update-452.online/login?ref=5316
61,39,6,3,2,0,1,1,3,0,0,7,0.1148,0,0,2,2,0,0,1,0,4.6498,1,0,1,1,http://wellsfargo.com.billing-resolve-854.work/login?ref=4827
26,10,8,1,0,0,0,0,3,0,0,0,0.0,0,0,0,0,1,0,0,0,3.9501,0,0,0,0,https://amazon.com/privacy
58,16,22,3,2,0,1,1,5,0,0,8,0.1379,0,0,0,2,0,0,1,1,4.5158,1,1,0,1,http://free-host-25.top//www.apple.com/update?token=845968
118,32,10,2,2,0,1,2,3,0,1,29,0.2458,0,0,0,3,0,0,1,0,5.0007,1,1,0,1,http://portal-bankofamerica-verify.work/index.php?token=1ca85b6279f1537c1cdb68bd8bd4fb5f155854490d0f91cd&auth=required
58,39,12,2,4,0,0,0,3,0,0,0,0.0,0,0,0,3,0,0,1,0,4.1121,1,1,0,1,http://secure-amazon-account-alert-center.loan/signin.html
59,37,6,3,2,0,1,1,3,0,0,7,0.1186,0,0,2,2,0,0,1,0,4.6133,1,1,1,1,http://instagram.com.confirm-identity-122.tk/login?ref=8499
113,27,10,2,2,0,1,2,3,0,1,29,0.2566,0,0,0,3,0,0,1,0,4.9584,0,1,0,1,http://portal-facebook-verify.live/index.php?token=b441903addfbfbf31a2bf72158f953404296b6f5d0dc14e0&auth=required
37,5,25,1,2,0,0,0,3,0,0,2,0.0541,0,1,0,0,0,0,0,0,4.5741,0,1,0,1,http://rb.gy/M1ufNY2U-microsoft-alert
68,14,33,4,1,0,1,1,4,0,0,20,0.2941,1,0,0,0,0,1,0,0,4.6973,0,1,0,1,http://50.243.101.241:4444/bankofamerica/session-unlock.php?id=14754
63,16,27,3,2,0,1,1,5,0,0,8,0.127,0,0,0,2,0,0,1,1,4.5829,1,0,0,1,http://free-host-12.top//www.wellsfargo.com/update?token=595021
116,30,10,2,2,0,1,2,3,0,1,36,0.3103,0,0,0,3,0,0,1,0,5.0629,1,0,0,1,http://portal-wellsfargo-verify.click/index.php?token=00821ce7b0e01344865a67f01fd61f37229669ec7576d148&auth=required
22,10,4,1,0,0,0,0,3,0,0,0,0.0,0,0,0,0,1,0,0,0,3.9363,0,0,0,0,https://medium.com/faq
42,13,21,2,0,0,0,0,6,0,0,6,0.1429,0,0,1,0,1,0,0,0,4.3204,0,0,0,0,https://blog.pypi.org/news/2026/08/article
39,11,20,1,0,0,0,0,4,0,0,0,0.0,0,0,0,0,1,0,0,0,4.0478,0,0,0,0,https://shopify.com/dashboard/analytics
53,12,25,4,0,0,1,1,4,0,0,14,0.2642,1,0,0,1,0,0,0,0,4.6991,0,1,0,1,http://207.170.1.14/bankofamerica/verify.php?id=90765
60,17,23,3,2,0,1,1,5,0,0,8,0.1333,0,0,0,2,0,0,1,1,4.5968,0,1,0,1,http://free-host-91.info//www.amazon.com/update?token=982711
43,7,29,1,2,0,0,0,3,0,0,0,0.0,0,1,0,0,0,0,0,0,4.3129,0,1,0,1,http://cutt.ly/minirbFH-bankofamerica-alert
114,28,10,2,2,0,1,2,3,0,1,30,0.2632,0,0,0,3,0,0,1,0,5.0113,1,1,0,1,http://portal-microsoft-verify.buzz/index.php?token=3518ef51bc077b970b18f01d86b9ce0090d7b0cb44d52ba0&auth=required
23,9,6,1,0,0,0,0,3,0,0,0,0.0,0,0,0,0,1,0,0,0,3.7294,0,0,0,0,https://quora.com/about
63,17,26,3,2,0,1,1,5,0,0,8,0.127,0,0,0,2,0,0,1,1,4.6917,1,1,0,1,http://free-host-73.buzz//www.microsoft.com/update?token=544904
111,25,10,2,2,0,1,2,3,0,1,27,0.2432,0,0,0,3,0,0,1,0,5.0128,1,1,0,1,http://portal-amazon-verify.work/index.php?token=68d8d537ee8a109a5d8cdf91b4bfb40e29db74fa21b9202d&auth=required
59,17,22,3,2,0,1,1,5,0,0,8,0.1356,0,0,0,2,0,0,1,1,4.6566,0,1,0,1,http://free-host-86.info//www.apple.com/update?token=320095
61,42,12,2,4,0,0,0,3,0,0,0,0.0,0,0,0,4,0,0,1,0,4.3675,1,1,0,1,http://secure-paypal-confirm-identity-center.buzz/signin.html
59,17,22,3,2,0,1,1,5,0,0,8,0.1356,0,0,0,2,0,0,1,1,4.6182,1,1,0,1,http://free-host-31.buzz//www.chase.com/update?token=494115
19,10,1,1,0,0,0,0,3,0,0,0,0.0,0,0,0,0,1,0,0,0,3.7871,0,0,0,0,https://kaggle.com/
28,16,4,2,0,0,0,0,3,0,0,0,0.0,0,0,1,0,1,0,0,0,4.0122,0,0,0,0,https://mail.nytimes.com/faq
110,24,10,2,2,0,1,2,3,0,1,33,0.3,0,0,0,3,0,0,1,0,4.9779,1,1,0,1,http://portal-chase-verify.loan/index.php?token=18751a07a1372090d86471dbeaf5f6c892af86e730300d5c&auth=required
39,11,20,1,0,0,0,0,4,0,0,0,0.0,0,0,0,0,1,0,0,0,4.0772,0,0,0,0,https://netflix.com/category/technology
24,15,1,2,0,0,0,0,3,0,0,0,0.0,0,0,1,0,1,0,0,0,3.8554,0,0,0,0,https://dev.nytimes.com/
23,8,8,1,0,0,0,0,3,0,0,0,0.0,0,0,0,0,0,0,0,0,3.2903,0,0,0,0,http://citi.com/contact
64,19,25,3,2,0,1,1,5,0,0,8,0.125,0,0,0,2,0,0,1,1,4.6484,0,1,0,1,http://free-host-48.online//www.facebook.com/update?token=720626
45,15,22,2,0,0,0,0,5,0,0,0,0.0,0,0,1,0,1,0,0,0,4.1255,0,0,0,0,https://portal.ebay.com/user/profile/settings
48,7,7,1,0,0,1,2,3,0,1,1,0.0208,0,0,0,0,1,0,0,0,4.3895,0,0,0,0,https://mit.edu/search?q=machine+learning&page=2
25,9,8,1,0,0,0,0,3,0,0,0,0.0,0,0,0,0,1,0,0,0,3.8937,0,0,0,0,https://apple.com/privacy
60,11,28,4,1,0,1,1,4,0,0,17,0.2833,1,0,0,1,0,1,0,0,4.6237,0,1,0,1,http://86.54.11.27:4444/microsoft/account-alert.php?id=71866
65,46,12,2,4,0,0,0,3,0,0,0,0.0,0,0,0,3,0,0,1,0,4.2184,0,1,0,1,http://secure-bankofamerica-account-alert-center.info/signin.html
112,26,10,2,2,0,1,2,3,0,1,33,0.2946,0,0,0,3,0,0,1,0,4.9563,1,1,0,1,http://portal-microsoft-verify.tk/index.php?token=e873c4f8ce5729496ca561846d111851cc530e3da3ca0313&auth=required
57,35,6,3,2,0,1,1,3,0,0,7,0.1228,0,0,2,2,0,0,1,0,4.6507,0,0,1,1,http://wellsfargo.com.auth-portal-829.info/login?ref=4470
49,27,6,3,1,0,1,1,3,0,0,7,0.1429,0,0,2,2,0,0,1,0,4.6597,1,1,1,1,http://netflix.com.verify-820.loan/login?ref=9685
40,7,26,1,2,0,0,0,3,0,0,1,0.025,0,1,0,0,0,0,0,0,4.3251,0,0,0,1,http://cutt.ly/a0ZCyBEe-wellsfargo-alert
36,6,23,1,2,0,0,0,3,0,0,1,0.0278,0,1,0,0,0,0,0,0,4.2527,0,1,0,1,http://bit.ly/tKcIBHc8-netflix-alert
34,6,21,1,2,0,0,0,3,0,0,4,0.1176,0,1,0,0,0,0,0,0,4.2195,0,1,0,1,http://bit.ly/5W7r5qC5-chase-alert
34,6,21,1,2,0,0,0,3,0,0,3,0.0882,0,1,0,0,0,0,0,0,4.1385,0,1,0,1,http://bit.ly/0DbP99Vf-apple-alert
57,16,7,2,0,0,1,2,3,0,1,1,0.0175,0,0,1,0,1,0,0,0,4.5258,0,0,0,0,https://mail.youtube.com/search?q=machine+learning&page=2
61,42,12,2,4,0,0,0,3,0,0,0,0.0,0,0,0,3,0,0,1,0,4.1316,1,1,0,1,http://secure-google-suspended-notice-center.club/signin.html
36,7,21,1,0,0,0,0,6,0,0,6,0.1667,0,0,0,0,1,0,0,0,4.2527,0,0,0,0,https://zoom.us/news/2026/08/article
27,13,6,1,0,0,0,0,3,0,0,0,0.0,0,0,0,0,1,0,0,0,3.9303,0,0,0,0,https://wikipedia.org/terms
29,13,8,2,0,0,0,0,3,0,0,0,0.0,0,0,1,0,1,0,0,0,3.8833,0,0,0,0,https://www.yahoo.com/privacy
56,34,6,3,2,0,1,1,3,0,0,7,0.125,0,0,2,2,0,0,1,0,4.5174,1,1,1,1,http://google.com.account-alert-280.click/login?ref=2510
50,18,24,2,1,0,0,0,5,0,0,1,0.02,0,0,1,0,1,0,0,0,4.2562,0,0,0,0,https://www.wellsfargo.com/docs/v2/getting-started
39,10,21,1,0,0,0,0,6,0,0,6,0.1538,0,0,0,0,1,0,0,0,4.2655,0,0,0,0,https://medium.com/news/2026/08/article
58,39,12,2,4,0,0,0,3,0,0,0,0.0,0,0,0,2,0,0,1,0,4.1614,1,1,0,1,http://secure-chase-session-unlock-center.work/signin.html
32,10,14,1,0,0,0,0,5,0,0,1,0.0312,0,0,0,0,1,0,0,0,3.84,0,0,0,0,https://medium.com/api/v1/status
58,39,12,2,4,0,0,0,3,0,0,0,0.0,0,0,0,3,0,0,1,0,4.1032,1,1,0,1,http://secure-instagram-auth-portal-center.top/signin.html
33,19,6,2,0,0,0,0,3,0,0,0,0.0,0,0,1,0,1,0,0,0,4.0061,0,0,0,0,https://blog.salesforce.com/about
65,14,35,4,1,0,1,1,4,0,0,16,0.2462,1,0,0,1,0,0,0,0,4.8243,0,1,0,1,http://205.197.148.33/bankofamerica/confirm-identity.php?id=76820
27,13,6,1,0,0,0,0,3,0,0,0,0.0,0,0,0,0,1,0,0,0,3.8842,0,0,0,0,https://instagram.com/about
32,17,8,1,0,0,0,0,3,0,0,0,0.0,0,0,0,0,0,0,0,0,4.0778,0,0,0,0,http://bankofamerica.com/privacy
22,9,5,2,0,0,0,0,3,0,0,0,0.0,0,0,1,0,1,0,0,0,3.8797,0,0,0,0,https://my.un.org/help
44,14,22,1,0,0,0,0,4,0,0,0,0.0,0,0,0,0,1,0,0,0,4.036,0,0,0,0,https://cloudflare.com/resources/whitepapers
41,9,24,1,1,0,0,0,5,0,0,1,0.0244,0,0,0,0,1,0,0,0,4.1715,0,0,0,0,https://quora.com/docs/v2/getting-started
51,23,20,2,0,0,0,0,4,0,0,0,0.0,0,0,1,1,1,0,0,0,4.2327,0,0,0,0,https://login.bankofamerica.com/dashboard/analytics
32,19,6,2,0,0,0,0,3,0,0,0,0.0,0,0,1,0,0,0,0,0,3.9139,0,0,0,0,http://portal.facebook.com/terms
36,7,21,1,0,0,0,0,6,0,0,6,0.1667,0,0,0,0,1,0,0,0,4.0724,0,0,0,0,https://who.int/news/2026/08/article
34,7,20,1,0,0,0,0,4,0,0,0,0.0,0,0,0,0,0,0,0,0,4.0431,0,0,0,0,http://nih.gov/dashboard/analytics
59,40,12,2,4,0,0,0,3,0,0,4,0.0678,0,0,0,3,0,0,1,0,4.2871,1,0,0,1,http://secure-g00g13-billing-resolve-center.icu/signin.html
43,11,25,1,2,0,0,0,3,0,0,0,0.0,0,1,0,0,0,0,0,0,4.3617,0,1,0,1,http://tinyurl.com/itPkLiTK-microsoft-alert
50,10,7,1,0,0,1,2,3,0,1,1,0.02,0,0,0,0,0,0,0,0,4.386,0,0,0,0,http://reddit.com/search?q=machine+learning&page=2
24,16,0,2,0,0,0,0,2,0,0,0,0.0,0,0,1,0,1,0,0,0,3.7679,0,0,0,0,https://mail.twitter.com
30,15,8,1,0,0,0,0,3,0,0,0,0.0,0,0,0,0,0,0,0,0,3.8444,0,0,0,0,http://theguardian.com/contact
69,19,30,3,2,0,1,1,5,0,0,8,0.1159,0,0,0,2,0,0,1,1,4.6904,0,1,0,1,http://free-host-86.online//www.bankofamerica.com/update?token=168342
27,11,8,2,0,0,0,0,3,0,0,0,0.0,0,0,1,0,1,0,0,0,3.8245,0,0,0,0,https://www.mit.edu/contact
44,14,22,2,0,0,0,0,5,0,0,0,0.0,0,0,1,0,1,0,0,0,4.0987,0,0,0,0,https://help.quora.com/user/profile/settings
64,45,12,2,4,0,0,0,3,0,0,2,0.0312,0,0,0,3,0,0,1,0,4.2773,1,0,0,1,http://secure-micr0s0ft-confirm-identity-center.work/signin.html
47,13,18,4,0,0,1,1,4,0,0,15,0.3191,1,0,0,2,0,0,0,0,4.3372,0,1,0,1,http://145.164.89.18/paypal/verify.php?id=11692
39,10,21,1,1,0,0,0,4,0,0,6,0.1538,0,0,0,1,1,0,0,0,4.3623,0,0,0,0,https://paypal.com/products/item-129481
58,39,12,2,4,0,0,0,3,0,0,0,0.0,0,0,0,3,0,0,1,0,4.3552,1,1,0,1,http://secure-facebook-auth-portal-center.buzz/signin.html
52,30,6,3,1,0,1,1,3,0,0,7,0.1346,0,0,2,2,0,0,1,0,4.6518,0,0,1,1,http://wellsfargo.com.verify-761.live/login?ref=8780
113,27,10,2,2,0,1,2,3,0,1,31,0.2743,0,0,0,3,0,0,1,0,4.9457,1,0,0,1,http://portal-wellsfargo-verify.tk/index.php?token=f66de917f17221c8fe06ad4d6d46df7a829e699038ae6950&auth=required
56,37,12,2,4,0,0,0,3,0,0,2,0.0357,0,0,0,2,0,0,1,0,4.2456,1,0,0,1,http://secure-app13-session-unlock-center.tk/signin.html
43,14,21,1,0,0,0,0,6,0,0,6,0.1395,0,0,0,0,1,0,0,0,4.2977,0,0,0,0,https://wellsfargo.com/news/2026/08/article
37,8,21,2,0,0,0,0,6,0,0,6,0.1622,0,0,0,0,1,0,0,0,4.2834,0,0,0,0,https://ox.ac.uk/news/2026/08/article
56,34,6,3,2,0,1,1,3,0,0,7,0.125,0,0,2,2,0,0,1,0,4.6398,1,1,1,1,http://chase.com.confirm-identity-398.icu/login?ref=2595
19,11,0,1,0,0,0,0,2,0,0,0,0.0,0,0,0,0,1,0,0,0,3.6819,0,0,0,0,https://dropbox.com
56,34,6,3,2,0,1,1,3,0,0,7,0.125,0,0,2,2,0,0,1,0,4.6245,1,1,1,1,http://google.com.suspended-notice-861.tk/login?ref=7074
39,7,25,1,2,0,0,0,3,0,0,1,0.0256,0,1,0,0,0,0,0,0,4.4387,0,1,0,1,http://cutt.ly/XWF2XSVO-instagram-alert
110,24,10,2,2,0,1,2,3,0,1,37,0.3364,0,0,0,3,0,0,1,0,5.0089,1,1,0,1,http://portal-google-verify.icu/index.php?token=5421fa246e3b85196b2723501a617962a7cfa2d702181174&auth=required
41,11,23,1,2,0,0,0,3,0,0,1,0.0244,0,1,0,0,0,0,0,0,4.4059,0,0,0,1,http://tinyurl.com/rJIlIG7N-binance-alert
110,24,10,2,2,0,1,2,3,0,1,29,0.2636,0,0,0,3,0,0,1,0,4.9447,1,1,0,1,http://portal-amazon-verify.xyz/index.php?token=25d16300a31d1be3c41602b79eeb4ee26ef7a99ae6d39b10&auth=required
23,7,8,1,0,0,0,0,3,0,0,0,0.0,0,0,0,0,1,0,0,0,3.9362,0,0,0,0,https://mit.edu/privacy
41,12,21,1,0,0,0,0,6,0,0,6,0.1463,0,0,0,0,1,0,0,0,4.3203,0,0,0,0,https://facebook.com/news/2026/08/article
59,17,22,3,2,0,1,1,5,0,0,8,0.1356,0,0,0,2,0,0,1,1,4.6327,0,1,0,1,http://free-host-60.live//www.chase.com/update?token=398083
40,10,22,1,0,0,0,0,4,0,0,0,0.0,0,0,0,0,1,0,0,0,3.9062,0,0,0,0,https://medium.com/resources/whitepapers
29,13,8,1,0,0,0,0,3,0,0,0,0.0,0,0,0,0,1,0,0,0,4.0473,0,0,0,0,https://wikipedia.org/privacy
59,17,22,3,2,0,1,1,5,0,0,8,0.1356,0,0,0,2,0,0,1,1,4.6566,0,1,0,1,http://free-host-51.info//www.apple.com/update?token=767083
60,41,12,2,4,0,0,0,3,0,0,0,0.0,0,0,0,3,0,0,1,0,4.3193,1,1,0,1,http://secure-amazon-confirm-identity-center.xyz/signin.html
64,45,12,2,4,0,0,0,3,0,0,0,0.0,0,0,0,3,0,0,1,0,4.2568,1,0,0,1,http://secure-wellsfargo-billing-resolve-center.club/signin.html
21,8,6,1,0,0,0,0,3,0,0,0,0.0,0,0,0,0,0,0,0,0,3.4992,0,0,0,0,http://citi.com/about
42,13,21,1,0,0,0,0,6,0,0,6,0.1429,0,0,0,0,1,0,0,0,4.2728,0,0,0,0,https://wikipedia.org/news/2026/08/article
25,12,5,1,0,0,0,0,3,0,0,0,0.0,0,0,0,0,1,0,0,0,3.8635,0,0,0,0,https://stanford.edu/help
36,7,22,1,2,0,0,0,3,0,0,1,0.0278,0,1,0,0,0,0,0,0,4.2499,0,1,0,1,http://cutt.ly/Vcuf4DFk-google-alert
36,7,21,1,0,0,0,0,6,0,0,6,0.1667,0,0,0,0,1,0,0,0,4.1972,0,0,0,0,https://bbc.com/news/2026/08/article
57,14,27,4,1,0,1,1,4,0,0,16,0.2807,1,0,0,1,0,0,0,0,4.5955,0,1,0,1,http://66.227.135.201/google/billing-resolve.php?id=20965
30,8,14,1,0,0,0,0,5,0,0,1,0.0333,0,0,0,0,1,0,0,0,3.8696,0,0,0,0,https://ebay.com/api/v1/status
35,6,22,1,2,0,0,0,3,0,0,2,0.0571,0,1,0,0,0,0,0,0,4.4576,0,1,0,1,http://bit.ly/uUEZ3ij1-amazon-alert
62,40,6,3,2,0,1,1,3,0,0,7,0.1129,0,0,2,2,0,0,1,0,4.5511,1,1,1,1,http://microsoft.com.suspended-notice-544.click/login?ref=4856
57,35,6,3,2,0,1,1,3,0,0,7,0.1228,0,0,2,2,0,0,1,0,4.6576,1,1,1,1,http://amazon.com.billing-resolve-932.loan/login?ref=6198
35,5,23,1,2,0,0,0,3,0,0,2,0.0571,0,1,0,0,0,0,0,0,4.422,0,1,0,1,http://rb.gy/Nd7xd4DW-netflix-alert
59,37,6,3,2,0,1,1,3,0,0,7,0.1186,0,0,2,1,0,0,1,0,4.6938,1,0,1,1,http://wellsfargo.com.session-unlock-517.icu/login?ref=3647
41,5,29,1,2,0,0,0,3,0,0,0,0.0,0,1,0,0,0,0,0,0,4.5706,0,1,0,1,http://rb.gy/DzYGxFkf-bankofamerica-alert
23,15,0,2,0,0,0,0,2,0,0,0,0.0,0,0,1,0,1,0,0,0,3.6381,0,0,0,0,https://app.twitter.com
61,20,7,2,0,0,1,2,3,0,1,1,0.0164,0,0,1,0,1,0,0,0,4.4735,0,0,0,0,https://blog.theguardian.com/search?q=machine+learning&page=2
61,18,23,3,2,0,1,1,5,0,0,8,0.1311,0,0,0,3,0,0,1,1,4.7669,1,1,0,1,http://free-host-52.click//www.paypal.com/update?token=784961
36,14,14,1,0,0,0,0,5,0,0,1,0.0278,0,0,0,0,1,0,0,0,4.0833,0,0,0,0,https://cloudflare.com/api/v1/status
61,17,24,3,2,0,1,1,5,0,0,8,0.1311,0,0,0,2,0,0,1,1,4.6873,1,0,0,1,http://free-host-35.buzz//www.binance.com/update?token=452426
38,6,25,1,2,0,0,0,3,0,0,0,0.0,0,1,0,0,0,0,0,0,4.3764,0,1,0,1,http://bit.ly/sNdXfdYG-instagram-alert
55,14,7,1,0,0,1,2,3,0,1,1,0.0182,0,0,0,0,1,0,0,0,4.3558,0,0,0,0,https://aliexpress.com/search?q=machine+learning&page=2
60,17,23,3,2,0,1,1,5,0,0,8,0.1333,0,0,0,3,0,0,1,1,4.6903,1,1,0,1,http://free-host-22.buzz//www.paypal.com/update?token=516623
29,13,8,1,0,0,0,0,3,0,0,0,0.0,0,0,0,0,1,0,0,0,3.9783,0,0,0,0,https://wikipedia.org/contact
24,11,5,1,0,0,0,0,3,0,0,0,0.0,0,0,0,0,1,0,0,0,3.7721,0,0,0,0,https://walmart.com/help
62,13,28,4,1,0,1,1,4,0,0,19,0.3065,1,0,0,2,0,1,0,0,4.577,0,0,0,1,http://115.53.94.219:4444/binance/security-update.php?id=20323
51,29,6,3,2,0,1,1,3,0,0,7,0.1373,0,0,2,2,0,0,1,0,4.5865,1,1,1,1,http://chase.com.auth-portal-735.top/login?ref=2607
64,13,35,4,1,0,1,1,4,0,0,15,0.2344,1,0,0,1,0,0,0,0,4.6853,0,1,0,1,http://149.56.92.155/bankofamerica/confirm-identity.php?id=12493
59,15,24,3,2,0,1,1,5,0,0,8,0.1356,0,0,0,2,0,0,1,1,4.6092,1,1,0,1,http://free-host-11.tk//www.netflix.com/update?token=468565
19,11,0,2,0,0,0,0,2,0,0,0,0.0,0,0,1,0,1,0,0,0,3.5766,0,0,0,0,https://api.mit.edu
61,39,6,3,2,0,1,1,3,0,0,7,0.1148,0,0,2,2,0,0,1,0,4.6933,1,1,1,1,http://instagram.com.confirm-identity-465.work/login?ref=3015
37,5,25,1,2,0,0,0,3,0,0,1,0.027,0,1,0,0,0,0,0,0,4.4455,0,1,0,1,http://rb.gy/pPUepk3F-microsoft-alert
32,17,8,2,0,0,0,0,3,0,0,0,0.0,0,0,1,0,0,0,0,0,3.59,0,0,0,0,http://portal.amazon.com/contact
66,15,35,4,1,0,1,1,4,0,0,17,0.2576,1,0,0,1,0,0,0,0,4.6687,0,1,0,1,http://169.146.161.119/bankofamerica/suspended-notice.php?id=37233
61,17,24,3,2,0,1,1,5,0,0,8,0.1311,0,0,0,2,0,0,1,1,4.6685,1,1,0,1,http://free-host-76.loan//www.netflix.com/update?token=162939
22,10,4,1,0,0,0,0,3,0,0,0,0.0,0,0,0,0,1,0,0,0,3.9363,0,0,0,0,https://github.com/faq
41,11,22,1,0,0,0,0,4,0,0,0,0.0,0,0,0,0,1,0,0,0,3.9276,0,0,0,0,https://shopify.com/resources/whitepapers
46,14,24,2,1,0,0,0,5,0,0,1,0.0217,0,0,1,1,1,0,0,0,4.1292,0,0,0,0,https://login.pypi.org/docs/v2/getting-started
55,36,12,2,4,0,0,0,3,0,0,0,0.0,0,0,0,3,0,0,1,0,4.0835,1,1,0,1,http://secure-apple-auth-portal-center.loan/signin.html
63,41,6,3,2,0,1,1,3,0,0,7,0.1111,0,0,2,1,0,0,1,0,4.7344,1,1,1,1,http://bankofamerica.com.session-unlock-419.work/login?ref=2579
63,17,26,3,2,0,1,1,5,0,0,8,0.127,0,0,0,2,0,0,1,1,4.7172,1,1,0,1,http://free-host-68.work//www.instagram.com/update?token=372109
15,7,0,1,0,0,0,0,2,0,0,0,0.0,0,0,0,0,1,0,0,0,3.3736,0,0,0,0,https://zoom.us
23,7,8,1,0,0,0,0,3,0,0,0,0.0,0,0,0,0,1,0,0,0,3.6212,0,0,0,0,https://nih.gov/contact
67,12,34,4,1,0,1,1,4,0,0,18,0.2687,1,0,0,1,0,1,0,0,4.8925,0,1,0,1,http://181.23.54.65:4444/bankofamerica/billing-resolve.php?id=98602
47,17,22,1,0,0,0,0,4,0,0,0,0.0,0,0,0,0,1,0,0,0,4.0944,0,0,0,0,https://bankofamerica.com/resources/whitepapers
37,5,25,1,2,0,0,0,3,0,0,2,0.0541,0,1,0,0,0,0,0,0,4.4863,0,1,0,1,http://rb.gy/R6XrIh2M-microsoft-alert
18,10,0,1,0,0,0,0,2,0,0,0,0.0,0,0,0,0,1,0,0,0,3.6835,0,0,0,0,https://reddit.com
51,14,21,4,0,0,1,1,4,0,0,16,0.3137,1,0,0,1,0,0,0,0,4.6328,0,1,0,1,http://85.240.100.155/instagram/verify.php?id=76549
61,16,25,3,2,0,1,1,5,0,0,8,0.1311,0,0,0,2,0,0,1,1,4.4675,1,1,0,1,http://free-host-43.top//www.facebook.com/update?token=835585
31,9,14,1,0,0,0,0,5,0,0,1,0.0323,0,0,0,0,1,0,0,0,3.7568,0,0,0,0,https://apple.com/api/v1/status
63,13,29,4,1,0,1,1,4,0,0,19,0.3016,1,0,0,0,0,1,0,0,4.6793,0,1,0,1,http://67.49.222.241:8888/microsoft/session-unlock.php?id=17475
23,9,6,1,0,0,0,0,3,0,0,0,0.0,0,0,0,0,1,0,0,0,3.6425,0,0,0,0,https://apple.com/terms
33,12,14,2,0,0,0,0,5,0,0,1,0.0303,0,0,1,0,0,0,0,0,3.9047,0,0,0,0,http://dev.pypi.org/api/v1/status
46,14,24,2,1,0,0,0,5,0,0,1,0.0217,0,0,1,0,1,0,0,0,4.0964,0,0,0,0,https://mail.twitch.tv/docs/v2/getting-started
56,34,6,3,2,0,1,1,3,0,0,7,0.125,0,0,2,2,0,0,1,0,4.5461,1,0,1,1,http://binance.com.account-alert-510.loan/login?ref=4602
112,26,10,2,2,0,1,2,3,0,1,33,0.2946,0,0,0,3,0,0,1,0,4.998,1,1,0,1,http://portal-microsoft-verify.tk/index.php?token=4a657146c8cde8f714c115b631923b9d6610467aef6e026c&auth=required
41,10,24,1,1,0,0,0,5,0,0,1,0.0244,0,0,0,0,0,0,0,0,4.1227,0,0,0,0,http://amazon.com/docs/v2/getting-started
61,18,23,3,2,0,1,1,5,0,0,8,0.1311,0,0,0,2,0,0,1,1,4.6733,1,1,0,1,http://free-host-41.click//www.google.com/update?token=341798
61,17,24,3,2,0,1,1,5,0,0,8,0.1311,0,0,0,2,0,0,1,1,4.6465,1,0,0,1,http://free-host-26.work//www.binance.com/update?token=171082
57,44,6,1,5,0,0,0,3,0,0,0,0.0,0,0,0,5,0,0,1,0,4.3135,0,1,0,1,http://secure-login-account-update-verify-chase.com/login
59,15,23,4,1,0,1,1,4,0,0,21,0.3559,1,0,0,1,0,1,0,0,4.4821,0,1,0,1,http://142.232.187.253:3000/amazon/auth-portal.php?id=14421
59,16,23,3,2,0,1,1,5,0,0,8,0.1356,0,0,0,2,0,0,1,1,4.6632,1,1,0,1,http://free-host-84.icu//www.google.com/update?token=879370
112,26,10,2,2,0,1,2,3,0,1,28,0.25,0,0,0,3,0,0,1,0,4.8935,1,1,0,1,http://portal-netflix-verify.loan/index.php?token=d00b146d60a593191aeb3550bb0b7a5c6e7d4a11caee12f9&auth=required
58,36,6,3,2,0,1,1,3,0,0,7,0.1207,0,0,2,2,0,0,1,0,4.5288,0,0,1,1,http://binance.com.billing-resolve-784.live/login?ref=7468
23,11,4,1,0,0,0,0,3,0,0,0,0.0,0,0,0,0,1,0,0,0,3.9362,0,0,0,0,https://dropbox.com/faq
115,29,10,2,2,0,1,2,3,0,1,32,0.2783,0,0,0,3,0,0,1,0,5.1337,1,0,0,1,http://portal-wellsfargo-verify.buzz/index.php?token=61b4d287f963d8b3350f8cb176cf575a790eac92d9b63221&auth=required
45,15,22,1,0,0,0,0,4,0,0,0,0.0,0,0,0,0,1,0,0,0,4.028,0,0,0,0,https://theguardian.com/resources/whitepapers
60,17,23,3,2,0,1,1,5,0,0,8,0.1333,0,0,0,2,0,0,1,1,4.5968,0,1,0,1,http://free-host-95.info//www.google.com/update?token=404430
62,16,26,3,2,0,1,1,5,0,0,8,0.129,0,0,0,2,0,0,1,1,4.7261,1,1,0,1,http://free-host-16.icu//www.instagram.com/update?token=592490
63,44,12,2,4,0,0,0,3,0,0,0,0.0,0,0,0,2,0,0,1,0,4.1087,1,1,0,1,http://secure-microsoft-session-unlock-center.click/signin.html
57,13,28,4,1,0,1,1,4,0,0,15,0.2632,1,0,0,2,0,0,0,0,4.6174,0,1,0,1,http://136.6.178.109/paypal/suspended-notice.php?id=92593
61,42,12,2,4,0,0,0,3,0,0,0,0.0,0,0,0,3,0,0,1,0,4.1972,1,1,0,1,http://secure-google-suspended-notice-center.buzz/signin.html
52,20,24,2,1,0,0,0,5,0,0,1,0.0192,0,0,1,0,1,0,0,0,4.219,0,0,0,0,https://mail.theguardian.com/docs/v2/getting-started
36,7,21,1,1,0,0,0,4,0,0,6,0.1667,0,0,0,0,1,0,0,0,4.2601,0,0,0,0,https://cnn.com/products/item-129481
46,18,20,2,0,0,0,0,4,0,0,0,0.0,0,0,1,0,1,0,0,0,4.0893,0,0,0,0,https://dev.salesforce.com/category/technology
20,12,0,1,0,0,0,0,2,0,0,0,0.0,0,0,0,0,1,0,0,0,3.7842,0,0,0,0,https://stanford.edu
29,17,4,1,0,0,0,0,3,0,0,0,0.0,0,0,0,0,1,0,0,0,4.0902,0,0,0,0,https://stackoverflow.com/faq
22,13,1,2,0,0,0,0,3,0,0,0,0.0,0,0,1,0,1,0,0,0,3.6635,0,0,0,0,https://app.quora.com/
41,11,23,1,2,0,0,0,3,0,0,3,0.0732,0,1,0,0,0,0,0,0,4.385,0,1,0,1,http://tinyurl.com/6eFF4aD6-netflix-alert
39,11,20,2,0,0,0,0,4,0,0,0,0.0,0,0,1,0,1,0,0,0,4.0579,0,0,0,0,https://app.mit.edu/dashboard/analytics
50,38,5,4,1,0,0,0,3,0,0,0,0.0,0,0,3,3,0,0,1,0,4.0455,1,0,1,1,http://support.binance.com.wallet-connect.top/auth
29,15,6,2,0,0,0,0,3,0,0,0,0.0,0,0,1,0,1,0,0,0,3.7589,0,0,0,0,https://blog.google.com/about
30,14,8,2,0,0,0,0,3,0,0,0,0.0,0,0,1,0,1,0,0,0,4.0062,0,0,0,0,https://api.medium.com/privacy
31,15,8,2,0,0,0,0,3,0,0,0,0.0,0,0,1,0,1,0,0,0,3.8489,0,0,0,0,https://www.dropbox.com/contact
37,5,25,1,2,0,0,0,3,0,0,2,0.0541,0,1,0,0,0,0,0,0,4.3578,0,1,0,1,http://rb.gy/Hgu9gmg0-microsoft-alert
40,10,22,1,0,0,0,0,4,0,0,0,0.0,0,0,0,0,1,0,0,0,3.9776,0,0,0,0,https://amazon.com/resources/whitepapers
55,14,7,1,0,0,1,2,3,0,1,1,0.0182,0,0,0,0,1,0,0,0,4.3607,0,0,0,0,https://salesforce.com/search?q=machine+learning&page=2
49,19,22,2,0,0,0,0,5,0,0,0,0.0,0,0,1,0,1,0,0,0,4.115,0,0,0,0,https://help.cloudflare.com/user/profile/settings
45,17,20,2,0,0,0,0,4,0,0,0,0.0,0,0,1,0,1,0,0,0,4.0448,0,0,0,0,https://api.instagram.com/category/technology
60,38,6,3,2,0,1,1,3,0,0,7,0.1167,0,0,2,2,0,0,1,0,4.6773,1,1,1,1,http://instagram.com.suspended-notice-680.icu/login?ref=1059
38,10,20,1,0,0,0,0,4,0,0,0,0.0,0,0,0,0,1,0,0,0,4.1029,0,0,0,0,https://github.com/dashboard/analytics
43,14,21,2,0,0,0,0,6,0,0,6,0.1395,0,0,1,0,1,0,0,0,4.2664,0,0,0,0,https://portal.mit.edu/news/2026/08/article
36,23,5,2,0,0,0,0,3,0,0,0,0.0,0,0,1,1,1,0,0,0,4.2181,0,0,0,0,https://login.bankofamerica.com/help
114,28,10,2,2,0,1,2,3,0,1,27,0.2368,0,0,0,3,0,0,1,0,5.0155,0,1,0,1,http://portal-instagram-verify.live/index.php?token=9e1c218122de8bdb693ec6ec4f29c0f3bb7d38f005ad16e8&auth=required
65,15,30,3,2,0,1,1,5,0,0,8,0.1231,0,0,0,2,0,0,1,1,4.6109,1,1,0,1,http://free-host-95.tk//www.bankofamerica.com/update?token=115167
24,15,1,2,0,0,0,0,3,0,0,0,0.0,0,0,1,0,1,0,0,0,3.7406,0,0,0,0,https://www.youtube.com/
115,29,10,2,2,0,1,2,3,0,1,24,0.2087,0,0,0,3,0,0,1,0,4.9568,0,0,0,1,http://portal-wellsfargo-verify.info/index.php?token=d266e0c76c75e66be262eac1d3d440fca0cd2b88a9ea2cbf&auth=required
63,17,26,3,2,0,1,1,5,0,0,8,0.127,0,0,0,2,0,0,1,1,4.7098,0,1,0,1,http://free-host-29.live//www.microsoft.com/update?token=571035
42,11,24,1,2,0,0,0,3,0,0,0,0.0,0,1,0,0,0,0,0,0,4.4992,0,1,0,1,http://tinyurl.com/AfyZFmTb-facebook-alert
49,27,6,3,1,0,1,1,3,0,0,7,0.1429,0,0,2,2,0,0,1,0,4.6497,1,1,1,1,http://netflix.com.verify-924.club/login?ref=7479
40,8,24,1,1,0,0,0,5,0,0,1,0.025,0,0,0,0,1,0,0,0,3.9562,0,0,0,0,https://nasa.gov/docs/v2/getting-started
45,13,24,2,1,0,0,0,5,0,0,1,0.0222,0,0,1,0,1,0,0,0,4.1219,0,0,0,0,https://app.adobe.com/docs/v2/getting-started
39,11,20,1,0,0,0,0,4,0,0,0,0.0,0,0,0,0,1,0,0,0,3.9653,0,0,0,0,https://youtube.com/category/technology
114,28,10,2,2,0,1,2,3,0,1,30,0.2632,0,0,0,3,0,0,1,0,4.9529,1,1,0,1,http://portal-instagram-verify.work/index.php?token=b2de2b15e11e41d77b0b737b2bfd29b53013dba8b0495737&auth=required
43,11,24,1,1,0,0,0,5,0,0,1,0.0233,0,0,0,0,1,0,0,0,4.1558,0,0,0,0,https://dropbox.com/docs/v2/getting-started
59,17,22,3,2,0,1,1,5,0,0,8,0.1356,0,0,0,2,0,0,1,1,4.6099,1,1,0,1,http://free-host-94.club//www.apple.com/update?token=468877
28,14,6,2,0,0,0,0,3,0,0,0,0.0,0,0,1,0,1,0,0,0,3.7979,0,0,0,0,https://aws.amazon.com/about
16,7,1,1,0,0,0,0,3,0,0,0,0.0,0,0,0,0,1,0,0,0,3.3278,0,0,0,0,https://zoom.us/
108,22,10,2,2,0,1,2,3,0,1,29,0.2685,0,0,0,3,0,0,1,0,4.9039,1,1,0,1,http://portal-apple-verify.tk/index.php?token=106853c68e24c17a4bdeef73cec261b238318ca489cac7d1&auth=required
60,17,23,3,2,0,1,1,5,0,0,8,0.1333,0,0,0,2,0,0,1,1,4.6012,1,1,0,1,http://free-host-50.work//www.amazon.com/update?token=747142
39,10,21,1,1,0,0,0,4,0,0,6,0.1538,0,0,0,0,1,0,0,0,4.2723,0,0,0,0,https://target.com/products/item-129481
27,13,6,3,0,0,0,0,3,0,0,0,0.0,0,0,1,0,1,0,0,0,4.0043,0,0,0,0,https://mail.ox.ac.uk/terms
62,11,35,4,1,0,1,1,4,0,0,13,0.2097,1,0,0,1,0,0,0,0,4.7182,0,1,0,1,http://63.8.27.205/bankofamerica/confirm-identity.php?id=93735
27,13,6,1,0,0,0,0,3,0,0,0,0.0,0,0,0,0,1,0,0,0,3.764,0,0,0,0,https://microsoft.com/about
47,19,20,2,0,0,0,0,4,0,0,0,0.0,0,0,1,0,1,0,0,0,4.1656,0,0,0,0,https://mail.cloudflare.com/dashboard/analytics
38,6,25,1,2,0,0,0,3,0,0,1,0.0263,0,1,0,0,0,0,0,0,4.3764,0,1,0,1,http://bit.ly/NFThFo3H-instagram-alert
35,21,6,2,0,0,0,0,3,0,0,0,0.0,0,0,1,0,1,0,0,0,3.9357,0,0,0,0,https://portal.wellsfargo.com/terms
26,11,8,1,0,0,0,0,3,0,0,0,0.0,0,0,0,0,0,0,0,0,3.5019,0,0,0,0,http://twitter.com/contact
37,9,20,1,0,0,0,0,4,0,0,0,0.0,0,0,0,0,1,0,0,0,4.1212,0,0,0,0,https://vimeo.com/dashboard/analytics
61,42,12,2,4,0,0,0,3,0,0,0,0.0,0,0,0,3,0,0,1,0,4.2815,1,1,0,1,http://secure-amazon-billing-resolve-center.click/signin.html
56,14,26,4,1,0,1,1,4,0,0,16,0.2857,1,0,0,2,0,0,0,0,4.5169,0,1,0,1,http://200.136.67.236/chase/security-update.php?id=49444
26,12,6,3,0,0,0,0,3,0,0,0,0.0,0,0,1,0,1,0,0,0,3.8151,0,0,0,0,https://app.ox.ac.uk/terms
61,42,12,2,4,0,0,0,3,0,0,2,0.0328,0,0,0,3,0,0,1,0,4.3152,1,0,0,1,http://secure-n3tf1ix-confirm-identity-center.xyz/signin.html
17,9,0,1,0,0,0,0,2,0,0,0,0.0,0,0,0,0,1,0,0,0,3.1692,0,0,0,0,https://twitch.tv
47,18,21,2,1,0,0,0,4,0,0,6,0.1277,0,0,1,0,1,0,0,0,4.3735,0,0,0,0,https://api.aliexpress.com/products/item-129481
58,14,28,4,1,0,1,1,4,0,0,16,0.2759,1,0,0,1,0,0,0,0,4.6205,0,1,0,1,http://17.180.244.177/amazon/suspended-notice.php?id=83531
59,15,28,4,1,0,1,1,4,0,0,17,0.2881,1,0,0,1,0,0,0,0,4.5838,0,1,0,1,http://179.222.227.158/google/suspended-notice.php?id=34876
49,30,12,2,3,0,0,0,3,0,0,0,0.0,0,0,0,3,0,0,1,0,4.3078,1,1,0,1,http://secure-apple-verify-center.xyz/signin.html
34,5,22,1,2,0,0,0,3,0,0,1,0.0294,0,1,0,1,0,0,0,0,4.2339,0,1,0,1,http://rb.gy/zLBCUjU4-paypal-alert
59,16,23,3,2,0,1,1,5,0,0,8,0.1356,0,0,0,3,0,0,1,1,4.6922,1,1,0,1,http://free-host-12.icu//www.paypal.com/update?token=877234
63,44,12,2,4,0,0,0,3,0,0,3,0.0476,0,0,0,3,0,0,1,0,4.3782,1,0,0,1,http://secure-fac3b00k-suspended-notice-center.club/signin.html
55,36,12,2,4,0,0,0,3,0,0,0,0.0,0,0,0,3,0,0,1,0,4.1926,1,1,0,1,http://secure-netflix-auth-portal-center.tk/signin.html
113,27,10,2,2,0,1,2,3,0,1,30,0.2655,0,0,0,3,0,0,1,0,4.9678,1,1,0,1,http://portal-instagram-verify.xyz/index.php?token=a6362959f930d21ebd6e19ed0ad319c5eb5f3a971f0f0205&auth=required
41,5,29,1,2,0,0,0,3,0,0,1,0.0244,0,1,0,0,0,0,0,0,4.3731,0,1,0,1,http://rb.gy/sCtya1rZ-bankofamerica-alert
57,35,6,3,2,0,1,1,3,0,0,7,0.1228,0,0,2,2,0,0,1,0,4.699,1,1,1,1,http://facebook.com.account-alert-870.buzz/login?ref=1637
35,21,6,2,0,0,0,0,3,0,0,0,0.0,0,0,1,0,1,0,0,0,3.9929,0,0,0,0,https://developer.mozilla.org/terms
35,7,21,1,2,0,0,0,3,0,0,2,0.0571,0,1,0,0,0,0,0,0,4.1399,0,1,0,1,http://cutt.ly/sZ3fN6az-apple-alert
21,12,1,1,0,0,0,0,3,0,0,0,0.0,0,0,0,0,1,0,0,0,3.749,0,0,0,0,https://facebook.com/
35,13,14,3,0,0,0,0,5,0,0,1,0.0286,0,0,1,0,1,0,0,0,3.99,0,0,0,0,https://blog.ox.ac.uk/api/v1/status
55,12,27,4,1,0,1,1,4,0,0,14,0.2545,1,0,0,1,0,0,0,0,4.499,0,1,0,1,http://210.182.5.78/chase/suspended-notice.php?id=93318
67,48,12,2,4,0,0,0,3,0,0,0,0.0,0,0,0,4,0,0,1,0,4.3251,0,1,0,1,http://secure-bankofamerica-security-update-center.info/signin.html
46,16,22,2,0,0,0,0,4,0,0,0,0.0,0,0,1,0,1,0,0,0,4.0316,0,0,0,0,https://api.facebook.com/resources/whitepapers
61,18,23,3,2,0,1,1,5,0,0,8,0.1311,0,0,0,2,0,0,1,1,4.6733,1,1,0,1,http://free-host-97.click//www.google.com/update?token=158015
53,12,25,4,0,0,1,1,4,0,0,14,0.2642,1,0,0,1,0,0,0,0,4.6286,0,1,0,1,http://38.73.41.131/bankofamerica/verify.php?id=81639
51,29,6,3,1,0,1,1,3,0,0,7,0.1373,0,0,2,2,0,0,1,0,4.6669,0,1,1,1,http://instagram.com.verify-733.info/login?ref=8561
52,14,22,4,0,0,1,1,4,0,0,16,0.3077,1,0,0,1,0,0,0,0,4.602,0,0,0,1,http://132.189.164.48/wellsfargo/verify.php?id=18319
36,6,23,1,2,0,0,0,3,0,0,1,0.0278,0,1,0,0,0,0,0,0,4.1524,0,1,0,1,http://bit.ly/IBeiK2ny-netflix-alert
67,48,12,2,4,0,0,0,3,0,0,2,0.0299,0,0,0,4,0,0,1,0,4.4707,1,0,0,1,http://secure-bank0fam3rica-security-update-center.work/signin.html
111,25,10,2,2,0,1,2,3,0,1,33,0.2973,0,0,0,4,0,0,1,0,4.9447,0,1,0,1,http://portal-paypal-verify.live/index.php?token=a000a701c520a93fc46dab550774f3167a360b749971a8bb&auth=required
57,35,6,3,2,0,1,1,3,0,0,7,0.1228,0,0,2,3,0,0,1,0,4.771,0,1,1,1,http://amazon.com.security-update-271.info/login?ref=6357
61,15,30,4,1,0,1,1,4,0,0,17,0.2787,1,0,0,2,0,0,0,0,4.6933,0,1,0,1,http://197.185.220.111/instagram/security-update.php?id=62394
61,39,6,3,2,0,1,1,3,0,0,7,0.1148,0,0,2,3,0,0,1,0,4.7153,1,1,1,1,http://instagram.com.security-update-705.click/login?ref=7278
61,15,26,3,2,0,1,1,5,0,0,8,0.1311,0,0,0,2,0,0,1,1,4.5351,1,1,0,1,http://free-host-38.tk//www.microsoft.com/update?token=119555
52,11,7,1,0,0,1,2,3,0,1,1,0.0192,0,0,0,0,1,0,0,0,4.3775,0,0,0,0,https://walmart.com/search?q=machine+learning&page=2
50,28,6,3,2,0,1,1,3,0,0,7,0.14,0,0,2,2,0,0,1,0,4.5362,1,1,1,1,http://apple.com.auth-portal-360.tk/login?ref=2763
37,8,21,2,1,0,0,0,4,0,0,6,0.1622,0,0,0,0,1,0,0,0,4.3986,0,0,0,0,https://ox.ac.uk/products/item-129481
63,17,26,3,2,0,1,1,5,0,0,8,0.127,0,0,0,2,0,0,1,1,4.7567,1,1,0,1,http://free-host-39.buzz//www.instagram.com/update?token=645255
58,36,6,3,2,0,1,1,3,0,0,7,0.1207,0,0,2,3,0,0,1,0,4.6962,0,1,1,1,http://netflix.com.security-update-636.info/login?ref=1814
40,18,14,2,0,0,0,0,5,0,0,1,0.025,0,0,1,0,1,0,0,0,3.9996,0,0,0,0,https://portal.youtube.com/api/v1/status
59,17,22,3,2,0,1,1,5,0,0,8,0.1356,0,0,0,2,0,0,1,1,4.6438,0,1,0,1,http://free-host-38.info//www.chase.com/update?token=759022
62,16,26,3,2,0,1,1,5,0,0,8,0.129,0,0,0,2,0,0,1,1,4.6156,1,1,0,1,http://free-host-35.icu//www.microsoft.com/update?token=994117
111,25,10,2,2,0,1,2,3,0,1,31,0.2793,0,0,0,3,0,0,1,0,4.917,0,1,0,1,http://portal-amazon-verify.info/index.php?token=d1894ac7e6bcd957165b779e5d864e7b19a6e8d6ea309789&auth=required
37,9,20,1,0,0,0,0,4,0,0,0,0.0,0,0,0,0,1,0,0,0,3.99,0,0,0,0,https://vimeo.com/category/technology
28,16,4,2,0,0,0,0,3,0,0,0,0.0,0,0,1,0,1,0,0,0,3.7979,0,0,0,0,https://portal.twitch.tv/faq
46,17,21,2,1,0,0,0,4,0,0,6,0.1304,0,0,1,0,1,0,0,0,4.4743,0,0,0,0,https://dev.wikipedia.org/products/item-129481
41,11,23,1,2,0,0,0,3,0,0,1,0.0244,0,1,0,0,0,0,0,0,4.4059,0,1,0,1,http://tinyurl.com/8VqVAXtq-netflix-alert
110,24,10,2,2,0,1,2,3,0,1,25,0.2273,0,0,0,3,0,0,1,0,4.9422,1,1,0,1,http://portal-chase-verify.work/index.php?token=aeca9885b15f3c43497c6ff6a27baebf7eacce0a9961770e&auth=required
36,8,21,2,0,0,0,0,6,0,0,6,0.1667,0,0,0,0,0,0,0,0,4.2737,0,0,0,0,http://ox.ac.uk/news/2026/08/article
50,9,7,1,0,0,1,2,3,0,1,1,0.02,0,0,0,0,1,0,0,0,4.2942,0,0,0,0,https://chase.com/search?q=machine+learning&page=2
55,14,7,3,0,0,1,2,3,0,1,1,0.0182,0,0,1,0,1,0,0,0,4.3599,0,0,0,0,https://mail.cam.ac.uk/search?q=machine+learning&page=2
39,7,25,1,2,0,0,0,3,0,0,2,0.0513,0,1,0,0,0,0,0,0,4.3325,0,1,0,1,http://cutt.ly/GJX0Ftr2-microsoft-alert
38,9,21,2,1,0,0,0,4,0,0,6,0.1579,0,0,0,0,1,0,0,0,4.3333,0,0,0,0,https://cam.ac.uk/products/item-129481
65,46,12,2,4,0,0,0,3,0,0,2,0.0308,0,0,0,3,0,0,1,0,4.3167,1,0,0,1,http://secure-bank0fam3rica-account-alert-center.club/signin.html
23,7,8,1,0,0,0,0,3,0,0,0,0.0,0,0,0,0,1,0,0,0,3.7251,0,0,0,0,https://mit.edu/contact
39,17,14,2,0,0,0,0,5,0,0,1,0.0256,0,0,1,0,1,0,0,0,3.9334,0,0,0,0,https://www.microsoft.com/api/v1/status
56,13,27,4,1,0,1,1,4,0,0,15,0.2679,1,0,0,1,0,0,0,0,4.5971,0,1,0,1,http://11.189.75.149/google/billing-resolve.php?id=38740
40,19,14,2,0,0,0,0,5,0,0,1,0.025,0,0,1,0,0,0,0,0,4.0251,0,0,0,0,http://help.salesforce.com/api/v1/status
64,45,12,2,4,0,0,0,3,0,0,0,0.0,0,0,0,3,0,0,1,0,4.1975,1,1,0,1,http://secure-microsoft-billing-resolve-center.click/signin.html
46,16,22,2,0,0,0,0,5,0,0,0,0.0,0,0,1,0,1,0,0,0,4.0295,0,0,0,0,https://help.harvard.edu/user/profile/settings
114,28,10,2,2,0,1,2,3,0,1,35,0.307,0,0,0,3,0,0,1,0,5.1116,1,0,0,1,http://portal-wellsfargo-verify.xyz/index.php?token=7ff98556c8fc43635d608144481592a6c35c8da52b27968d&auth=required
63,44,12,2,4,0,0,0,3,0,0,4,0.0635,0,0,0,3,0,0,1,0,4.4315,1,0,0,1,http://secure-w311sfarg0-billing-resolve-center.icu/signin.html
109,23,10,2,2,0,1,2,3,0,1,29,0.2661,0,0,0,3,0,0,1,0,4.953,1,1,0,1,http://portal-chase-verify.xyz/index.php?token=970770176e1e0b59e7f284a546a7f7daff939583dcadefe8&auth=required
43,13,22,1,0,0,0,0,5,0,0,0,0.0,0,0,0,0,1,0,0,0,3.9125,0,0,0,0,https://microsoft.com/user/profile/settings
44,11,26,1,2,0,0,0,3,0,0,1,0.0227,0,1,0,0,0,0,0,0,4.408,0,0,0,1,http://tinyurl.com/eeQa8TfT-wellsfargo-alert
30,14,8,2,0,0,0,0,3,0,0,0,0.0,0,0,1,1,1,0,0,0,3.9647,0,0,0,0,https://login.citi.com/privacy
21,13,0,2,0,0,0,0,2,0,0,0,0.0,0,0,1,0,1,0,0,0,3.4633,0,0,0,0,https://app.yahoo.com
41,12,21,3,0,0,0,0,6,0,0,6,0.1463,0,0,1,0,1,0,0,0,4.2715,0,0,0,0,https://app.ox.ac.uk/news/2026/08/article
40,11,22,1,2,0,0,0,3,0,0,1,0.025,0,1,0,0,0,0,0,0,4.3751,0,1,0,1,http://tinyurl.com/h8HCGXth-amazon-alert
20,11,1,1,0,0,0,0,3,0,0,0,0.0,0,0,0,0,1,0,0,0,3.6464,0,0,0,0,https://dropbox.com/
29,13,8,2,0,0,0,0,3,0,0,0,0.0,0,0,1,0,1,0,0,0,3.9354,0,0,0,0,https://blog.pypi.org/privacy
113,27,10,2,2,0,1,2,3,0,1,32,0.2832,0,0,0,3,0,0,1,0,4.8473,1,0,0,1,http://portal-binance-verify.click/index.php?token=0c2ee2e2d3404ca036cec2538d050ab8283d48591409d23e&auth=required
55,33,6,3,2,0,1,1,3,0,0,7,0.1273,0,0,2,3,0,0,1,0,4.6635,1,1,1,1,http://apple.com.security-update-427.top/login?ref=9415
31,17,6,2,0,0,0,0,3,0,0,0,0.0,0,0,1,0,1,0,0,0,4.1069,0,0,0,0,https://my.aliexpress.com/about
40,11,21,1,0,0,0,0,6,0,0,6,0.15,0,0,0,0,1,0,0,0,4.0776,0,0,0,0,https://twitter.com/news/2026/08/article
27,15,4,2,0,0,0,0,3,0,0,0,0.0,0,0,1,0,1,0,0,0,4.0784,0,0,0,0,https://help.github.com/faq
60,12,27,4,1,0,1,1,4,0,0,18,0.3,1,0,0,2,0,1,0,0,4.7025,0,1,0,1,http://61.47.18.201:3000/google/security-update.php?id=47587
60,41,12,2,4,0,0,0,3,0,0,0,0.0,0,0,0,5,0,0,1,0,4.2018,1,1,0,1,http://secure-paypal-security-update-center.loan/signin.html
60,38,6,3,2,0,1,1,3,0,0,7,0.1167,0,0,2,3,0,0,1,0,4.7505,1,0,1,1,http://wellsfargo.com.security-update-786.top/login?ref=2133
38,9,21,1,1,0,0,0,4,0,0,6,0.1579,0,0,0,0,1,0,0,0,4.3333,0,0,0,0,https://quora.com/products/item-129481
19,10,1,1,0,0,0,0,3,0,0,0,0.0,0,0,0,0,1,0,0,0,3.6421,0,0,0,0,https://github.com/
58,16,22,3,2,0,1,1,5,0,0,8,0.1379,0,0,0,2,0,0,1,1,4.5587,1,1,0,1,http://free-host-99.icu//www.chase.com/update?token=380690
34,6,21,1,2,0,0,0,3,0,0,2,0.0588,0,1,0,0,0,0,0,0,4.1722,0,1,0,1,http://bit.ly/Dc9tHl2d-chase-alert
45,13,24,1,1,0,0,0,5,0,0,1,0.0222,0,0,0,0,1,0,0,0,4.111,0,0,0,0,https://wikipedia.org/docs/v2/getting-started
33,17,8,2,0,0,0,0,3,0,0,0,0.0,0,0,1,0,1,0,0,0,3.9344,0,0,0,0,https://portal.medium.com/contact
43,15,20,2,0,0,0,0,4,0,0,0,0.0,0,0,1,0,1,0,0,0,4.0248,0,0,0,0,https://www.walmart.com/dashboard/analytics
23,7,8,1,0,0,0,0,3,0,0,0,0.0,0,0,0,0,1,0,0,0,3.3275,0,0,0,0,https://cnn.com/contact
44,11,26,1,2,0,0,0,3,0,0,1,0.0227,0,1,0,0,0,0,0,0,4.5249,0,0,0,1,http://tinyurl.com/gslRXxD9-wellsfargo-alert
35,6,22,1,2,0,0,0,3,0,0,1,0.0286,0,1,0,0,0,0,0,0,4.3433,0,1,0,1,http://bit.ly/r9LFcVvX-google-alert
114,28,10,2,2,0,1,2,3,0,1,33,0.2895,0,0,0,3,0,0,1,0,5.0252,1,0,0,1,http://portal-wellsfargo-verify.icu/index.php?token=f4d86c6ceac51150a73396ac160723908ea0222eb902e869&auth=required
32,20,4,2,0,0,0,0,3,0,0,0,0.0,0,0,1,0,1,0,0,0,4.3042,0,0,0,0,https://blog.theguardian.com/faq
60,17,23,3,2,0,1,1,5,0,0,8,0.1333,0,0,0,2,0,0,1,1,4.6427,0,1,0,1,http://free-host-12.info//www.google.com/update?token=948197
22,13,1,2,0,0,0,0,3,0,0,0,0.0,0,0,1,0,1,0,0,0,3.4429,0,0,0,0,https://app.apple.com/
64,17,27,3,2,0,1,1,5,0,0,8,0.125,0,0,0,2,0,0,1,1,4.614,0,0,0,1,http://free-host-87.info//www.wellsfargo.com/update?token=708082
29,15,6,2,0,0,0,0,3,0,0,0,0.0,0,0,1,0,1,0,0,0,4.2113,0,0,0,0,https://dev.netflix.com/about
53,31,6,3,2,0,1,1,3,0,0,7,0.1321,0,0,2,2,0,0,1,0,4.5716,1,1,1,1,http://apple.com.account-alert-913.icu/login?ref=2168
57,35,6,3,2,0,1,1,3,0,0,7,0.1228,0,0,2,2,0,0,1,0,4.7359,1,1,1,1,http://chase.com.confirm-identity-722.buzz/login?ref=4141
59,15,28,4,1,0,1,1,4,0,0,17,0.2881,1,0,0,1,0,0,0,0,4.7595,0,1,0,1,http://203.189.137.145/google/confirm-identity.php?id=90562
24,12,4,1,0,0,0,0,3,0,0,0,0.0,0,0,0,0,1,0,0,0,3.8554,0,0,0,0,https://facebook.com/faq
63,44,12,2,4,0,0,0,3,0,0,0,0.0,0,0,0,3,0,0,1,0,4.1717,0,1,0,1,http://secure-microsoft-billing-resolve-center.info/signin.html
43,11,25,1,2,0,0,0,3,0,0,2,0.0465,0,1,0,0,0,0,0,0,4.5455,0,1,0,1,http://tinyurl.com/Ep54wSTM-instagram-alert
62,18,24,3,2,0,1,1,5,0,0,8,0.129,0,0,0,2,0,0,1,1,4.7324,1,1,0,1,http://free-host-23.click//www.netflix.com/update?token=713096
40,10,22,1,0,0,0,0,5,0,0,0,0.0,0,0,0,0,1,0,0,0,3.9939,0,0,0,0,https://medium.com/user/profile/settings
37,7,23,1,2,0,0,0,3,0,0,1,0.027,0,1,0,0,0,0,0,0,4.3347,0,0,0,1,http://cutt.ly/krf9CfMQ-binance-alert
33,5,21,1,2,0,0,0,3,0,0,0,0.0,0,1,0,0,0,0,0,0,4.3091,0,1,0,1,http://rb.gy/riklYCxJ-chase-alert
51,19,24,2,1,0,0,0,5,0,0,1,0.0196,0,0,1,1,1,0,0,0,4.1872,0,0,0,0,https://login.wikipedia.org/docs/v2/getting-started
39,9,22,1,0,0,0,0,5,0,0,0,0.0,0,0,0,0,1,0,0,0,3.9721,0,0,0,0,https://chase.com/user/profile/settings
29,15,6,2,0,0,0,0,3,0,0,0,0.0,0,0,1,0,1,0,0,0,3.8664,0,0,0,0,https://docs.python.org/about
111,25,10,2,2,0,1,2,3,0,1,32,0.2883,0,0,0,4,0,0,1,0,4.9716,1,1,0,1,http://portal-paypal-verify.buzz/index.php?token=f0b5eb20fb92cd457e4481e608a1bcc9659014b55595826b&auth=required
60,41,12,2,4,0,0,0,3,0,0,2,0.0333,0,0,0,3,0,0,1,0,4.3213,1,0,0,1,http://secure-micr0s0ft-account-alert-center.xyz/signin.html
56,34,6,3,2,0,1,1,3,0,0,7,0.125,0,0,2,3,0,0,1,0,4.7826,1,0,1,1,http://binance.com.security-update-754.tk/login?ref=5068
57,12,24,4,1,0,1,1,4,0,0,18,0.3158,1,0,0,1,0,1,0,0,4.4868,0,1,0,1,http://90.9.120.108:8888/netflix/auth-portal.php?id=17144
31,15,8,1,0,0,0,0,3,0,0,0,0.0,0,0,0,0,1,0,0,0,4.1715,0,0,0,0,https://theguardian.com/privacy
37,8,22,2,0,0,0,0,4,0,0,0,0.0,0,0,0,0,0,0,0,0,3.9387,0,0,0,0,http://ox.ac.uk/resources/whitepapers
34,5,22,1,2,0,0,0,3,0,0,1,0.0294,0,1,0,0,0,0,0,0,4.4914,0,1,0,1,http://rb.gy/ffWLiR8A-amazon-alert
49,27,6,3,1,0,1,1,3,0,0,7,0.1429,0,0,2,2,0,0,1,0,4.6397,0,1,1,1,http://chase.com.verify-305.online/login?ref=8185
52,30,6,3,2,0,1,1,3,0,0,7,0.1346,0,0,2,2,0,0,1,0,4.5654,1,1,1,1,http://chase.com.auth-portal-932.loan/login?ref=6600
49,36,6,1,4,0,0,0,3,0,0,1,0.0204,0,0,0,1,0,0,1,0,4.1733,1,0,0,1,http://amaz0n-prime-reward-claim-center.xyz/claim
41,12,21,2,0,0,0,0,6,0,0,6,0.1463,0,0,1,0,1,0,0,0,4.3387,0,0,0,0,https://dev.pypi.org/news/2026/08/article
114,28,10,2,2,0,1,2,3,0,1,27,0.2368,0,0,0,3,0,0,1,0,5.0049,1,1,0,1,http://portal-microsoft-verify.loan/index.php?token=cdecd3f5088046df9bb9c69373db68eea61ffa252e0c7684&auth=required
41,12,21,2,0,0,0,0,6,0,0,6,0.1463,0,0,1,0,1,0,0,0,4.2595,0,0,0,0,https://www.ebay.com/news/2026/08/article
112,26,10,2,2,0,1,2,3,0,1,32,0.2857,0,0,0,3,0,0,1,0,4.9886,1,1,0,1,http://portal-facebook-verify.xyz/index.php?token=ac4fc7c2ec0296088ed5a401e9239709bc20490755c46f9b&auth=required
40,11,21,1,0,0,0,0,6,0,0,6,0.15,0,0,0,0,1,0,0,0,4.2653,0,0,0,0,https://netflix.com/news/2026/08/article
63,13,29,4,1,0,1,1,4,0,0,19,0.3016,1,0,0,1,0,1,0,0,4.6777,0,0,0,1,http://62.162.60.235:8080/binance/confirm-identity.php?id=56379
119,33,10,2,2,0,1,2,3,0,1,32,0.2689,0,0,0,3,0,0,1,0,4.9151,1,1,0,1,http://portal-bankofamerica-verify.click/index.php?token=986aeb963c5700ab5428f5445e4feea649a3f850d9023e54&auth=required
68,13,34,4,1,0,1,1,4,0,0,19,0.2794,1,0,0,1,0,1,0,0,4.9104,0,1,0,1,http://54.192.124.85:8080/bankofamerica/billing-resolve.php?id=71503
41,11,22,1,0,0,0,0,4,0,0,0,0.0,0,0,0,0,1,0,0,0,3.9251,0,0,0,0,https://nytimes.com/resources/whitepapers
27,12,8,2,0,0,0,0,3,0,0,0,0.0,0,0,1,0,0,0,0,0,3.9303,0,0,0,0,http://www.nasa.gov/privacy
42,14,20,1,0,0,0,0,4,0,0,0,0.0,0,0,0,0,1,0,0,0,4.0707,0,0,0,0,https://aliexpress.com/category/technology
62,17,25,3,2,0,1,1,5,0,0,8,0.129,0,0,0,2,0,0,1,1,4.6324,1,1,0,1,http://free-host-95.buzz//www.facebook.com/update?token=709704
24,11,5,2,0,0,0,0,3,0,0,0,0.0,0,0,1,0,1,0,0,0,3.8035,0,0,0,0,https://dev.zoom.us/help
26,13,5,2,0,0,0,0,3,0,0,0,0.0,0,0,1,1,1,0,0,0,3.7193,0,0,0,0,https://login.nih.gov/help
62,14,27,4,1,0,1,1,4,0,0,20,0.3226,1,0,0,0,0,1,0,0,4.7278,0,1,0,1,http://37.219.147.113:3000/netflix/session-unlock.php?id=75982
47,11,29,1,2,0,0,0,3,0,0,1,0.0213,0,1,0,0,0,0,0,0,4.5863,0,1,0,1,http://tinyurl.com/Gbk2sdjY-bankofamerica-alert
26,11,8,1,0,0,0,0,3,0,0,0,0.0,0,0,0,0,0,0,0,0,3.8441,0,0,0,0,http://walmart.com/privacy
38,9,21,1,1,0,0,0,4,0,0,6,0.1579,0,0,0,0,1,0,0,0,4.3333,0,0,0,0,https://adobe.com/products/item-129481
113,27,10,2,2,0,1,2,3,0,1,30,0.2655,0,0,0,3,0,0,1,0,4.8726,1,1,0,1,http://portal-netflix-verify.click/index.php?token=f666e86ce6b5e6e406e83a1ed41cd73e520ef17973af0576&auth=required
41,13,20,2,0,0,0,0,4,0,0,0,0.0,0,0,1,0,1,0,0,0,4.0708,0,0,0,0,https://my.reddit.com/dashboard/analytics
61,42,12,2,4,0,0,0,3,0,0,0,0.0,0,0,0,3,0,0,1,0,4.1948,1,1,0,1,http://secure-instagram-account-alert-center.buzz/signin.html
63,13,29,4,1,0,1,1,4,0,0,19,0.3016,1,0,0,1,0,1,0,0,4.636,0,1,0,1,http://32.219.87.187:3000/netflix/confirm-identity.php?id=68312
65,46,12,2,4,0,0,0,3,0,0,2,0.0308,0,0,0,2,0,0,1,0,4.4994,1,0,0,1,http://secure-bank0fam3rica-session-unlock-center.xyz/signin.html
21,9,4,1,0,0,0,0,3,0,0,0,0.0,0,0,0,0,1,0,0,0,3.8802,0,0,0,0,https://vimeo.com/faq
60,13,31,4,1,0,1,1,4,0,0,15,0.25,1,0,0,2,0,0,0,0,4.7025,0,0,0,1,http://104.121.77.45/wellsfargo/security-update.php?id=17804
114,28,10,2,2,0,1,2,3,0,1,32,0.2807,0,0,0,3,0,0,1,0,5.0234,1,1,0,1,http://portal-instagram-verify.buzz/index.php?token=5493a506dce1516530ac211493e356c10a4da81f67edff50&auth=required
40,10,22,1,0,0,0,0,4,0,0,0,0.0,0,0,0,0,1,0,0,0,3.9251,0,0,0,0,https://google.com/resources/whitepapers
28,16,4,2,0,0,0,0,3,0,0,0,0.0,0,0,1,0,1,0,0,0,4.1106,0,0,0,0,https://blog.reuters.com/faq
60,17,23,3,2,0,1,1,5,0,0,8,0.1333,0,0,0,2,0,0,1,1,4.6618,1,1,0,1,http://free-host-42.buzz//www.google.com/update?token=712404
114,28,10,2,2,0,1,2,3,0,1,30,0.2632,0,0,0,3,0,0,1,0,5.0383,1,1,0,1,http://portal-instagram-verify.buzz/index.php?token=4529e8973e033e9fd71bea08bff64c270cae6e1193a21e76&auth=required
42,14,20,2,0,0,0,0,4,0,0,0,0.0,0,0,1,0,1,0,0,0,4.0167,0,0,0,0,https://mail.apple.com/category/technology
57,35,6,3,2,0,1,1,3,0,0,7,0.1228,0,0,2,2,0,0,1,0,4.6611,0,1,1,1,http://apple.com.suspended-notice-547.live/login?ref=3930
57,14,22,4,1,0,1,1,4,0,0,20,0.3509,1,0,0,1,0,1,0,0,4.2797,0,1,0,1,http://25.158.108.188:8080/apple/auth-portal.php?id=40133
54,35,12,2,3,0,0,0,3,0,0,0,0.0,0,0,0,3,0,0,1,0,4.2392,1,1,0,1,http://secure-instagram-verify-center.loan/signin.html
35,6,22,1,2,0,0,0,3,0,0,1,0.0286,0,1,0,0,0,0,0,0,4.2402,0,1,0,1,http://bit.ly/utpPHu2y-amazon-alert
63,14,33,4,1,0,1,1,4,0,0,16,0.254,1,0,0,0,0,0,0,0,4.8775,0,1,0,1,http://38.178.166.209/bankofamerica/session-unlock.php?id=44909
39,11,21,1,2,0,0,0,3,0,0,1,0.0256,0,1,0,0,0,0,0,0,4.5481,0,1,0,1,http://tinyurl.com/5dKpRLHI-chase-alert
60,17,23,3,2,0,1,1,5,0,0,8,0.1333,0,0,0,3,0,0,1,1,4.6903,1,1,0,1,http://free-host-13.buzz//www.paypal.com/update?token=894488
49,19,22,2,0,0,0,0,5,0,0,0,0.0,0,0,1,0,1,0,0,0,4.1304,0,0,0,0,https://blog.wellsfargo.com/user/profile/settings
37,5,25,1,2,0,0,0,3,0,0,0,0.0,0,1,0,0,0,0,0,0,4.075,0,1,0,1,http://rb.gy/BsrJrzaa-instagram-alert
43,11,25,1,2,0,0,0,3,0,0,0,0.0,0,1,0,0,0,0,0,0,4.2954,0,1,0,1,http://tinyurl.com/pxTsriws-instagram-alert
61,42,12,2,4,0,0,0,3,0,0,0,0.0,0,0,0,3,0,0,1,0,4.1229,0,1,0,1,http://secure-instagram-account-alert-center.info/signin.html
67,17,30,3,2,0,1,1,5,0,0,8,0.1194,0,0,0,2,0,0,1,1,4.6712,0,1,0,1,http://free-host-29.info//www.bankofamerica.com/update?token=401552
58,36,6,3,2,0,1,1,3,0,0,7,0.1207,0,0,2,3,0,0,1,0,4.6227,0,1,1,1,http://paypal.com.confirm-identity-958.live/login?ref=7884
59,14,29,4,1,0,1,1,4,0,0,16,0.2712,1,0,0,2,0,0,0,0,4.6367,0,1,0,1,http://214.204.73.219/facebook/security-update.php?id=42101
57,13,28,4,1,0,1,1,4,0,0,15,0.2632,1,0,0,1,0,0,0,0,4.53,0,1,0,1,http://56.100.206.92/amazon/confirm-identity.php?id=96969
42,12,22,2,0,0,0,0,4,0,0,0,0.0,0,0,1,0,1,0,0,0,3.8988,0,0,0,0,https://app.nasa.gov/resources/whitepapers
60,18,22,3,2,0,1,1,5,0,0,8,0.1333,0,0,0,2,0,0,1,1,4.6427,1,1,0,1,http://free-host-91.click//www.chase.com/update?token=579730
41,5,29,1,2,0,0,0,3,0,0,0,0.0,0,1,0,0,0,0,0,0,4.5218,0,1,0,1,http://rb.gy/cBNdmhKq-bankofamerica-alert
63,19,24,3,2,0,1,1,5,0,0,8,0.127,0,0,0,2,0,0,1,1,4.6344,0,0,0,1,http://free-host-80.online//www.binance.com/update?token=301047
26,13,5,2,0,0,0,0,3,0,0,0,0.0,0,0,1,0,1,0,0,0,3.6903,0,0,0,0,https://help.nasa.gov/help
110,24,10,2,2,0,1,2,3,0,1,40,0.3636,0,0,0,3,0,0,1,0,4.8937,0,1,0,1,http://portal-apple-verify.info/index.php?token=65209c249b66431c700876e4909c266f0e466306783c7076&auth=required
38,6,25,1,2,0,0,0,3,0,0,0,0.0,0,1,0,0,0,0,0,0,4.5015,0,1,0,1,http://bit.ly/XqMdmCQj-microsoft-alert
43,13,22,2,0,0,0,0,4,0,0,0,0.0,0,0,1,0,1,0,0,0,4.0804,0,0,0,0,https://mail.nasa.gov/resources/whitepapers
111,25,10,2,2,0,1,2,3,0,1,25,0.2252,0,0,0,3,0,0,1,0,4.9161,1,1,0,1,http://portal-google-verify.work/index.php?token=3f3f47810ee22b9a38ce82e31fd17d6d2d2e1abec9df8a6a&auth=required
59,17,22,3,2,0,1,1,5,0,0,8,0.1356,0,0,0,2,0,0,1,1,4.6521,1,1,0,1,http://free-host-52.club//www.chase.com/update?token=244839
46,24,6,3,1,0,1,1,3,0,0,7,0.1522,0,0,2,2,0,0,1,0,4.6425,1,1,1,1,http://apple.com.verify-422.icu/login?ref=5028
32,16,8,2,0,0,0,0,3,0,0,0,0.0,0,0,1,0,1,0,0,0,4.0039,0,0,0,0,https://blog.netflix.com/contact
111,25,10,2,2,0,1,2,3,0,1,28,0.2523,0,0,0,3,0,0,1,0,4.9148,0,1,0,1,http://portal-amazon-verify.info/index.php?token=3e0ddc24fbf986f4eee7a4736280492e30e7dac50e6767cd&auth=required
113,27,10,2,2,0,1,2,3,0,1,29,0.2566,0,0,0,3,0,0,1,0,4.9175,1,1,0,1,http://portal-facebook-verify.work/index.php?token=dd49c170be8580c6147704b24ac5cd4bd58846ea7f8b5cc4&auth=required
62,43,12,2,4,0,0,0,3,0,0,0,0.0,0,0,0,3,0,0,1,0,4.1351,1,1,0,1,http://secure-microsoft-suspended-notice-center.tk/signin.html
36,20,8,2,0,0,0,0,3,0,0,0,0.0,0,0,1,1,1,0,0,0,4.2737,0,0,0,0,https://login.wellsfargo.com/privacy
25,16,1,2,0,0,0,0,3,0,0,0,0.0,0,0,1,0,1,0,0,0,3.8635,0,0,0,0,https://blog.walmart.com/
58,39,12,2,4,0,0,0,3,0,0,2,0.0345,0,0,0,3,0,0,1,0,4.2462,1,0,0,1,http://secure-n3tf1ix-account-alert-center.top/signin.html
61,15,30,4,1,0,1,1,4,0,0,17,0.2787,1,0,0,1,0,0,0,0,4.523,0,1,0,1,http://125.215.246.211/facebook/confirm-identity.php?id=45244
62,43,12,2,4,0,0,0,3,0,0,0,0.0,0,0,0,2,0,0,1,0,4.1331,1,1,0,1,http://secure-instagram-session-unlock-center.loan/signin.html
60,16,24,3,2,0,1,1,5,0,0,8,0.1333,0,0,0,2,0,0,1,1,4.6509,1,0,0,1,http://free-host-68.icu//www.binance.com/update?token=192646
60,13,31,4,1,0,1,1,4,0,0,15,0.25,1,0,0,1,0,0,0,0,4.6522,0,1,0,1,http://107.46.79.169/instagram/suspended-notice.php?id=81072
67,15,31,4,1,0,1,1,4,0,0,21,0.3134,1,0,0,1,0,1,0,0,4.6199,0,1,0,1,http://196.212.131.103:3000/microsoft/suspended-notice.php?id=45449
38,10,20,1,0,0,0,0,4,0,0,0,0.0,0,0,0,1,1,0,0,0,3.9053,0,0,0,0,https://paypal.com/category/technology
62,43,12,2,4,0,0,0,3,0,0,2,0.0323,0,0,0,3,0,0,1,0,4.2423,0,0,0,1,http://secure-n3tf1ix-suspended-notice-center.live/signin.html
61,13,27,4,1,0,1,1,4,0,0,19,0.3115,1,0,0,0,0,1,0,0,4.6762,0,0,0,1,http://34.117.200.89:4444/binance/session-unlock.php?id=99534
111,25,10,2,2,0,1,2,3,0,1,31,0.2793,0,0,0,3,0,0,1,0,4.947,1,1,0,1,http://portal-amazon-verify.loan/index.php?token=6c11eb36a8fd9ef172aee0c1151ce1739783d76c9704787f&auth=required
41,13,20,1,0,0,0,0,4,0,0,0,0.0,0,0,0,0,1,0,0,0,3.9644,0,0,0,0,https://microsoft.com/category/technology
49,21,20,2,0,0,0,0,4,0,0,0,0.0,0,0,1,0,1,0,0,0,4.2624,0,0,0,0,https://api.stackoverflow.com/dashboard/analytics
114,28,10,2,2,0,1,2,3,0,1,33,0.2895,0,0,0,3,0,0,1,0,4.9445,1,1,0,1,http://portal-facebook-verify.click/index.php?token=93ae61127fcae7899083b50761af831e2f3d96b921c1206b&auth=required
28,15,6,2,0,0,0,0,3,0,0,0,0.0,0,0,1,0,0,0,0,0,3.8249,0,0,0,0,http://docs.python.org/terms
41,11,23,1,2,0,0,0,3,0,0,1,0.0244,0,1,0,0,0,0,0,0,4.5313,0,1,0,1,http://tinyurl.com/PGUY4gbn-netflix-alert
66,47,12,2,4,0,0,0,3,0,0,2,0.0303,0,0,0,4,0,0,1,0,4.3512,1,0,0,1,http://secure-bank0fam3rica-security-update-center.icu/signin.html
44,16,20,2,0,0,0,0,4,0,0,0,0.0,0,0,1,0,1,0,0,0,4.1635,0,0,0,0,https://app.linkedin.com/category/technology
34,6,21,1,2,0,0,0,3,0,0,1,0.0294,0,1,0,0,0,0,0,0,4.3594,0,1,0,1,http://bit.ly/O4GKBTcf-chase-alert
22,8,6,1,0,0,0,0,3,0,0,0,0.0,0,0,0,0,1,0,0,0,3.516,0,0,0,0,https://citi.com/terms
34,5,22,1,2,0,0,0,3,0,0,1,0.0294,0,1,0,0,0,0,0,0,4.4548,0,1,0,1,http://rb.gy/uaCSRT6i-amazon-alert
62,43,12,2,4,0,0,0,3,0,0,2,0.0323,0,0,0,4,0,0,1,0,4.3187,1,0,0,1,http://secure-n3tf1ix-security-update-center.click/signin.html
112,26,10,2,2,0,1,2,3,0,1,32,0.2857,0,0,0,3,0,0,1,0,4.9908,1,1,0,1,http://portal-facebook-verify.xyz/index.php?token=a0ad157424f2622d90ae6328237e33c5bd7e58f2b4c6a538&auth=required
48,21,20,2,0,0,0,0,4,0,0,0,0.0,0,0,1,0,0,0,0,0,4.2385,0,0,0,0,http://developer.mozilla.org/dashboard/analytics
59,37,6,3,2,0,1,1,3,0,0,7,0.1186,0,0,2,1,0,0,1,0,4.5938,1,1,1,1,http://microsoft.com.session-unlock-951.club/login?ref=5894
41,11,22,2,0,0,0,0,5,0,0,0,0.0,0,0,1,0,1,0,0,0,4.0251,0,0,0,0,https://api.cnn.com/user/profile/settings
41,13,20,3,0,0,0,0,4,0,0,0,0.0,0,0,1,0,1,0,0,0,4.1435,0,0,0,0,https://mail.ox.ac.uk/dashboard/analytics
31,17,6,2,0,0,0,0,3,0,0,0,0.0,0,0,1,0,1,0,0,0,3.6955,0,0,0,0,https://portal.target.com/terms
62,43,12,2,4,0,0,0,3,0,0,0,0.0,0,0,0,2,0,0,1,0,4.1644,1,1,0,1,http://secure-microsoft-session-unlock-center.club/signin.html
59,18,7,2,0,0,1,2,3,0,1,1,0.0169,0,0,1,0,1,0,0,0,4.3075,0,0,0,0,https://mail.instagram.com/search?q=machine+learning&page=2
41,12,21,3,0,0,0,0,6,0,0,6,0.1463,0,0,1,0,1,0,0,0,4.2715,0,0,0,0,https://my.cam.ac.uk/news/2026/08/article
111,25,10,2,2,0,1,2,3,0,1,29,0.2613,0,0,0,3,0,0,1,0,5.0078,0,1,0,1,http://portal-google-verify.live/index.php?token=cac97c5be583fb653147728b3d6bcb26221c024c9c492ecf&auth=required
62,16,26,3,2,0,1,1,5,0,0,8,0.129,0,0,0,2,0,0,1,1,4.6923,1,1,0,1,http://free-host-98.xyz//www.microsoft.com/update?token=809121
23,14,1,2,0,0,0,0,3,0,0,0,0.0,0,0,1,0,1,0,0,0,3.6425,0,0,0,0,https://help.yahoo.com/
52,14,22,4,1,0,1,1,4,0,0,16,0.3077,1,0,0,1,0,0,0,0,4.3277,0,1,0,1,http://136.213.113.50/apple/auth-portal.php?id=24714
16,8,1,1,0,0,0,0,3,0,0,0,0.0,0,0,0,0,0,0,0,0,3.1556,0,0,0,0,http://citi.com/
26,10,8,1,0,0,0,0,3,0,0,0,0.0,0,0,0,0,1,0,0,0,3.9501,0,0,0,0,https://reddit.com/privacy
63,17,26,3,2,0,1,1,5,0,0,8,0.127,0,0,0,2,0,0,1,1,4.6417,1,1,0,1,http://free-host-88.work//www.instagram.com/update?token=685170
43,13,22,2,0,0,0,0,5,0,0,0,0.0,0,0,1,1,1,0,0,0,3.9674,0,0,0,0,https://login.zoom.us/user/profile/settings
58,14,28,4,1,0,1,1,4,0,0,16,0.2759,1,0,0,2,0,0,0,0,4.7025,0,0,0,1,http://108.96.150.202/binance/security-update.php?id=47243
65,14,30,4,1,0,1,1,4,0,0,20,0.3077,1,0,0,1,0,1,0,0,4.7819,0,1,0,1,http://207.228.165.45:8888/microsoft/billing-resolve.php?id=36204
34,6,21,1,2,0,0,0,3,0,0,1,0.0294,0,1,0,0,0,0,0,0,4.2417,0,1,0,1,http://bit.ly/V9ZRryWp-chase-alert
23,7,8,1,0,0,0,0,3,0,0,0,0.0,0,0,0,0,1,0,0,0,3.4473,0,0,0,0,https://bbc.com/contact
61,17,24,3,2,0,1,1,5,0,0,8,0.1311,0,0,0,2,0,0,1,1,4.6685,1,1,0,1,http://free-host-56.loan//www.netflix.com/update?token=452683
32,19,5,2,0,0,0,0,3,0,0,0,0.0,0,0,1,0,1,0,0,0,3.9056,0,0,0,0,https://help.wellsfargo.com/help
56,34,6,3,2,0,1,1,3,0,0,7,0.125,0,0,2,3,0,0,1,0,4.662,1,1,1,1,http://paypal.com.billing-resolve-749.icu/login?ref=9498
67,17,30,3,2,0,1,1,5,0,0,8,0.1194,0,0,0,2,0,0,1,1,4.6173,1,1,0,1,http://free-host-22.loan//www.bankofamerica.com/update?token=997372
59,37,6,3,2,0,1,1,3,0,0,7,0.1186,0,0,2,2,0,0,1,0,4.6327,1,1,1,1,http://microsoft.com.billing-resolve-376.icu/login?ref=8002
48,18,22,2,0,0,0,0,4,0,0,0,0.0,0,0,1,0,1,0,0,0,4.026,0,0,0,0,https://portal.dropbox.com/resources/whitepapers
20,12,1,1,0,0,0,0,3,0,0,0,0.0,0,0,0,0,0,0,0,0,3.7464,0,0,0,0,http://stanford.edu/
66,15,30,4,1,0,1,1,4,0,0,21,0.3182,1,0,0,1,0,1,0,0,4.709,0,1,0,1,http://185.224.132.190:4444/instagram/billing-resolve.php?id=62322
43,15,20,2,0,0,0,0,4,0,0,0,0.0,0,0,1,0,1,0,0,0,3.8881,0,0,0,0,https://docs.python.org/category/technology
55,33,6,3,2,0,1,1,3,0,0,7,0.1273,0,0,2,2,0,0,1,0,4.6861,1,1,1,1,http://microsoft.com.auth-portal-107.xyz/login?ref=5545
62,40,6,3,2,0,1,1,3,0,0,7,0.1129,0,0,2,2,0,0,1,0,4.8367,1,0,1,1,http://wellsfargo.com.confirm-identity-578.buzz/login?ref=1021
27,15,5,2,0,0,0,0,3,0,0,0,0.0,0,0,1,0,0,0,0,0,3.8003,0,0,0,0,http://docs.python.org/help
23,11,4,2,0,0,0,0,3,0,0,0,0.0,0,0,1,0,1,0,0,0,3.7623,0,0,0,0,https://app.irs.gov/faq
63,17,26,3,2,0,1,1,5,0,0,8,0.127,0,0,0,2,0,0,1,1,4.7234,1,1,0,1,http://free-host-78.club//www.microsoft.com/update?token=927401
60,41,12,2,4,0,0,0,3,0,0,1,0.0167,0,0,0,2,0,0,1,0,4.1822,1,0,0,1,http://secure-binanc3-session-unlock-center.loan/signin.html
55,14,25,4,1,0,1,1,4,0,0,16,0.2909,1,0,0,1,0,0,0,0,4.6355,0,1,0,1,http://107.91.153.154/facebook/auth-portal.php?id=77688
55,13,26,4,1,0,1,1,4,0,0,15,0.2727,1,0,0,0,0,0,0,0,4.7309,0,1,0,1,http://143.96.87.128/amazon/session-unlock.php?id=48084
56,34,6,3,2,0,1,1,3,0,0,7,0.125,0,0,2,4,0,0,1,0,4.6773,1,1,1,1,http://paypal.com.security-update-748.icu/login?ref=9809
24,10,6,1,0,0,0,0,3,0,0,0,0.0,0,0,0,0,1,0,0,0,3.7406,0,0,0,0,https://amazon.com/terms
35,7,21,1,2,0,0,0,3,0,0,3,0.0857,0,1,0,0,0,0,0,0,4.183,0,1,0,1,http://cutt.ly/Jh4w8nw2-chase-alert
111,25,10,2,2,0,1,2,3,0,1,37,0.3333,0,0,0,3,0,0,1,0,4.9394,1,1,0,1,http://portal-facebook-verify.tk/index.php?token=0c5b5a459fbdd05521620327e75999a326d1855c65305242&auth=required
44,11,26,1,2,0,0,0,3,0,0,1,0.0227,0,1,0,0,0,0,0,0,4.4877,0,0,0,1,http://tinyurl.com/bHrooVB1-wellsfargo-alert
65,18,27,3,2,0,1,1,5,0,0,8,0.1231,0,0,0,2,0,0,1,1,4.6401,1,0,0,1,http://free-host-90.click//www.wellsfargo.com/update?token=992303
109,23,10,2,2,0,1,2,3,0,1,32,0.2936,0,0,0,3,0,0,1,0,4.9628,1,1,0,1,http://portal-chase-verify.top/index.php?token=c76a3f04c4fbda1684729f893f3496d5ea1e18a4b5733316&auth=required
58,14,28,4,1,0,1,1,4,0,0,16,0.2759,1,0,0,2,0,0,0,0,4.599,0,0,0,1,http://128.160.40.233/binance/security-update.php?id=23139
63,17,26,3,2,0,1,1,5,0,0,8,0.127,0,0,0,2,0,0,1,1,4.7687,1,1,0,1,http://free-host-34.club//www.instagram.com/update?token=807753
50,31,12,2,3,0,0,0,3,0,0,0,0.0,0,0,0,4,0,0,1,0,4.346,1,1,0,1,http://secure-paypal-verify-center.xyz/signin.html
63,44,12,2,4,0,0,0,3,0,0,2,0.0317,0,0,0,3,0,0,1,0,4.3742,0,0,0,1,http://secure-bank0fam3rica-auth-portal-center.info/signin.html
56,34,6,3,2,0,1,1,3,0,0,7,0.125,0,0,2,1,0,0,1,0,4.7112,1,1,1,1,http://amazon.com.session-unlock-121.club/login?ref=8592
37,9,20,2,0,0,0,0,4,0,0,0,0.0,0,0,0,0,1,0,0,0,4.0264,0,0,0,0,https://cam.ac.uk/dashboard/analytics
43,14,21,2,0,0,0,0,6,0,0,6,0.1395,0,0,1,0,1,0,0,0,4.2573,0,0,0,0,https://dev.reddit.com/news/2026/08/article
114,28,10,2,2,0,1,2,3,0,1,32,0.2807,0,0,0,3,0,0,1,0,5.0704,0,1,0,1,http://portal-instagram-verify.live/index.php?token=998f87f5a533cb96b196af448f62cf240d204edc881a2567&auth=required
55,33,6,3,2,0,1,1,3,0,0,7,0.1273,0,0,2,2,0,0,1,0,4.6742,1,1,1,1,http://netflix.com.account-alert-120.xyz/login?ref=8289
113,27,10,2,2,0,1,2,3,0,1,25,0.2212,0,0,0,3,0,0,1,0,4.9127,1,1,0,1,http://portal-microsoft-verify.top/index.php?token=3b64eea497424ee8aa90419ff6c9dcc833ecbda6af2c95e0&auth=required
113,27,10,2,2,0,1,2,3,0,1,27,0.2389,0,0,0,3,0,0,1,0,4.9682,1,1,0,1,http://portal-microsoft-verify.top/index.php?token=5a85cc96fa8b7b5ca3a8b01ead220084aece5729b119c17f&auth=required
58,16,22,3,2,0,1,1,5,0,0,8,0.1379,0,0,0,2,0,0,1,1,4.7227,1,1,0,1,http://free-host-18.xyz//www.chase.com/update?token=908356
33,17,8,2,0,0,0,0,3,0,0,0,0.0,0,0,1,0,1,0,0,0,4.0438,0,0,0,0,https://www.instagram.com/privacy
54,14,7,1,0,0,1,2,3,0,1,1,0.0185,0,0,0,0,0,0,0,0,4.3631,0,0,0,0,http://aliexpress.com/search?q=machine+learning&page=2
40,11,22,1,2,0,0,0,3,0,0,0,0.0,0,1,0,1,0,0,0,0,4.3342,0,1,0,1,http://tinyurl.com/BUlfZzTp-paypal-alert
54,14,24,4,1,0,1,1,4,0,0,16,0.2963,1,0,0,1,0,0,0,0,4.6158,0,0,0,1,http://208.210.40.195/binance/auth-portal.php?id=76084
38,6,25,1,2,0,0,0,3,0,0,2,0.0526,0,1,0,0,0,0,0,0,4.4816,0,1,0,1,http://bit.ly/o4YVGRX2-microsoft-alert
41,9,24,1,1,0,0,0,5,0,0,1,0.0244,0,0,0,0,1,0,0,0,4.0923,0,0,0,0,https://yahoo.com/docs/v2/getting-started
112,26,10,2,2,0,1,2,3,0,1,28,0.25,0,0,0,3,0,0,1,0,4.8528,1,1,0,1,http://portal-netflix-verify.loan/index.php?token=1100b0c3c0c78dcc87003c29ee220fd0944ce0ddff26b0c3&auth=required
39,7,24,1,1,0,0,0,5,0,0,1,0.0256,0,0,0,0,1,0,0,0,3.9872,0,0,0,0,https://nih.gov/docs/v2/getting-started
59,16,23,3,2,0,1,1,5,0,0,8,0.1356,0,0,0,2,0,0,1,1,4.5148,1,1,0,1,http://free-host-90.icu//www.google.com/update?token=309009
54,35,12,2,4,0,0,0,3,0,0,2,0.037,0,0,0,3,0,0,1,0,4.3607,1,0,0,1,http://secure-app13-auth-portal-center.xyz/signin.html
55,11,28,4,1,0,1,1,4,0,0,13,0.2364,1,0,0,0,0,0,0,0,4.6493,0,1,0,1,http://59.133.3.25/facebook/session-unlock.php?id=55482
30,14,8,2,0,0,0,0,3,0,0,0,0.0,0,0,1,0,1,0,0,0,3.8566,0,0,0,0,https://blog.adobe.com/contact
61,17,24,3,2,0,1,1,5,0,0,8,0.1311,0,0,0,2,0,0,1,1,4.6626,1,0,0,1,http://free-host-92.club//www.binance.com/update?token=916069
64,15,28,4,1,0,1,1,4,0,0,21,0.3281,1,0,0,1,0,1,0,0,4.6464,0,1,0,1,http://106.120.211.251:4444/instagram/account-alert.php?id=78617
37,9,21,1,1,0,0,0,4,0,0,6,0.1622,0,0,0,0,0,0,0,0,4.2497,0,0,0,0,http://vimeo.com/products/item-129481
60,38,6,3,2,0,1,1,3,0,0,7,0.1167,0,0,2,2,0,0,1,0,4.4417,0,1,1,1,http://google.com.suspended-notice-552.online/login?ref=2972
60,13,26,4,1,0,1,1,4,0,0,19,0.3167,1,0,0,1,0,1,0,0,4.644,0,0,0,1,http://152.79.63.230:8888/binance/account-alert.php?id=35329
111,25,10,2,2,0,1,2,3,0,1,33,0.2973,0,0,0,3,0,0,1,0,4.9525,0,1,0,1,http://portal-google-verify.live/index.php?token=50182115ceff9bff183a91389230a030a9c2bb96c509823d&auth=required
113,27,10,2,2,0,1,2,3,0,1,30,0.2655,0,0,0,3,0,0,1,0,4.9022,1,1,0,1,http://portal-facebook-verify.club/index.php?token=a628c5a3abcf163862e7c5696459cd01de111f6e21b5c1a1&auth=required
20,12,0,1,0,0,0,0,2,0,0,0,0.0,0,0,0,0,1,0,0,0,3.9219,0,0,0,0,https://linkedin.com
61,42,12,2,4,0,0,0,3,0,0,1,0.0164,0,0,0,3,0,0,1,0,4.326,1,0,0,1,http://secure-paypa1-suspended-notice-center.buzz/signin.html
41,12,21,2,0,0,0,0,6,0,0,6,0.1463,0,0,1,0,1,0,0,0,4.2899,0,0,0,0,https://my.vimeo.com/news/2026/08/article
59,14,29,4,1,0,1,1,4,0,0,16,0.2712,1,0,0,1,0,0,0,0,4.6433,0,0,0,1,http://134.147.24.158/binance/confirm-identity.php?id=40398
27,11,8,1,0,0,0,0,3,0,0,0,0.0,0,0,0,0,1,0,0,0,3.6484,0,0,0,0,https://walmart.com/contact
37,7,23,1,2,0,0,0,3,0,0,1,0.027,0,1,0,0,0,0,0,0,4.317,0,1,0,1,http://cutt.ly/2VLfFMJp-netflix-alert
52,11,7,2,0,0,1,2,3,0,1,1,0.0192,0,0,1,0,1,0,0,0,4.4576,0,0,0,0,https://app.zoom.us/search?q=machine+learning&page=2
61,17,24,3,2,0,1,1,5,0,0,8,0.1311,0,0,0,2,0,0,1,1,4.5782,0,1,0,1,http://free-host-33.info//www.netflix.com/update?token=959536
29,13,8,1,0,0,0,0,3,0,0,0,0.0,0,0,0,0,1,0,0,0,3.9523,0,0,0,0,https://instagram.com/privacy
40,12,20,1,0,0,0,0,4,0,0,0,0.0,0,0,0,0,1,0,0,0,4.0628,0,0,0,0,https://stanford.edu/category/technology
68,14,33,4,1,0,1,1,4,0,0,20,0.2941,1,0,0,0,0,1,0,0,4.8294,0,1,0,1,http://199.127.76.129:3000/bankofamerica/session-unlock.php?id=22687
52,11,7,1,0,0,1,2,3,0,1,1,0.0192,0,0,0,0,1,0,0,0,4.4595,0,0,0,0,https://shopify.com/search?q=machine+learning&page=2
26,14,4,1,0,0,0,0,3,0,0,0,0.0,0,0,0,0,1,0,0,0,3.8731,0,0,0,0,https://salesforce.com/faq
53,12,25,4,1,0,1,1,4,0,0,14,0.2642,1,0,0,1,0,0,0,0,4.5909,0,1,0,1,http://54.63.234.56/amazon/account-alert.php?id=69388
30,16,6,2,0,0,0,0,3,0,0,0,0.0,0,0,1,0,1,0,0,0,3.8729,0,0,0,0,https://app.facebook.com/terms
58,12,25,4,0,0,1,1,4,0,0,18,0.3103,1,0,0,1,0,1,0,0,4.8059,0,1,0,1,http://94.120.83.45:8080/bankofamerica/verify.php?id=73065
58,39,12,2,4,0,0,0,3,0,0,4,0.069,0,0,0,3,0,0,1,0,4.3644,1,0,0,1,http://secure-g00g13-account-alert-center.work/signin.html
58,12,25,4,1,0,1,1,4,0,0,18,0.3103,1,0,0,0,0,1,0,0,4.5368,0,1,0,1,http://64.246.1.236:8888/chase/session-unlock.php?id=82240
43,15,20,2,0,0,0,0,4,0,0,0,0.0,0,0,1,0,1,0,0,0,4.0628,0,0,0,0,https://api.shopify.com/category/technology
14,6,0,1,0,0,0,0,2,0,0,0,0.0,0,0,0,0,1,0,0,0,3.5216,0,0,0,0,https://un.org
58,39,12,2,4,0,0,0,3,0,0,0,0.0,0,0,0,3,0,0,1,0,4.2071,1,1,0,1,http://secure-amazon-account-alert-center.buzz/signin.html
43,11,25,1,2,0,0,0,3,0,0,1,0.0233,0,1,0,0,0,0,0,0,4.499,0,1,0,1,http://tinyurl.com/3HVMkHqV-microsoft-alert
34,6,20,1,0,0,0,0,4,0,0,0,0.0,0,0,0,0,1,0,0,0,4.0431,0,0,0,0,https://un.org/dashboard/analytics
20,7,6,1,0,0,0,0,3,0,0,0,0.0,0,0,0,0,0,0,0,0,3.4087,0,0,0,0,http://bbc.com/about
60,17,23,3,2,0,1,1,5,0,0,8,0.1333,0,0,0,2,0,0,1,1,4.5553,1,1,0,1,http://free-host-29.work//www.amazon.com/update?token=577742
24,15,1,2,0,0,0,0,3,0,0,0,0.0,0,0,1,0,1,0,0,0,3.7721,0,0,0,0,https://api.nytimes.com/
51,14,21,4,0,0,1,1,4,0,0,16,0.3137,1,0,0,1,0,0,0,0,4.5692,0,1,0,1,http://169.78.222.101/instagram/verify.php?id=90412
40,11,21,1,0,0,0,0,6,0,0,6,0.15,0,0,0,0,1,0,0,0,4.2653,0,0,0,0,https://spotify.com/news/2026/08/article
27,13,6,2,0,0,0,0,3,0,0,0,0.0,0,0,1,0,1,0,0,0,3.7821,0,0,0,0,https://api.apple.com/about
62,43,12,2,4,0,0,0,3,0,0,0,0.0,0,0,0,3,0,0,1,0,4.2766,1,1,0,1,http://secure-facebook-confirm-identity-center.icu/signin.html
43,11,25,1,2,0,0,0,3,0,0,1,0.0233,0,1,0,0,0,0,0,0,4.4524,0,1,0,1,http://tinyurl.com/iVoUOM5x-microsoft-alert
55,14,7,1,0,0,1,2,3,0,1,1,0.0182,0,0,0,0,1,0,0,0,4.4494,0,0,0,0,https://wellsfargo.com/search?q=machine+learning&page=2
60,38,6,3,2,0,1,1,3,0,0,7,0.1167,0,0,2,2,0,0,1,0,4.6127,1,1,1,1,http://microsoft.com.billing-resolve-510.loan/login?ref=7043
62,43,12,2,4,0,0,0,3,0,0,1,0.0161,0,0,0,3,0,0,1,0,4.2542,0,0,0,1,http://secure-paypa1-billing-resolve-center.online/signin.html
16,9,0,1,0,0,0,0,2,0,0,0,0.0,0,0,0,0,0,0,0,0,3.625,0,0,0,0,http://adobe.com
64,45,12,2,4,0,0,0,3,0,0,0,0.0,0,0,0,3,0,0,1,0,4.2148,1,1,0,1,http://secure-bankofamerica-account-alert-center.top/signin.html
60,16,24,3,2,0,1,1,5,0,0,8,0.1333,0,0,0,2,0,0,1,1,4.7903,1,1,0,1,http://free-host-66.xyz//www.netflix.com/update?token=402581
60,41,12,2,4,0,0,0,3,0,0,0,0.0,0,0,0,5,0,0,1,0,4.3018,1,1,0,1,http://secure-paypal-security-update-center.work/signin.html
24,16,0,2,0,0,0,0,2,0,0,0,0.0,0,0,1,0,1,0,0,0,3.7406,0,0,0,0,https://mail.walmart.com
29,13,8,2,0,0,0,0,3,0,0,0,0.0,0,0,1,0,1,0,0,0,3.7285,0,0,0,0,https://dev.chase.com/contact
43,7,29,1,2,0,0,0,3,0,0,1,0.0233,0,1,0,0,0,0,0,0,4.3617,0,1,0,1,http://cutt.ly/eEcIt0Rm-bankofamerica-alert
62,10,31,4,1,0,1,1,4,0,0,16,0.2581,1,0,0,1,0,1,0,0,4.5849,0,1,0,1,http://62.34.7.10:8888/microsoft/suspended-notice.php?id=28121
26,13,5,2,0,0,0,0,3,0,0,0,0.0,0,0,1,0,1,0,0,0,3.5805,0,0,0,0,https://dev.twitch.tv/help
59,17,22,3,2,0,1,1,5,0,0,8,0.1356,0,0,0,2,0,0,1,1,4.6794,0,1,0,1,http://free-host-60.live//www.apple.com/update?token=741284
33,21,4,2,0,0,0,0,3,0,0,0,0.0,0,0,1,0,1,0,0,0,4.0815,0,0,0,0,https://app.stackoverflow.com/faq
43,11,24,1,1,0,0,0,5,0,0,1,0.0233,0,0,0,0,1,0,0,0,4.1815,0,0,0,0,https://youtube.com/docs/v2/getting-started
112,26,10,2,2,0,1,2,3,0,1,27,0.2411,0,0,0,4,0,0,1,0,4.9271,1,1,0,1,http://portal-paypal-verify.click/index.php?token=fb65d10d2ec50b6d7ec71055fe91b1b43a86cf2565b0fff1&auth=required
67,15,31,4,1,0,1,1,4,0,0,21,0.3134,1,0,0,1,0,1,0,0,4.6013,0,1,0,1,http://174.191.136.142:3000/microsoft/suspended-notice.php?id=44777
47,18,21,2,0,0,0,0,6,0,0,6,0.1277,0,0,1,0,1,0,0,0,4.2242,0,0,0,0,https://app.salesforce.com/news/2026/08/article
18,10,0,1,0,0,0,0,2,0,0,0,0.0,0,0,0,1,1,0,0,0,3.5724,0,0,0,0,https://paypal.com
42,13,21,2,1,0,0,0,4,0,0,6,0.1429,0,0,1,0,1,0,0,0,4.2578,0,0,0,0,https://dev.twitch.tv/products/item-129481
26,14,5,2,0,0,0,0,3,0,0,0,0.0,0,0,1,0,0,0,0,0,3.8151,0,0,0,0,http://api.github.com/help
37,9,20,1,0,0,0,0,4,0,0,0,0.0,0,0,0,0,1,0,0,0,3.8714,0,0,0,0,https://chase.com/category/technology
58,12,30,4,1,0,1,1,4,0,0,14,0.2414,1,0,0,2,0,0,0,0,4.6318,0,1,0,1,http://116.41.97.98/microsoft/security-update.php?id=59294
44,12,24,2,1,0,0,0,5,0,0,1,0.0227,0,0,1,0,1,0,0,0,4.1835,0,0,0,0,https://my.adobe.com/docs/v2/getting-started
54,35,12,2,3,0,0,0,3,0,0,0,0.0,0,0,0,3,0,0,1,0,4.32,1,1,0,1,http://secure-instagram-verify-center.buzz/signin.html
58,15,23,3,2,0,1,1,5,0,0,8,0.1379,0,0,0,2,0,0,1,1,4.5583,1,1,0,1,http://free-host-70.tk//www.amazon.com/update?token=659970
58,39,12,2,4,0,0,0,3,0,0,2,0.0345,0,0,0,2,0,0,1,0,4.2761,0,0,0,1,http://secure-app13-session-unlock-center.info/signin.html
50,18,24,2,1,0,0,0,5,0,0,1,0.02,0,0,1,0,1,0,0,0,4.184,0,0,0,0,https://api.aliexpress.com/docs/v2/getting-started
64,45,12,2,4,0,0,0,3,0,0,0,0.0,0,0,0,3,0,0,1,0,4.1516,0,1,0,1,http://secure-instagram-suspended-notice-center.info/signin.html
63,17,26,3,2,0,1,1,5,0,0,8,0.127,0,0,0,2,0,0,1,1,4.6855,1,1,0,1,http://free-host-35.loan//www.instagram.com/update?token=218280
57,38,12,2,3,0,0,0,3,0,0,0,0.0,0,0,0,3,0,0,1,0,4.4552,1,1,0,1,http://secure-bankofamerica-verify-center.xyz/signin.html
45,16,21,2,0,0,0,0,6,0,0,6,0.1333,0,0,1,0,1,0,0,0,4.2692,0,0,0,0,https://portal.vimeo.com/news/2026/08/article
38,6,25,1,2,0,0,0,3,0,0,2,0.0526,0,1,0,0,0,0,0,0,4.5015,0,1,0,1,http://bit.ly/9muxP0EK-microsoft-alert
59,37,6,3,2,0,1,1,3,0,0,7,0.1186,0,0,2,2,0,0,1,0,4.6566,0,1,1,1,http://facebook.com.billing-resolve-604.live/login?ref=1521
22,13,1,2,0,0,0,0,3,0,0,0,0.0,0,0,1,0,1,0,0,0,3.6978,0,0,0,0,https://api.vimeo.com/
21,9,4,2,0,0,0,0,3,0,0,0,0.0,0,0,1,0,1,0,0,0,3.9754,0,0,0,0,https://my.un.org/faq
41,9,24,2,1,0,0,0,5,0,0,1,0.0244,0,0,0,0,1,0,0,0,4.1531,0,0,0,0,https://cam.ac.uk/docs/v2/getting-started
36,7,22,1,2,0,0,0,3,0,0,2,0.0556,0,1,0,0,0,0,0,0,4.1972,0,1,0,1,http://cutt.ly/3HtP9zHS-google-alert
48,7,7,1,0,0,1,2,3,0,1,1,0.0208,0,0,0,0,1,0,0,0,4.3116,0,0,0,0,https://cnn.com/search?q=machine+learning&page=2
52,30,6,3,2,0,1,1,3,0,0,7,0.1346,0,0,2,2,0,0,1,0,4.6039,1,1,1,1,http://chase.com.auth-portal-489.loan/login?ref=6236
61,14,26,4,1,0,1,1,4,0,0,20,0.3279,1,0,0,2,0,1,0,0,4.4966,0,1,0,1,http://29.171.193.240:8888/apple/security-update.php?id=84711
28,19,1,2,0,0,0,0,3,0,0,0,0.0,0,0,1,0,1,0,0,0,4.0836,0,0,0,0,https://www.theguardian.com/
110,24,10,2,2,0,1,2,3,0,1,31,0.2818,0,0,0,3,0,0,1,0,4.9868,1,1,0,1,http://portal-google-verify.icu/index.php?token=6c861524bb043d5ae1b6508e90488b5d77673dc562a8beec&auth=required
42,14,20,1,0,0,0,0,4,0,0,0,0.0,0,0,0,0,1,0,0,0,4.1072,0,0,0,0,https://aliexpress.com/dashboard/analytics
61,17,24,3,2,0,1,1,5,0,0,8,0.1311,0,0,0,2,0,0,1,1,4.6562,0,1,0,1,http://free-host-29.info//www.netflix.com/update?token=601064
111,25,10,2,2,0,1,2,3,0,1,32,0.2883,0,0,0,3,0,0,1,0,5.0679,1,1,0,1,http://portal-amazon-verify.loan/index.php?token=21035d92c21e54c7384bf5cfb900feb9e5463c1861ba0749&auth=required
55,15,19,4,0,0,1,1,4,0,0,21,0.3818,1,0,0,1,0,1,0,0,4.5855,0,1,0,1,http://120.173.214.104:8080/netflix/verify.php?id=56289
38,10,20,1,0,0,0,0,4,0,0,0,0.0,0,0,0,0,1,0,0,0,4.0407,0,0,0,0,https://github.com/category/technology
57,35,6,3,2,0,1,1,3,0,0,7,0.1228,0,0,2,2,0,0,1,0,4.6225,1,1,1,1,http://netflix.com.billing-resolve-682.icu/login?ref=5844
36,6,23,1,2,0,0,0,3,0,0,2,0.0556,0,1,0,0,0,0,0,0,4.4166,0,1,0,1,http://bit.ly/SWTNXB07-netflix-alert
25,17,0,2,0,0,0,0,2,0,0,0,0.0,0,0,1,1,1,0,0,0,4.0039,0,0,0,0,https://login.dropbox.com
108,22,10,2,2,0,1,2,3,0,1,30,0.2778,0,0,0,3,0,0,1,0,4.9249,1,1,0,1,http://portal-apple-verify.tk/index.php?token=cb75051d874063b6c6cba76b314bef5b4758a4493cb8c5e9&auth=required
35,6,22,1,2,0,0,0,3,0,0,0,0.0,0,1,0,0,0,0,0,0,4.3217,0,1,0,1,http://bit.ly/EDwcYBeZ-google-alert
23,14,1,2,0,0,0,0,3,0,0,0,0.0,0,0,1,0,1,0,0,0,3.7623,0,0,0,0,https://api.medium.com/
24,10,6,1,0,0,0,0,3,0,0,0,0.0,0,0,0,0,1,0,0,0,3.8868,0,0,0,0,https://reddit.com/about
59,17,22,3,2,0,1,1,5,0,0,8,0.1356,0,0,0,2,0,0,1,1,4.6649,1,1,0,1,http://free-host-26.buzz//www.apple.com/update?token=356169
56,34,6,3,2,0,1,1,3,0,0,7,0.125,0,0,2,3,0,0,1,0,4.7042,1,1,1,1,http://chase.com.security-update-759.loan/login?ref=9562
22,10,4,1,0,0,0,0,3,0,0,0,0.0,0,0,0,0,1,0,0,0,3.9706,0,0,0,0,https://kaggle.com/faq
45,16,21,2,0,0,0,0,6,0,0,6,0.1333,0,0,1,0,1,0,0,0,4.3245,0,0,0,0,https://www.facebook.com/news/2026/08/article
40,7,26,1,2,0,0,0,3,0,0,1,0.025,0,1,0,0,0,0,0,0,4.4628,0,0,0,1,http://cutt.ly/VU8wiNzb-wellsfargo-alert
49,19,22,2,0,0,0,0,4,0,0,0,0.0,0,0,1,0,1,0,0,0,4.1733,0,0,0,0,https://blog.cloudflare.com/resources/whitepapers
32,20,4,2,0,0,0,0,3,0,0,0,0.0,0,0,1,1,1,0,0,0,4.2417,0,0,0,0,https://login.cloudflare.com/faq
38,10,20,1,0,0,0,0,4,0,0,0,0.0,0,0,0,0,1,0,0,0,3.945,0,0,0,0,https://kaggle.com/category/technology
35,7,20,1,0,0,0,0,4,0,0,0,0.0,0,0,0,0,1,0,0,0,3.9573,0,0,0,0,https://cnn.com/dashboard/analytics
25,13,4,2,0,0,0,0,3,0,0,0,0.0,0,0,1,0,1,0,0,0,3.8635,0,0,0,0,https://help.citi.com/faq
111,25,10,2,2,0,1,2,3,0,1,29,0.2613,0,0,0,4,0,0,1,0,4.9651,1,1,0,1,http://portal-paypal-verify.work/index.php?token=6b5b78d3e6b6a395995da0cf612779699dd0dd1032fabc8f&auth=required
26,12,6,1,0,0,0,0,3,0,0,0,0.0,0,0,0,0,1,0,0,0,3.8441,0,0,0,0,https://facebook.com/terms
43,11,25,1,2,0,0,0,3,0,0,0,0.0,0,1,0,0,0,0,0,0,4.499,0,1,0,1,http://tinyurl.com/MsxLVhQW-instagram-alert
57,35,6,3,2,0,1,1,3,0,0,7,0.1228,0,0,2,3,0,0,1,0,4.6306,0,1,1,1,http://paypal.com.billing-resolve-536.live/login?ref=4630
67,48,12,2,4,0,0,0,3,0,0,2,0.0299,0,0,0,3,0,0,1,0,4.3692,1,0,0,1,http://secure-bank0fam3rica-suspended-notice-center.top/signin.html
114,28,10,2,2,0,1,2,3,0,1,23,0.2018,0,0,0,3,0,0,1,0,4.7795,0,1,0,1,http://portal-netflix-verify.online/index.php?token=ed38f3d4c3ed7f8b73caef5cdb4c1743d8d7501b3fbdee51&auth=required
43,11,24,1,1,0,0,0,5,0,0,1,0.0233,0,0,0,0,1,0,0,0,4.0771,0,0,0,0,https://nytimes.com/docs/v2/getting-started
112,26,10,2,2,0,1,2,3,0,1,31,0.2768,0,0,0,3,0,0,1,0,4.8618,1,1,0,1,http://portal-facebook-verify.xyz/index.php?token=649d9b0ad3043a44a0d9030efa3e0c3017499e76360bcfc1&auth=required
115,29,10,2,2,0,1,2,3,0,1,30,0.2609,0,0,0,3,0,0,1,0,5.0571,1,0,0,1,http://portal-wellsfargo-verify.work/index.php?token=2bf15a791a481e9276ce9f7fe1b6f41f45cf7366c8d03d32&auth=required
41,11,23,1,2,0,0,0,3,0,0,2,0.0488,0,1,0,0,0,0,0,0,4.4706,0,1,0,1,http://tinyurl.com/dUQS9F9l-netflix-alert
111,25,10,2,2,0,1,2,3,0,1,25,0.2252,0,0,0,4,0,0,1,0,4.932,1,1,0,1,http://portal-paypal-verify.club/index.php?token=851b3d8db7fc5bfdbe10f16ab8ce0d312f2d23462e9cfe65&auth=required
56,34,6,3,2,0,1,1,3,0,0,7,0.125,0,0,2,1,0,0,1,0,4.6175,1,0,1,1,http://binance.com.session-unlock-819.icu/login?ref=3008
111,25,10,2,2,0,1,2,3,0,1,27,0.2432,0,0,0,3,0,0,1,0,4.9916,1,1,0,1,http://portal-google-verify.buzz/index.php?token=6e5d8c738e1ad40dd712f4a1b1daf00c7da83ad32dd56395&auth=required
22,13,1,2,0,0,0,0,3,0,0,0,0.0,0,0,1,0,1,0,0,0,3.7544,0,0,0,0,https://my.reddit.com/
51,10,7,1,0,0,1,2,3,0,1,1,0.0196,0,0,0,0,1,0,0,0,4.3512,0,0,0,0,https://google.com/search?q=machine+learning&page=2
48,26,6,3,1,0,1,1,3,0,0,7,0.1458,0,0,2,2,0,0,1,0,4.7563,1,1,1,1,http://amazon.com.verify-228.buzz/login?ref=2451
29,15,6,2,0,0,0,0,3,0,0,0,0.0,0,0,1,0,1,0,0,0,3.9094,0,0,0,0,https://dev.youtube.com/terms
39,11,21,1,2,0,0,0,3,0,0,1,0.0256,0,1,0,0,0,0,0,0,4.4968,0,1,0,1,http://tinyurl.com/PswguD6H-chase-alert
63,44,12,2,4,0,0,0,3,0,0,0,0.0,0,0,0,3,0,0,1,0,4.2019,1,1,0,1,http://secure-microsoft-billing-resolve-center.club/signin.html
58,36,6,3,2,0,1,1,3,0,0,7,0.1207,0,0,2,2,0,0,1,0,4.6272,1,1,1,1,http://amazon.com.confirm-identity-786.work/login?ref=1787
68,18,30,3,2,0,1,1,5,0,0,8,0.1176,0,0,0,2,0,0,1,1,4.7479,1,1,0,1,http://free-host-13.click//www.bankofamerica.com/update?token=276097
111,25,10,2,2,0,1,2,3,0,1,28,0.2523,0,0,0,3,0,0,1,0,4.9556,0,1,0,1,http://portal-google-verify.info/index.php?token=96c97a0a60c7537d2add20e9e2eabf5a4f78762fc63134de&auth=required
59,17,22,3,2,0,1,1,5,0,0,8,0.1356,0,0,0,2,0,0,1,1,4.6099,1,1,0,1,http://free-host-65.club//www.apple.com/update?token=825899
57,38,12,2,4,0,0,0,3,0,0,0,0.0,0,0,0,3,0,0,1,0,4.0775,0,1,0,1,http://secure-chase-account-alert-center.live/signin.html
47,19,20,2,0,0,0,0,4,0,0,0,0.0,0,0,1,0,1,0,0,0,4.1453,0,0,0,0,https://portal.linkedin.com/category/technology
55,33,6,3,2,0,1,1,3,0,0,7,0.1273,0,0,2,2,0,0,1,0,4.6808,1,0,1,1,http://binance.com.account-alert-191.xyz/login?ref=1472
51,21,22,2,0,0,0,0,4,0,0,0,0.0,0,0,1,0,1,0,0,0,4.1307,0,0,0,0,https://www.bankofamerica.com/resources/whitepapers
56,15,7,2,0,0,1,2,3,0,1,1,0.0179,0,0,1,0,1,0,0,0,4.4495,0,0,0,0,https://docs.python.org/search?q=machine+learning&page=2
26,10,8,2,0,0,0,0,3,0,0,0,0.0,0,0,1,0,1,0,0,0,3.9501,0,0,0,0,https://my.mit.edu/privacy
57,15,26,4,1,0,1,1,4,0,0,17,0.2982,1,0,0,1,0,0,0,0,4.5211,0,1,0,1,http://111.110.164.208/netflix/account-alert.php?id=88199
59,17,22,3,2,0,1,1,5,0,0,8,0.1356,0,0,0,2,0,0,1,1,4.521,1,1,0,1,http://free-host-41.work//www.chase.com/update?token=905095
60,13,26,4,1,0,1,1,4,0,0,19,0.3167,1,0,0,0,0,1,0,0,4.6882,0,1,0,1,http://127.245.39.41:8888/google/session-unlock.php?id=86957
61,42,12,2,4,0,0,0,3,0,0,0,0.0,0,0,0,2,0,0,1,0,4.2524,0,1,0,1,http://secure-facebook-session-unlock-center.live/signin.html
59,17,22,3,2,0,1,1,5,0,0,8,0.1356,0,0,0,2,0,0,1,1,4.5971,1,1,0,1,http://free-host-81.loan//www.chase.com/update?token=210053
109,23,10,2,2,0,1,2,3,0,1,26,0.2385,0,0,0,3,0,0,1,0,4.9264,1,1,0,1,http://portal-apple-verify.top/index.php?token=b9dc6f0e3729a85c2cc6b411574d2158acaaee63bab7c4f6&auth=required
50,20,22,2,0,0,0,0,4,0,0,0,0.0,0,0,1,0,1,0,0,0,4.1493,0,0,0,0,https://my.stackoverflow.com/resources/whitepapers
44,14,22,2,0,0,0,0,5,0,0,0,0.0,0,0,1,0,1,0,0,0,4.0338,0,0,0,0,https://app.reddit.com/user/profile/settings
54,35,12,2,4,0,0,0,3,0,0,0,0.0,0,0,0,3,0,0,1,0,4.0623,1,1,0,1,http://secure-apple-auth-portal-center.top/signin.html
48,16,24,2,1,0,0,0,5,0,0,1,0.0208,0,0,1,0,1,0,0,0,4.1782,0,0,0,0,https://blog.reuters.com/docs/v2/getting-started
67,17,30,3,2,0,1,1,5,0,0,8,0.1194,0,0,0,2,0,0,1,1,4.7491,0,1,0,1,http://free-host-19.live//www.bankofamerica.com/update?token=729263
24,11,5,1,0,0,0,0,3,0,0,0,0.0,0,0,0,0,1,0,0,0,3.7721,0,0,0,0,https://youtube.com/help
48,15,17,4,0,0,1,1,4,0,0,17,0.3542,1,0,0,1,0,0,0,0,4.3512,0,1,0,1,http://121.105.145.196/apple/verify.php?id=75572
69,10,16,1,0,0,1,1,5,0,0,28,0.4058,0,0,0,2,0,1,0,0,4.4352,0,1,0,1,http://portal.com:8443/chase/bank/auth?token=928374982374982374982374
59,17,22,3,2,0,1,1,5,0,0,8,0.1356,0,0,0,2,0,0,1,1,4.576,1,1,0,1,http://free-host-90.loan//www.apple.com/update?token=668279
25,12,6,2,0,0,0,0,3,0,0,0,0.0,0,0,1,0,0,0,0,0,3.7035,0,0,0,0,http://help.zoom.us/terms
23,9,6,1,0,0,0,0,3,0,0,0,0.0,0,0,0,0,1,0,0,0,3.6425,0,0,0,0,https://yahoo.com/terms
66,16,30,3,2,0,1,1,5,0,0,8,0.1212,0,0,0,2,0,0,1,1,4.7248,1,1,0,1,http://free-host-77.icu//www.bankofamerica.com/update?token=361548
30,14,8,2,0,0,0,0,3,0,0,0,0.0,0,0,1,1,1,0,0,0,3.6444,0,0,0,0,https://login.citi.com/contact
62,19,23,3,2,0,1,1,5,0,0,8,0.129,0,0,0,2,0,0,1,1,4.5912,0,1,0,1,http://free-host-39.online//www.google.com/update?token=695630
54,13,25,4,1,0,1,1,4,0,0,15,0.2778,1,0,0,2,0,0,0,0,4.549,0,1,0,1,http://43.109.196.32/paypal/account-alert.php?id=52362
34,12,14,2,0,0,0,0,5,0,0,1,0.0294,0,0,1,0,1,0,0,0,3.8414,0,0,0,0,https://help.irs.gov/api/v1/status
61,42,12,2,4,0,0,0,3,0,0,0,0.0,0,0,0,3,0,0,1,0,4.274,0,1,0,1,http://secure-amazon-confirm-identity-center.live/signin.html
44,14,22,3,0,0,0,0,4,0,0,0,0.0,0,0,1,0,1,0,0,0,4.01,0,0,0,0,https://mail.cam.ac.uk/resources/whitepapers
33,5,21,1,2,0,0,0,3,0,0,3,0.0909,0,1,0,0,0,0,0,0,4.165,0,1,0,1,http://rb.gy/lX64iPH4-apple-alert
47,17,22,1,0,0,0,0,4,0,0,0,0.0,0,0,0,0,1,0,0,0,4.0497,0,0,0,0,https://stackoverflow.com/resources/whitepapers
39,11,20,1,0,0,0,0,4,0,0,0,0.0,0,0,0,0,1,0,0,0,4.0604,0,0,0,0,https://harvard.edu/category/technology
118,32,10,2,2,0,1,2,3,0,1,31,0.2627,0,0,0,3,0,0,1,0,4.9172,0,1,0,1,http://portal-bankofamerica-verify.info/index.php?token=8721a2be2d1fc7e02802299c5d9c8c227501bdcf16c3a253&auth=required
50,21,21,2,0,0,0,0,6,0,0,6,0.12,0,0,1,0,1,0,0,0,4.3631,0,0,0,0,https://app.stackoverflow.com/news/2026/08/article
60,14,30,4,1,0,1,1,4,0,0,16,0.2667,1,0,0,0,0,0,0,0,4.7981,0,0,0,1,http://51.102.154.249/wellsfargo/session-unlock.php?id=28353
46,24,6,3,1,0,1,1,3,0,0,7,0.1522,0,0,2,2,0,0,1,0,4.6589,1,1,1,1,http://chase.com.verify-919.top/login?ref=6276
63,18,25,3,2,0,1,1,5,0,0,8,0.127,0,0,0,2,0,0,1,1,4.5891,1,1,0,1,http://free-host-80.click//www.facebook.com/update?token=980698
35,5,23,1,2,0,0,0,3,0,0,3,0.0857,0,1,0,0,0,0,0,0,4.3789,0,0,0,1,http://rb.gy/6P5O6rmd-binance-alert
30,14,8,2,0,0,0,0,3,0,0,0,0.0,0,0,1,0,1,0,0,0,3.6314,0,0,0,0,https://aws.amazon.com/contact
57,12,29,4,1,0,1,1,4,0,0,14,0.2456,1,0,0,1,0,0,0,0,4.5282,0,0,0,1,http://27.94.228.44/binance/confirm-identity.php?id=24331
27,11,8,2,0,0,0,0,3,0,0,0,0.0,0,0,1,0,1,0,0,0,4.0323,0,0,0,0,https://dev.who.int/privacy
21,7,6,1,0,0,0,0,3,0,0,0,0.0,0,0,0,0,1,0,0,0,3.5945,0,0,0,0,https://who.int/about
46,17,21,2,0,0,0,0,6,0,0,6,0.1304,0,0,1,1,1,0,0,0,4.284,0,0,0,0,https://login.reuters.com/news/2026/08/article
43,13,22,2,0,0,0,0,5,0,0,0,0.0,0,0,1,0,1,0,0,0,3.9385,0,0,0,0,https://help.citi.com/user/profile/settings
29,7,14,1,0,0,0,0,5,0,0,1,0.0345,0,0,0,0,1,0,0,0,3.6301,0,0,0,0,https://zoom.us/api/v1/status
58,36,6,3,2,0,1,1,3,0,0,7,0.1207,0,0,2,2,0,0,1,0,4.7437,0,1,1,1,http://amazon.com.suspended-notice-698.live/login?ref=1713
113,27,10,2,2,0,1,2,3,0,1,25,0.2212,0,0,0,3,0,0,1,0,4.8569,1,1,0,1,http://portal-instagram-verify.top/index.php?token=02a6d01a1fd9e87b9e11a9ad57e4e99a0c80c1af9be4bea0&auth=required
34,5,22,1,2,0,0,0,3,0,0,2,0.0588,0,1,0,0,0,0,0,0,4.1607,0,1,0,1,http://rb.gy/9ZtpZf5D-google-alert
31,19,4,2,0,0,0,0,3,0,0,0,0.0,0,0,1,0,1,0,0,0,3.9779,0,0,0,0,https://portal.facebook.com/faq
58,14,23,4,1,0,1,1,4,0,0,20,0.3448,1,0,0,2,0,1,0,0,4.4481,0,1,0,1,http://215.76.189.245:8080/paypal/auth-portal.php?id=17910
61,39,6,3,2,0,1,1,3,0,0,7,0.1148,0,0,2,2,0,0,1,0,4.6374,1,0,1,1,http://wellsfargo.com.billing-resolve-810.work/login?ref=9868
58,13,29,4,1,0,1,1,4,0,0,15,0.2586,1,0,0,1,0,0,0,0,4.7222,0,0,0,1,http://104.91.90.181/wellsfargo/account-alert.php?id=31325
43,13,22,2,0,0,0,0,5,0,0,0,0.0,0,0,1,0,1,0,0,0,3.9522,0,0,0,0,https://blog.pypi.org/user/profile/settings
64,13,30,4,1,0,1,1,4,0,0,19,0.2969,1,0,0,1,0,1,0,0,4.6792,0,1,0,1,http://200.122.75.60:3000/instagram/billing-resolve.php?id=25856
56,34,6,3,2,0,1,1,3,0,0,7,0.125,0,0,2,2,0,0,1,0,4.7979,1,1,1,1,http://paypal.com.session-unlock-224.buzz/login?ref=7199
42,12,22,2,0,0,0,0,4,0,0,0,0.0,0,0,1,0,1,0,0,0,3.8988,0,0,0,0,https://help.irs.gov/resources/whitepapers
26,14,4,2,0,0,0,0,3,0,0,0,0.0,0,0,1,0,1,0,0,0,3.9022,0,0,0,0,https://blog.yahoo.com/faq
52,30,6,3,2,0,1,1,3,0,0,7,0.1346,0,0,2,2,0,0,1,0,4.498,0,1,1,1,http://apple.com.auth-portal-603.live/login?ref=3631
41,12,21,2,0,0,0,0,6,0,0,6,0.1463,0,0,1,0,1,0,0,0,4.3755,0,0,0,0,https://my.quora.com/news/2026/08/article
60,13,26,4,1,0,1,1,4,0,0,19,0.3167,1,0,0,1,0,1,0,0,4.7073,0,1,0,1,http://134.167.29.31:4444/paypal/session-unlock.php?id=10685
30,14,8,2,0,0,0,0,3,0,0,0,0.0,0,0,1,0,1,0,0,0,3.9899,0,0,0,0,https://app.github.com/privacy
56,34,6,3,2,0,1,1,3,0,0,7,0.125,0,0,2,2,0,0,1,0,4.5391,0,1,1,1,http://chase.com.account-alert-257.online/login?ref=2768
48,15,17,4,0,0,1,1,4,0,0,17,0.3542,1,0,0,1,0,0,0,0,4.3895,0,1,0,1,http://203.112.110.144/chase/verify.php?id=95204
60,41,12,2,4,0,0,0,3,0,0,0,0.0,0,0,0,4,0,0,1,0,4.1144,0,1,0,1,http://secure-paypal-account-alert-center.online/signin.html
116,30,10,2,2,0,1,2,3,0,1,27,0.2328,0,0,0,3,0,0,1,0,4.8622,0,1,0,1,http://portal-instagram-verify.online/index.php?token=497fa33b0be94adbe83de13314b7165abaf3fe43ba9b7813&auth=required
42,6,29,1,2,0,0,0,3,0,0,2,0.0476,0,1,0,0,0,0,0,0,4.4992,0,1,0,1,http://bit.ly/8WS0qlRm-bankofamerica-alert
112,26,10,2,2,0,1,2,3,0,1,26,0.2321,0,0,0,3,0,0,1,0,4.8188,0,1,0,1,http://portal-netflix-verify.live/index.php?token=dc11be111f3f3d5ae4e01165df3e38aaa6f62b61b98df59f&auth=required
33,11,14,1,0,0,0,0,5,0,0,1,0.0303,0,0,0,0,1,0,0,0,3.8708,0,0,0,0,https://youtube.com/api/v1/status
110,24,10,2,2,0,1,2,3,0,1,28,0.2545,0,0,0,3,0,0,1,0,4.9067,1,1,0,1,http://portal-apple-verify.club/index.php?token=3b0bccf13ee8c5f444a75d031ca639198b74ed6a3a3f03f7&auth=required
113,27,10,2,2,0,1,2,3,0,1,28,0.2478,0,0,0,3,0,0,1,0,4.9188,1,1,0,1,http://portal-instagram-verify.top/index.php?token=57f5b5e78568acea67ac03f3131fa319a36bfeb885af079c&auth=required
57,35,6,3,2,0,1,1,3,0,0,7,0.1228,0,0,2,1,0,0,1,0,4.6571,0,1,1,1,http://netflix.com.session-unlock-341.live/login?ref=5281
23,14,1,2,0,0,0,0,3,0,0,0,0.0,0,0,1,0,1,0,0,0,3.7951,0,0,0,0,https://my.harvard.edu/
114,28,10,2,2,0,1,2,3,0,1,31,0.2719,0,0,0,3,0,0,1,0,5.0344,1,0,0,1,http://portal-wellsfargo-verify.icu/index.php?token=74b6b5f1081958da1d8dcad718e559a42243cd68654eef04&auth=required
26,13,5,2,0,0,0,0,3,0,0,0,0.0,0,0,1,0,1,0,0,0,3.5843,0,0,0,0,https://help.citi.com/help
51,21,22,2,0,0,0,0,4,0,0,0,0.0,0,0,1,0,1,0,0,0,4.0824,0,0,0,0,https://app.bankofamerica.com/resources/whitepapers
48,18,22,2,0,0,0,0,5,0,0,0,0.0,0,0,1,0,1,0,0,0,4.1872,0,0,0,0,https://dev.wellsfargo.com/user/profile/settings
36,28,0,3,0,0,0,0,2,0,0,0,0.0,0,0,2,0,1,0,0,0,3.954,0,0,0,0,https://portal.developer.mozilla.org
60,15,29,4,1,0,1,1,4,0,0,17,0.2833,1,0,0,1,0,0,0,0,4.5691,0,1,0,1,http://115.248.125.175/netflix/suspended-notice.php?id=54633
52,11,7,1,0,0,1,2,3,0,1,1,0.0192,0,0,0,0,1,0,0,0,4.3806,0,0,0,0,https://harvard.edu/search?q=machine+learning&page=2
63,44,12,2,4,0,0,0,3,0,0,0,0.0,0,0,0,4,0,0,1,0,4.1831,1,1,0,1,http://secure-instagram-security-update-center.loan/signin.html
58,36,6,3,2,0,1,1,3,0,0,7,0.1207,0,0,2,2,0,0,1,0,4.565,1,0,1,1,http://binance.com.suspended-notice-560.icu/login?ref=5090
41,5,29,1,2,0,0,0,3,0,0,3,0.0732,0,1,0,0,0,0,0,0,4.4546,0,1,0,1,http://rb.gy/AXbXg919-bankofamerica-alert
60,17,23,3,2,0,1,1,5,0,0,8,0.1333,0,0,0,3,0,0,1,1,4.6903,1,1,0,1,http://free-host-12.buzz//www.paypal.com/update?token=644686
114,28,10,2,2,0,1,2,3,0,1,28,0.2456,0,0,0,3,0,0,1,0,4.9728,1,1,0,1,http://portal-instagram-verify.buzz/index.php?token=36af8dbe42e6320d4664aca048d56e5dc7e3146fcb6de816&auth=required
58,39,12,2,4,0,0,0,3,0,0,0,0.0,0,0,0,4,0,0,1,0,4.1234,1,1,0,1,http://secure-paypal-account-alert-center.loan/signin.html
32,18,6,2,0,0,0,0,3,0,0,0,0.0,0,0,1,0,1,0,0,0,3.9917,0,0,0,0,https://app.cloudflare.com/terms
112,26,10,2,2,0,1,2,3,0,1,29,0.2589,0,0,0,3,0,0,1,0,5.0019,1,1,0,1,http://portal-instagram-verify.tk/index.php?token=dd78d7f084284c0c46fedc0d118a4a45be8b263226c917dd&auth=required
51,11,33,1,3,0,0,0,3,0,0,0,0.0,0,1,0,3,0,0,0,0,4.2451,0,1,0,1,http://tinyurl.com/paypal-account-resolve-suspended
65,13,31,4,1,0,1,1,4,0,0,19,0.2923,1,0,0,2,0,1,0,0,4.7759,0,0,0,1,http://48.219.20.233:8080/wellsfargo/security-update.php?id=10396
59,40,12,2,4,0,0,0,3,0,0,4,0.0678,0,0,0,4,0,0,1,0,4.276,1,0,0,1,http://secure-g00g13-security-update-center.icu/signin.html
51,10,7,1,0,0,1,2,3,0,1,1,0.0196,0,0,0,0,1,0,0,0,4.3048,0,0,0,0,https://target.com/search?q=machine+learning&page=2
41,11,23,1,2,0,0,0,3,0,0,2,0.0488,0,1,0,0,0,0,0,0,4.473,0,0,0,1,http://tinyurl.com/kiwk73VC-binance-alert
23,9,6,2,0,0,0,0,3,0,0,0,0.0,0,0,0,0,1,0,0,0,3.6753,0,0,0,0,https://cam.ac.uk/terms
35,21,6,2,0,0,0,0,3,0,0,0,0.0,0,0,1,1,1,0,0,0,4.1503,0,0,0,0,https://login.theguardian.com/about
63,13,29,4,1,0,1,1,4,0,0,19,0.3016,1,0,0,1,0,1,0,0,4.7625,0,1,0,1,http://125.113.76.53:8888/facebook/billing-resolve.php?id=55413
58,13,24,4,1,0,1,1,4,0,0,19,0.3276,1,0,0,1,0,1,0,0,4.4876,0,1,0,1,http://94.232.85.217:8888/apple/account-alert.php?id=26892
58,16,22,3,2,0,1,1,5,0,0,8,0.1379,0,0,0,2,0,0,1,1,4.6882,1,1,0,1,http://free-host-84.xyz//www.chase.com/update?token=974309
37,7,23,1,2,0,0,0,3,0,0,0,0.0,0,1,0,0,0,0,0,0,4.1522,0,0,0,1,http://cutt.ly/ZEbhJayJ-binance-alert
29,15,6,2,0,0,0,0,3,0,0,0,0.0,0,0,1,0,1,0,0,0,3.9783,0,0,0,0,https://blog.medium.com/terms
37,9,20,1,0,0,0,0,4,0,0,0,0.0,0,0,0,0,1,0,0,0,3.9156,0,0,0,0,https://yahoo.com/dashboard/analytics
27,11,8,1,0,0,0,0,3,0,0,0,0.0,0,0,0,0,1,0,0,0,3.9303,0,0,0,0,https://walmart.com/privacy
38,10,20,1,0,0,0,0,4,0,0,0,0.0,0,0,0,0,1,0,0,0,4.0175,0,0,0,0,https://reddit.com/dashboard/analytics
37,5,25,1,2,0,0,0,3,0,0,0,0.0,0,1,0,0,0,0,0,0,4.4455,0,1,0,1,http://rb.gy/uVUFZgee-microsoft-alert
41,11,22,1,0,0,0,0,4,0,0,0,0.0,0,0,0,0,1,0,0,0,3.9276,0,0,0,0,https://youtube.com/resources/whitepapers
43,14,21,2,0,0,0,0,6,0,0,6,0.1395,0,0,1,0,1,0,0,0,4.2749,0,0,0,0,https://portal.nih.gov/news/2026/08/article
48,26,6,3,1,0,1,1,3,0,0,7,0.1458,0,0,2,2,0,0,1,0,4.6573,1,1,1,1,http://facebook.com.verify-266.tk/login?ref=4086
118,32,10,2,2,0,1,2,3,0,1,29,0.2458,0,0,0,3,0,0,1,0,4.9068,1,1,0,1,http://portal-bankofamerica-verify.club/index.php?token=5277f70aeb644d84f3535c3e7a3f3f2c0379e15755dbaada&auth=required
43,15,20,2,0,0,0,0,4,0,0,0,0.0,0,0,1,1,1,0,0,0,3.9864,0,0,0,0,https://login.twitch.tv/category/technology
63,12,35,4,1,0,1,1,4,0,0,14,0.2222,1,0,0,1,0,0,0,0,4.8063,0,1,0,1,http://162.4.193.85/bankofamerica/suspended-notice.php?id=39764
41,13,20,1,0,0,0,0,4,0,0,0,0.0,0,0,0,0,1,0,0,0,4.1411,0,0,0,0,https://wikipedia.org/dashboard/analytics
114,28,10,2,2,0,1,2,3,0,1,33,0.2895,0,0,0,3,0,0,1,0,4.9319,0,1,0,1,http://portal-netflix-verify.online/index.php?token=28a90ddb77e8650e59a7f7281d18651d0e915f5c4a8463a6&auth=required
22,10,5,1,0,0,0,0,3,0,0,0,0.0,0,0,0,0,0,0,0,0,3.6978,0,0,0,0,http://amazon.com/help
35,7,21,1,2,0,0,0,3,0,0,0,0.0,0,1,0,0,0,0,0,0,4.3189,0,1,0,1,http://cutt.ly/LkimxdGq-chase-alert
44,11,26,1,2,0,0,0,3,0,0,1,0.0227,0,1,0,0,0,0,0,0,4.5615,0,0,0,1,http://tinyurl.com/qR8Mgpdh-wellsfargo-alert
44,14,18,3,1,0,0,0,4,0,0,15,0.3409,1,0,0,2,0,1,0,0,4.2484,0,1,0,1,http://103.251.167.22:8080/secure/chase-auth
34,6,21,1,2,0,0,0,3,0,0,1,0.0294,0,1,0,0,0,0,0,0,4.4182,0,1,0,1,http://bit.ly/BTXYkI4o-chase-alert
37,5,25,1,2,0,0,0,3,0,0,0,0.0,0,1,0,0,0,0,0,0,4.2939,0,1,0,1,http://rb.gy/mtcgBwmj-microsoft-alert
64,17,27,3,2,0,1,1,5,0,0,8,0.125,0,0,0,2,0,0,1,1,4.715,0,0,0,1,http://free-host-58.live//www.wellsfargo.com/update?token=299378
35,5,23,1,2,0,0,0,3,0,0,2,0.0571,0,1,0,0,0,0,0,0,4.3789,0,0,0,1,http://rb.gy/FCE9rPP1-binance-alert
67,48,12,2,4,0,0,0,3,0,0,2,0.0299,0,0,0,3,0,0,1,0,4.3623,1,0,0,1,http://secure-bank0fam3rica-confirm-identity-center.icu/signin.html
36,7,22,1,2,0,0,0,3,0,0,2,0.0556,0,1,0,0,0,0,0,0,4.3611,0,1,0,1,http://cutt.ly/MXAM20XH-amazon-alert
42,14,21,2,1,0,0,0,4,0,0,6,0.1429,0,0,1,0,0,0,0,0,4.2611,0,0,0,0,http://api.medium.com/products/item-129481
59,14,24,4,1,0,1,1,4,0,0,20,0.339,1,0,0,1,0,1,0,0,4.6405,0,1,0,1,http://122.230.190.64:4444/chase/account-alert.php?id=57584
112,26,10,2,2,0,1,2,3,0,1,27,0.2411,0,0,0,3,0,0,1,0,4.8739,1,0,0,1,http://portal-binance-verify.club/index.php?token=855fb196eb0e58dac3f834fe2ab255e39afa39e5012ae72b&auth=required
33,5,21,1,2,0,0,0,3,0,0,0,0.0,0,1,0,0,0,0,0,0,4.2485,0,1,0,1,http://rb.gy/CzOcKDmm-apple-alert
21,8,5,1,0,0,0,0,3,0,0,0,0.0,0,0,0,0,1,0,0,0,3.7849,0,0,0,0,https://ebay.com/help
110,24,10,2,2,0,1,2,3,0,1,33,0.3,0,0,0,3,0,0,1,0,4.8872,1,1,0,1,http://portal-apple-verify.loan/index.php?token=7d73983985b5877bcf286977617f77c02a83abfde1a613e8&auth=required
31,17,6,2,0,0,0,0,3,0,0,0,0.0,0,0,1,0,1,0,0,0,3.8331,0,0,0,0,https://api.microsoft.com/about
55,33,6,3,2,0,1,1,3,0,0,7,0.1273,0,0,2,3,0,0,1,0,4.6927,1,1,1,1,http://google.com.security-update-188.tk/login?ref=5056
22,13,1,2,0,0,0,0,3,0,0,0,0.0,0,0,1,0,1,0,0,0,3.7888,0,0,0,0,https://api.quora.com/
32,18,6,2,0,0,0,0,3,0,0,0,0.0,0,0,1,0,1,0,0,0,3.6914,0,0,0,0,https://portal.reuters.com/terms
35,7,20,1,0,0,0,0,4,0,0,0,0.0,0,0,0,0,1,0,0,0,4.0576,0,0,0,0,https://zoom.us/dashboard/analytics
69,19,30,3,2,0,1,1,5,0,0,8,0.1159,0,0,0,2,0,0,1,1,4.6505,0,1,0,1,http://free-host-45.online//www.bankofamerica.com/update?token=578288
59,17,22,3,2,0,1,1,5,0,0,8,0.1356,0,0,0,2,0,0,1,1,4.521,1,1,0,1,http://free-host-68.work//www.apple.com/update?token=810003
29,15,6,2,0,0,0,0,3,0,0,0,0.0,0,0,1,0,1,0,0,0,3.8833,0,0,0,0,https://mail.amazon.com/terms
36,6,23,1,2,0,0,0,3,0,0,3,0.0833,0,1,0,0,0,0,0,0,4.2709,0,1,0,1,http://bit.ly/Ll658Vmy-netflix-alert
62,17,25,3,2,0,1,1,5,0,0,8,0.129,0,0,0,2,0,0,1,1,4.588,1,1,0,1,http://free-host-92.club//www.facebook.com/update?token=999057
110,24,10,2,2,0,1,2,3,0,1,30,0.2727,0,0,0,3,0,0,1,0,4.9722,1,1,0,1,http://portal-apple-verify.buzz/index.php?token=9990322c8dc0e4fe4a45977cf481c406ccf59a12d55f4a6d&auth=required
26,17,1,2,0,0,0,0,3,0,0,0,0.0,0,0,1,0,1,0,0,0,3.921,0,0,0,0,https://portal.medium.com/
33,21,4,2,0,0,0,0,3,0,0,0,0.0,0,0,1,0,1,0,0,0,4.165,0,0,0,0,https://developer.mozilla.org/faq
36,7,22,1,2,0,0,0,3,0,0,2,0.0556,0,1,0,0,0,0,0,0,4.2499,0,1,0,1,http://cutt.ly/yb3fSO6b-google-alert
53,34,12,2,4,0,0,0,3,0,0,2,0.0377,0,0,0,3,0,0,1,0,4.2293,1,0,0,1,http://secure-app13-auth-portal-center.tk/signin.html
40,11,22,1,2,0,0,0,3,0,0,2,0.05,0,1,0,1,0,0,0,0,4.4464,0,1,0,1,http://tinyurl.com/s6oUI7Kb-paypal-alert
26,13,5,2,0,0,0,0,3,0,0,0,0.0,0,0,1,0,1,0,0,0,3.8253,0,0,0,0,https://blog.nasa.gov/help
62,17,25,3,2,0,1,1,5,0,0,8,0.129,0,0,0,2,0,0,1,1,4.6986,0,1,0,1,http://free-host-61.live//www.facebook.com/update?token=434891
59,40,12,2,4,0,0,0,3,0,0,2,0.0339,0,0,0,3,0,0,1,0,4.1698,0,0,0,1,http://secure-app13-account-alert-center.online/signin.html
33,21,4,2,0,0,0,0,3,0,0,0,0.0,0,0,1,0,1,0,0,0,4.1879,0,0,0,0,https://dev.stackoverflow.com/faq
118,32,10,2,2,0,1,2,3,0,1,31,0.2627,0,0,0,3,0,0,1,0,4.9771,1,1,0,1,http://portal-bankofamerica-verify.loan/index.php?token=7ecdbe07c329322b1ab18b372e4dfd1f9420de4456462915&auth=required
57,38,12,2,4,0,0,0,3,0,0,1,0.0175,0,0,0,3,0,0,1,0,4.1685,0,0,0,1,http://secure-chas3-account-alert-center.info/signin.html
52,33,12,3,2,0,0,0,3,0,0,0,0.0,0,0,2,0,0,0,1,0,4.2476,1,1,1,1,http://netflix.com.payment-declined.club/re-activate
53,31,6,3,2,0,1,1,3,0,0,7,0.1321,0,0,2,2,0,0,1,0,4.4423,1,1,1,1,http://apple.com.account-alert-121.top/login?ref=9329
53,34,12,2,3,0,0,0,3,0,0,4,0.0755,0,0,0,3,0,0,1,0,4.4639,1,0,0,1,http://secure-w311sfarg0-verify-center.tk/signin.html
61,15,26,3,2,0,1,1,5,0,0,8,0.1311,0,0,0,2,0,0,1,1,4.6474,1,1,0,1,http://free-host-12.tk//www.instagram.com/update?token=585742
55,33,6,3,2,0,1,1,3,0,0,7,0.1273,0,0,2,1,0,0,1,0,4.7655,1,1,1,1,http://amazon.com.session-unlock-767.xyz/login?ref=1056
44,15,21,2,0,0,0,0,6,0,0,6,0.1364,0,0,1,0,1,0,0,0,4.2999,0,0,0,0,https://docs.python.org/news/2026/08/article
59,17,22,3,2,0,1,1,5,0,0,8,0.1356,0,0,0,2,0,0,1,1,4.6566,0,1,0,1,http://free-host-25.info//www.apple.com/update?token=839271
35,7,21,1,2,0,0,0,3,0,0,0,0.0,0,1,0,0,0,0,0,0,4.2186,0,1,0,1,http://cutt.ly/IZjkWsXP-apple-alert
54,32,6,3,2,0,1,1,3,0,0,7,0.1296,0,0,2,2,0,0,1,0,4.671,1,1,1,1,http://chase.com.billing-resolve-195.tk/login?ref=6888
25,11,6,1,0,0,0,0,3,0,0,0,0.0,0,0,0,0,1,0,0,0,3.8937,0,0,0,0,https://nytimes.com/about
45,17,20,2,0,0,0,0,4,0,0,0,0.0,0,0,1,0,1,0,0,0,4.1255,0,0,0,0,https://my.salesforce.com/dashboard/analytics
57,13,28,4,1,0,1,1,4,0,0,15,0.2632,1,0,0,0,0,0,0,0,4.7273,0,1,0,1,http://188.62.26.237/facebook/session-unlock.php?id=46499
110,24,10,2,2,0,1,2,3,0,1,31,0.2818,0,0,0,3,0,0,1,0,4.9596,0,1,0,1,http://portal-chase-verify.live/index.php?token=3ae50244b1e0d0301f83f7ff44860c4316bccaf6924d223f&auth=required
44,12,24,2,1,0,0,0,5,0,0,1,0.0227,0,0,1,0,1,0,0,0,4.2007,0,0,0,0,https://help.bbc.com/docs/v2/getting-started
23,11,4,2,0,0,0,0,3,0,0,0,0.0,0,0,1,0,1,0,0,0,3.8492,0,0,0,0,https://www.nih.gov/faq
35,7,21,1,2,0,0,0,3,0,0,1,0.0286,0,1,0,0,0,0,0,0,4.2617,0,1,0,1,http://cutt.ly/3JbZyfRW-chase-alert
32,16,8,2,0,0,0,0,3,0,0,0,0.0,0,0,1,0,1,0,0,0,3.9917,0,0,0,0,https://mail.shopify.com/privacy
25,11,6,2,0,0,0,0,3,0,0,0,0.0,0,0,1,0,1,0,0,0,3.7533,0,0,0,0,https://blog.un.org/about
36,14,14,1,0,0,0,0,5,0,0,1,0.0278,0,0,0,0,1,0,0,0,4.1042,0,0,0,0,https://wellsfargo.com/api/v1/status
60,38,6,3,2,0,1,1,3,0,0,7,0.1167,0,0,2,2,0,0,1,0,4.5461,0,1,1,1,http://microsoft.com.account-alert-992.online/login?ref=3014
115,29,10,2,2,0,1,2,3,0,1,29,0.2522,0,0,0,3,0,0,1,0,4.9387,1,0,0,1,http://portal-wellsfargo-verify.loan/index.php?token=f4ac0270f92da43af656d3943e5a66adf0ea2e2029117be0&auth=required
39,6,26,1,2,0,0,0,3,0,0,2,0.0513,0,1,0,0,0,0,0,0,4.3749,0,0,0,1,http://bit.ly/5VseKn8n-wellsfargo-alert
62,14,27,4,1,0,1,1,4,0,0,20,0.3226,1,0,0,1,0,1,0,0,4.6521,0,1,0,1,http://137.102.169.85:8888/apple/confirm-identity.php?id=96232
45,13,24,2,1,0,0,0,5,0,0,1,0.0222,0,0,1,1,1,0,0,0,4.1355,0,0,0,0,https://login.mit.edu/docs/v2/getting-started
63,17,26,3,2,0,1,1,5,0,0,8,0.127,0,0,0,2,0,0,1,1,4.6735,0,1,0,1,http://free-host-11.info//www.instagram.com/update?token=454379
58,12,30,4,1,0,1,1,4,0,0,14,0.2414,1,0,0,1,0,0,0,0,4.7155,0,1,0,1,http://187.208.25.4/facebook/suspended-notice.php?id=54697
55,33,6,3,2,0,1,1,3,0,0,7,0.1273,0,0,2,2,0,0,1,0,4.4215,1,1,1,1,http://microsoft.com.auth-portal-942.top/login?ref=2499
58,36,6,3,2,0,1,1,3,0,0,7,0.1207,0,0,2,3,0,0,1,0,4.8059,1,1,1,1,http://facebook.com.security-update-353.xyz/login?ref=3857
62,43,12,2,4,0,0,0,3,0,0,0,0.0,0,0,0,3,0,0,1,0,4.2222,1,1,0,1,http://secure-facebook-suspended-notice-center.top/signin.html
24,9,8,2,0,0,0,0,3,0,0,0,0.0,0,0,0,0,0,0,0,0,3.7406,0,0,0,0,http://cam.ac.uk/privacy
27,15,4,2,0,0,0,0,3,0,0,0,0.0,0,0,1,0,1,0,0,0,4.0323,0,0,0,0,https://help.medium.com/faq
55,33,6,3,2,0,1,1,3,0,0,7,0.1273,0,0,2,2,0,0,1,0,4.5788,1,1,1,1,http://apple.com.account-alert-567.click/login?ref=2935
47,25,6,3,1,0,1,1,3,0,0,7,0.1489,0,0,2,2,0,0,1,0,4.8095,1,1,1,1,http://chase.com.verify-278.buzz/login?ref=1333
57,13,28,4,1,0,1,1,4,0,0,15,0.2632,1,0,0,1,0,0,0,0,4.6002,0,1,0,1,http://11.21.233.126/netflix/billing-resolve.php?id=24806
34,5,22,1,2,0,0,0,3,0,0,0,0.0,0,1,0,1,0,0,0,0,4.1751,0,1,0,1,http://rb.gy/egNKnqPd-paypal-alert
59,16,23,3,2,0,1,1,5,0,0,8,0.1356,0,0,0,2,0,0,1,1,4.6583,1,1,0,1,http://free-host-62.icu//www.amazon.com/update?token=136964
60,17,23,3,2,0,1,1,5,0,0,8,0.1333,0,0,0,2,0,0,1,1,4.6094,0,1,0,1,http://free-host-89.info//www.google.com/update?token=695256
114,28,10,2,2,0,1,2,3,0,1,28,0.2456,0,0,0,3,0,0,1,0,5.0132,1,1,0,1,http://portal-microsoft-verify.buzz/index.php?token=ce067049bbc8acdb5463a36c98a95d49c3a859dd0ff2c850&auth=required
59,13,30,4,1,0,1,1,4,0,0,15,0.2542,1,0,0,1,0,0,0,0,4.7467,0,1,0,1,http://101.189.82.75/facebook/suspended-notice.php?id=43562
18,10,0,1,0,0,0,0,2,0,0,0,0.0,0,0,0,0,1,0,0,0,3.6835,0,0,0,0,https://github.com
28,12,8,2,0,0,0,0,3,0,0,0,0.0,0,0,1,0,1,0,0,0,4.0391,0,0,0,0,https://www.ebay.com/privacy
38,7,24,1,2,0,0,0,3,0,0,2,0.0526,0,1,0,0,0,0,0,0,4.3764,0,1,0,1,http://cutt.ly/P4nux7og-facebook-alert
62,19,23,3,2,0,1,1,5,0,0,8,0.129,0,0,0,2,0,0,1,1,4.6235,0,1,0,1,http://free-host-63.online//www.google.com/update?token=520088
23,9,6,1,0,0,0,0,3,0,0,0,0.0,0,0,0,0,1,0,0,0,3.7623,0,0,0,0,https://adobe.com/terms
57,38,12,2,4,0,0,0,3,0,0,1,0.0175,0,0,0,3,0,0,1,0,4.1484,0,0,0,1,http://secure-chas3-auth-portal-center.online/signin.html
57,13,28,4,1,0,1,1,4,0,0,15,0.2632,1,0,0,2,0,0,0,0,4.664,0,1,0,1,http://173.154.62.64/netflix/security-update.php?id=51770
27,11,8,1,0,0,0,0,3,0,0,0,0.0,0,0,0,0,1,0,0,0,3.708,0,0,0,0,https://shopify.com/contact
56,12,28,4,1,0,1,1,4,0,0,14,0.25,1,0,0,1,0,0,0,0,4.6955,0,1,0,1,http://74.56.17.120/google/confirm-identity.php?id=95344
58,39,12,2,4,0,0,0,3,0,0,1,0.0172,0,0,0,3,0,0,1,0,4.3039,1,0,0,1,http://secure-paypa1-account-alert-center.buzz/signin.html
43,7,29,1,2,0,0,0,3,0,0,1,0.0233,0,1,0,0,0,0,0,0,4.4258,0,1,0,1,http://cutt.ly/rDuP6tjd-bankofamerica-alert
113,27,10,2,2,0,1,2,3,0,1,36,0.3186,0,0,0,3,0,0,1,0,4.9883,0,1,0,1,http://portal-facebook-verify.info/index.php?token=c39a5f885abfa6699312c55b03b7021d57961140209f1562&auth=required
31,15,8,1,0,0,0,0,3,0,0,0,0.0,0,0,0,0,1,0,0,0,3.926,0,0,0,0,https://theguardian.com/contact
49,30,12,2,3,0,0,0,3,0,0,0,0.0,0,0,0,3,0,0,1,0,4.2341,1,1,0,1,http://secure-google-verify-center.tk/signin.html
55,27,20,3,0,0,0,0,4,0,0,0,0.0,0,0,2,1,1,0,0,0,4.1381,0,0,0,0,https://login.developer.mozilla.org/category/technology
61,42,12,2,4,0,0,0,3,0,0,3,0.0492,0,0,0,2,0,0,1,0,4.3659,1,0,0,1,http://secure-fac3b00k-session-unlock-center.club/signin.html
62,43,12,2,4,0,0,0,3,0,0,0,0.0,0,0,0,3,0,0,1,0,4.2495,1,0,0,1,http://secure-binance-confirm-identity-center.buzz/signin.html
110,24,10,2,2,0,1,2,3,0,1,33,0.3,0,0,0,3,0,0,1,0,5.024,1,1,0,1,http://portal-google-verify.xyz/index.php?token=a2e215d9c4d14112f12530a7446286dc0f3e6784b388e1ea&auth=required
31,17,6,1,0,0,0,0,3,0,0,0,0.0,0,0,0,0,1,0,0,0,4.0911,0,0,0,0,https://stackoverflow.com/about
31,15,8,2,0,0,0,0,3,0,0,0,0.0,0,0,1,0,1,0,0,0,3.9536,0,0,0,0,https://www.harvard.edu/privacy
46,17,21,2,0,0,0,0,6,0,0,6,0.1304,0,0,1,0,1,0,0,0,4.2597,0,0,0,0,https://api.wikipedia.org/news/2026/08/article
43,15,20,2,0,0,0,0,4,0,0,0,0.0,0,0,1,0,1,0,0,0,3.9864,0,0,0,0,https://app.twitter.com/category/technology
61,16,25,3,2,0,1,1,5,0,0,8,0.1311,0,0,0,2,0,0,1,1,4.6857,1,1,0,1,http://free-host-71.xyz//www.facebook.com/update?token=103055
57,16,7,2,0,0,1,2,3,0,1,1,0.0175,0,0,1,0,1,0,0,0,4.4706,0,0,0,0,https://blog.nytimes.com/search?q=machine+learning&page=2
26,14,4,2,0,0,0,0,3,0,0,0,0.0,0,0,1,0,1,0,0,0,4.027,0,0,0,0,https://dev.medium.com/faq
43,11,25,1,2,0,0,0,3,0,0,0,0.0,0,1,0,0,0,0,0,0,4.5455,0,1,0,1,http://tinyurl.com/BUNYzyEF-microsoft-alert
111,25,10,2,2,0,1,2,3,0,1,28,0.2523,0,0,0,3,0,0,1,0,4.9194,1,1,0,1,http://portal-google-verify.loan/index.php?token=8f7350dc85dcba25b757de6fce2d734359550b34d33bfa7d&auth=required
58,39,12,2,4,0,0,0,3,0,0,2,0.0345,0,0,0,3,0,0,1,0,4.2173,1,0,0,1,http://secure-app13-account-alert-center.click/signin.html
108,22,10,2,2,0,1,2,3,0,1,29,0.2685,0,0,0,3,0,0,1,0,4.9307,1,1,0,1,http://portal-chase-verify.tk/index.php?token=13118768046811bc96ce0decb8fa0fa374bb6ca47e57bd80&auth=required
62,43,12,2,4,0,0,0,3,0,0,4,0.0645,0,0,0,4,0,0,1,0,4.3203,0,0,0,1,http://secure-g00g13-security-update-center.online/signin.html
62,40,6,3,2,0,1,1,3,0,0,7,0.1129,0,0,2,2,0,0,1,0,4.6738,1,0,1,1,http://wellsfargo.com.confirm-identity-244.loan/login?ref=9615
111,25,10,2,2,0,1,2,3,0,1,36,0.3243,0,0,0,3,0,0,1,0,5.0198,1,1,0,1,http://portal-google-verify.club/index.php?token=57259512ba78cb56587755ff060e3b8b040a09e48c989173&auth=required
61,20,7,2,0,0,1,2,3,0,1,1,0.0164,0,0,1,0,1,0,0,0,4.4079,0,0,0,0,https://portal.microsoft.com/search?q=machine+learning&page=2
26,17,1,1,0,0,0,0,3,0,0,0,0.0,0,0,0,0,1,0,0,0,3.998,0,0,0,0,https://stackoverflow.com/
61,20,7,2,0,0,1,2,3,0,1,1,0.0164,0,0,1,1,1,0,0,0,4.4471,0,0,0,0,https://login.wellsfargo.com/search?q=machine+learning&page=2
37,15,14,2,0,0,0,0,5,0,0,1,0.027,0,0,1,1,1,0,0,0,4.0777,0,0,0,0,https://login.quora.com/api/v1/status
63,17,26,3,2,0,1,1,5,0,0,8,0.127,0,0,0,2,0,0,1,1,4.7114,0,1,0,1,http://free-host-56.live//www.instagram.com/update?token=951296
23,10,5,1,0,0,0,0,3,0,0,0,0.0,0,0,0,0,1,0,0,0,3.7623,0,0,0,0,https://reddit.com/help
23,7,8,1,0,0,0,0,3,0,0,0,0.0,0,0,0,0,1,0,0,0,3.882,0,0,0,0,https://nih.gov/privacy
114,28,10,2,2,0,1,2,3,0,1,29,0.2544,0,0,0,3,0,0,1,0,5.0004,1,1,0,1,http://portal-microsoft-verify.work/index.php?token=b38e290ea04f09c3b6a23d1ad83220f25f7dd1812e9c1ab1&auth=required
113,27,10,2,2,0,1,2,3,0,1,29,0.2566,0,0,0,3,0,0,1,0,4.8635,0,1,0,1,http://portal-google-verify.online/index.php?token=ecf61de91192a4764244221543e5ff9c1fcdc7e978ed9a1d&auth=required
45,17,20,1,0,0,0,0,4,0,0,0,0.0,0,0,0,0,1,0,0,0,4.1504,0,0,0,0,https://bankofamerica.com/category/technology
35,19,8,2,0,0,0,0,3,0,0,0,0.0,0,0,1,0,1,0,0,0,3.8513,0,0,0,0,https://portal.facebook.com/contact
112,26,10,2,2,0,1,2,3,0,1,23,0.2054,0,0,0,3,0,0,1,0,4.9674,1,1,0,1,http://portal-netflix-verify.buzz/index.php?token=752bfc4d7b0c7faa9abb02da35d0dcd1c95abc4689ca21d0&auth=required
57,35,6,3,2,0,1,1,3,0,0,7,0.1228,0,0,2,3,0,0,1,0,4.7825,1,1,1,1,http://facebook.com.security-update-208.tk/login?ref=6987
36,6,23,1,2,0,0,0,3,0,0,0,0.0,0,1,0,0,0,0,0,0,4.3712,0,0,0,1,http://bit.ly/kIONYkEd-binance-alert
38,9,21,1,1,0,0,0,4,0,0,6,0.1579,0,0,0,0,1,0,0,0,4.3006,0,0,0,0,https://apple.com/products/item-129481
116,30,10,2,2,0,1,2,3,0,1,31,0.2672,0,0,0,3,0,0,1,0,4.998,1,0,0,1,http://portal-wellsfargo-verify.click/index.php?token=0693ee8528ea6d0e4e99f3c42f62f830df4d65717cce0759&auth=required
62,17,25,3,2,0,1,1,5,0,0,8,0.129,0,0,0,2,0,0,1,1,4.6203,1,1,0,1,http://free-host-60.buzz//www.facebook.com/update?token=692126
39,11,21,1,2,0,0,0,3,0,0,1,0.0256,0,1,0,0,0,0,0,0,4.3749,0,1,0,1,http://tinyurl.com/iQHpH2ve-chase-alert
55,36,12,2,3,0,0,0,3,0,0,0,0.0,0,0,0,3,0,0,1,0,4.4352,1,0,0,1,http://secure-wellsfargo-verify-center.buzz/signin.html
69,19,30,3,2,0,1,1,5,0,0,8,0.1159,0,0,0,2,0,0,1,1,4.6325,0,1,0,1,http://free-host-40.online//www.bankofamerica.com/update?token=846860
45,16,21,2,0,0,0,0,6,0,0,6,0.1333,0,0,1,1,1,0,0,0,4.2356,0,0,0,0,https://login.google.com/news/2026/08/article
21,13,0,1,0,0,0,0,2,0,0,0,0.0,0,0,0,0,1,0,0,0,3.5585,0,0,0,0,https://microsoft.com
58,11,26,4,1,0,1,1,4,0,0,17,0.2931,1,0,0,2,0,1,0,0,4.4826,0,1,0,1,http://84.3.56.108:4444/chase/security-update.php?id=43039
113,27,10,2,2,0,1,2,3,0,1,35,0.3097,0,0,0,4,0,0,1,0,4.9145,0,1,0,1,http://portal-paypal-verify.online/index.php?token=251109398a90726487731c09024cd5c529241c02caeee9cf&auth=required
52,11,7,1,0,0,1,2,3,0,1,1,0.0192,0,0,0,0,1,0,0,0,4.3591,0,0,0,0,https://twitter.com/search?q=machine+learning&page=2
41,12,21,2,1,0,0,0,4,0,0,6,0.1463,0,0,1,0,1,0,0,0,4.3939,0,0,0,0,https://my.adobe.com/products/item-129481
25,17,0,1,0,0,0,0,2,0,0,0,0.0,0,0,0,0,1,0,0,0,4.0235,0,0,0,0,https://stackoverflow.com
30,17,5,2,0,0,0,0,3,0,0,0,0.0,0,0,1,0,1,0,0,0,3.9899,0,0,0,0,https://mail.facebook.com/help
39,10,21,1,1,0,0,0,4,0,0,6,0.1538,0,0,0,0,1,0,0,0,4.4649,0,0,0,0,https://kaggle.com/products/item-129481
64,45,12,2,4,0,0,0,3,0,0,0,0.0,0,0,0,3,0,0,1,0,4.2227,0,1,0,1,http://secure-facebook-billing-resolve-center.online/signin.html
44,14,22,2,0,0,0,0,5,0,0,0,0.0,0,0,1,0,1,0,0,0,4.0792,0,0,0,0,https://app.github.com/user/profile/settings
48,7,7,1,0,0,1,2,3,0,1,1,0.0208,0,0,0,0,1,0,0,0,4.3711,0,0,0,0,https://nih.gov/search?q=machine+learning&page=2
57,35,6,3,2,0,1,1,3,0,0,7,0.1228,0,0,2,2,0,0,1,0,4.519,1,1,1,1,http://google.com.confirm-identity-457.top/login?ref=6313
58,36,6,3,2,0,1,1,3,0,0,7,0.1207,0,0,2,2,0,0,1,0,4.6684,1,1,1,1,http://google.com.suspended-notice-786.buzz/login?ref=1008
61,16,25,3,2,0,1,1,5,0,0,8,0.1311,0,0,0,2,0,0,1,1,4.7185,1,1,0,1,http://free-host-69.xyz//www.facebook.com/update?token=927635
35,5,23,1,2,0,0,0,3,0,0,2,0.0571,0,1,0,0,0,0,0,0,4.3789,0,1,0,1,http://rb.gy/Y1Mq8reH-netflix-alert
43,13,22,3,0,0,0,0,4,0,0,0,0.0,0,0,1,0,1,0,0,0,4.0277,0,0,0,0,https://dev.cam.ac.uk/resources/whitepapers
23,7,8,1,0,0,0,0,3,0,0,0,0.0,0,0,0,0,1,0,0,0,3.8492,0,0,0,0,https://bbc.com/privacy
41,11,22,3,0,0,0,0,5,0,0,0,0.0,0,0,1,0,1,0,0,0,4.2083,0,0,0,0,https://my.ox.ac.uk/user/profile/settings
61,39,6,3,2,0,1,1,3,0,0,7,0.1148,0,0,2,3,0,0,1,0,4.7605,0,0,1,1,http://wellsfargo.com.security-update-937.live/login?ref=4543
41,11,22,1,0,0,0,0,4,0,0,0,0.0,0,0,0,0,1,0,0,0,3.9156,0,0,0,0,https://spotify.com/resources/whitepapers
62,19,23,3,2,0,1,1,5,0,0,8,0.129,0,0,0,2,0,0,1,1,4.5346,0,1,0,1,http://free-host-26.online//www.google.com/update?token=522444
23,14,1,2,0,0,0,0,3,0,0,0,0.0,0,0,1,0,1,0,0,0,3.6753,0,0,0,0,https://mail.yahoo.com/
20,7,5,1,0,0,0,0,3,0,0,0,0.0,0,0,0,0,1,0,0,0,3.5842,0,0,0,0,https://zoom.us/help
44,12,24,2,1,0,0,0,5,0,0,1,0.0227,0,0,1,0,1,0,0,0,4.0449,0,0,0,0,https://app.pypi.org/docs/v2/getting-started
64,45,12,2,4,0,0,0,3,0,0,2,0.0312,0,0,0,3,0,0,1,0,4.2635,1,0,0,1,http://secure-micr0s0ft-suspended-notice-center.work/signin.html
39,7,25,1,2,0,0,0,3,0,0,0,0.0,0,1,0,0,0,0,0,0,4.3362,0,1,0,1,http://cutt.ly/znErnXyZ-microsoft-alert
112,26,10,2,2,0,1,2,3,0,1,27,0.2411,0,0,0,3,0,0,1,0,4.9563,1,1,0,1,http://portal-netflix-verify.work/index.php?token=ba41d9f22beb2ca7735056dba21fe2364a6b3fc6d2e181f2&auth=required
64,18,26,3,2,0,1,1,5,0,0,8,0.125,0,0,0,2,0,0,1,1,4.6407,1,1,0,1,http://free-host-33.click//www.microsoft.com/update?token=716304
58,36,6,3,2,0,1,1,3,0,0,7,0.1207,0,0,2,2,0,0,1,0,4.634,1,1,1,1,http://netflix.com.confirm-identity-409.xyz/login?ref=5869
55,33,6,3,2,0,1,1,3,0,0,7,0.1273,0,0,2,2,0,0,1,0,4.4972,0,1,1,1,http://amazon.com.auth-portal-605.online/login?ref=8008
39,10,21,2,0,0,0,0,6,0,0,6,0.1538,0,0,1,0,1,0,0,0,4.253,0,0,0,0,https://api.un.org/news/2026/08/article
44,14,22,2,0,0,0,0,5,0,0,0,0.0,0,0,1,0,1,0,0,0,3.9734,0,0,0,0,https://api.target.com/user/profile/settings
28,15,6,2,0,0,0,0,3,0,0,0,0.0,0,0,1,1,0,0,0,0,3.9408,0,0,0,0,http://blog.paypal.com/terms
67,17,30,3,2,0,1,1,5,0,0,8,0.1194,0,0,0,2,0,0,1,1,4.7065,1,1,0,1,http://free-host-20.club//www.bankofamerica.com/update?token=286056
62,40,6,3,2,0,1,1,3,0,0,7,0.1129,0,0,2,2,0,0,1,0,4.8552,1,0,1,1,http://wellsfargo.com.suspended-notice-529.buzz/login?ref=1037
23,10,5,1,0,0,0,0,3,0,0,0,0.0,0,0,0,0,1,0,0,0,3.7623,0,0,0,0,https://medium.com/help
43,15,20,2,0,0,0,0,4,0,0,0,0.0,0,0,1,0,1,0,0,0,4.1093,0,0,0,0,https://www.shopify.com/category/technology
34,5,22,1,2,0,0,0,3,0,0,0,0.0,0,1,0,0,0,0,0,0,4.4326,0,1,0,1,http://rb.gy/pQkJSWSM-amazon-alert
28,14,6,2,0,0,0,0,3,0,0,0,0.0,0,0,1,0,1,0,0,0,3.8249,0,0,0,0,https://api.medium.com/terms
57,13,28,4,1,0,1,1,4,0,0,15,0.2632,1,0,0,2,0,0,0,0,4.4488,0,1,0,1,http://16.155.26.111/paypal/suspended-notice.php?id=42926
42,6,29,1,2,0,0,0,3,0,0,0,0.0,0,1,0,0,0,0,0,0,4.4992,0,1,0,1,http://bit.ly/enBUPAuN-bankofamerica-alert
55,33,6,3,2,0,1,1,3,0,0,7,0.1273,0,0,2,3,0,0,1,0,4.5265,1,1,1,1,http://paypal.com.account-alert-905.club/login?ref=3333
48,7,34,1,3,0,0,0,3,0,0,0,0.0,0,1,0,0,0,0,0,0,4.2645,0,1,0,1,http://cutt.ly/netflix-membership-expired-action
23,10,5,1,0,0,0,0,3,0,0,0,0.0,0,0,0,0,1,0,0,0,3.7951,0,0,0,0,https://amazon.com/help
27,11,8,1,0,0,0,0,3,0,0,0,0.0,0,0,0,0,1,0,0,0,3.6764,0,0,0,0,https://nytimes.com/contact
42,5,30,1,4,0,0,0,3,0,0,0,0.0,0,1,0,2,0,0,0,0,4.1892,0,1,0,1,http://rb.gy/apple-security-id-alert-login
112,26,10,2,2,0,1,2,3,0,1,29,0.2589,0,0,0,3,0,0,1,0,4.9434,0,0,0,1,http://portal-binance-verify.live/index.php?token=4175cab339ffdb55cfab2ae90b95d74486424b78db6889e5&auth=required
60,41,12,2,4,0,0,0,3,0,0,0,0.0,0,0,0,3,0,0,1,0,4.0869,1,0,0,1,http://secure-binance-account-alert-center.click/signin.html
67,13,33,4,1,0,1,1,4,0,0,19,0.2836,1,0,0,0,0,1,0,0,4.8063,0,1,0,1,http://56.38.124.127:4444/bankofamerica/session-unlock.php?id=66123
47,18,21,2,1,0,0,0,4,0,0,6,0.1277,0,0,1,0,1,0,0,0,4.3232,0,0,0,0,https://mail.microsoft.com/products/item-129481
62,43,12,2,4,0,0,0,3,0,0,0,0.0,0,0,0,4,0,0,1,0,4.3183,1,1,0,1,http://secure-microsoft-security-update-center.xyz/signin.html
37,7,22,1,0,0,0,0,4,0,0,0,0.0,0,0,0,0,1,0,0,0,3.8411,0,0,0,0,https://zoom.us/resources/whitepapers
63,14,28,4,1,0,1,1,4,0,0,20,0.3175,1,0,0,2,0,1,0,0,4.6715,0,0,0,1,http://69.171.199.134:8080/binance/security-update.php?id=62920
108,22,10,2,2,0,1,2,3,0,1,29,0.2685,0,0,0,3,0,0,1,0,4.9411,1,1,0,1,http://portal-chase-verify.tk/index.php?token=4f4824313710976c627572cc3e2cfdf1e0db8e77add3eff9&auth=required
52,12,24,4,1,0,1,1,4,0,0,14,0.2692,1,0,0,1,0,0,0,0,4.58,0,0,0,1,http://166.4.79.157/binance/auth-portal.php?id=29090
58,36,6,3,2,0,1,1,3,0,0,7,0.1207,0,0,2,2,0,0,1,0,4.539,0,1,1,1,http://microsoft.com.account-alert-552.live/login?ref=3753
60,41,12,2,4,0,0,0,3,0,0,4,0.0667,0,0,0,3,0,0,1,0,4.4188,0,0,0,1,http://secure-w311sfarg0-auth-portal-center.info/signin.html
34,5,22,1,2,0,0,0,3,0,0,2,0.0588,0,1,0,1,0,0,0,0,4.1163,0,1,0,1,http://rb.gy/l6n9qVpA-paypal-alert
58,15,27,4,1,0,1,1,4,0,0,17,0.2931,1,0,0,2,0,0,0,0,4.7285,0,1,0,1,http://154.200.146.159/amazon/security-update.php?id=91780
54,35,12,2,4,0,0,0,3,0,0,0,0.0,0,0,0,3,0,0,1,0,4.2429,1,1,0,1,http://secure-apple-auth-portal-center.xyz/signin.html
58,36,6,3,2,0,1,1,3,0,0,7,0.1207,0,0,2,2,0,0,1,0,4.7092,1,1,1,1,http://instagram.com.account-alert-234.work/login?ref=5967
43,14,21,2,1,0,0,0,4,0,0,6,0.1395,0,0,1,1,1,0,0,0,4.4495,0,0,0,0,https://dev.paypal.com/products/item-129481
67,17,30,3,2,0,1,1,5,0,0,8,0.1194,0,0,0,2,0,0,1,1,4.7476,1,1,0,1,http://free-host-87.buzz//www.bankofamerica.com/update?token=280795
57,35,6,3,2,0,1,1,3,0,0,7,0.1228,0,0,2,3,0,0,1,0,4.8193,1,0,1,1,http://binance.com.security-update-614.xyz/login?ref=9489
55,33,6,3,2,0,1,1,3,0,0,7,0.1273,0,0,2,1,0,0,1,0,4.7261,1,1,1,1,http://apple.com.session-unlock-200.buzz/login?ref=9105
120,34,10,2,2,0,1,2,3,0,1,26,0.2167,0,0,0,3,0,0,1,0,4.9222,0,1,0,1,http://portal-bankofamerica-verify.online/index.php?token=2bce8cea8cd9c46a70bb8f37b101daa35a4a63a8215ef013&auth=required
54,32,6,3,2,0,1,1,3,0,0,7,0.1296,0,0,2,2,0,0,1,0,4.671,1,0,1,1,http://binance.com.auth-portal-285.buzz/login?ref=9990
51,32,12,2,3,0,0,0,3,0,0,2,0.0392,0,0,0,3,0,0,1,0,4.3492,1,0,0,1,http://secure-n3tf1ix-verify-center.xyz/signin.html
35,13,14,2,0,0,0,0,5,0,0,1,0.0286,0,0,1,0,1,0,0,0,3.7474,0,0,0,0,https://api.chase.com/api/v1/status
24,12,5,1,0,0,0,0,3,0,0,0,0.0,0,0,0,0,0,0,0,0,3.8554,0,0,0,0,http://stanford.edu/help
60,41,12,2,4,0,0,0,3,0,0,0,0.0,0,0,0,3,0,0,1,0,4.1159,1,1,0,1,http://secure-chase-suspended-notice-center.club/signin.html
41,11,23,1,2,0,0,0,3,0,0,1,0.0244,0,1,0,0,0,0,0,0,4.5218,0,0,0,1,http://tinyurl.com/zYEVsDr6-binance-alert
39,12,20,2,0,0,0,0,4,0,0,0,0.0,0,0,1,0,0,0,0,0,4.0866,0,0,0,0,http://mail.irs.gov/category/technology
60,14,30,4,1,0,1,1,4,0,0,16,0.2667,1,0,0,1,0,0,0,0,4.7757,0,1,0,1,http://208.229.54.156/bankofamerica/auth-portal.php?id=31731
35,6,22,1,2,0,0,0,3,0,0,1,0.0286,0,1,0,0,0,0,0,0,4.2074,0,1,0,1,http://bit.ly/iRyD8edj-google-alert
35,5,23,1,2,0,0,0,3,0,0,0,0.0,0,1,0,0,0,0,0,0,4.3433,0,1,0,1,http://rb.gy/qsUvlMvy-netflix-alert
44,14,22,2,0,0,0,0,4,0,0,0,0.0,0,0,1,0,1,0,0,0,4.01,0,0,0,0,https://mail.yahoo.com/resources/whitepapers
60,14,30,4,1,0,1,1,4,0,0,16,0.2667,1,0,0,1,0,0,0,0,4.7106,0,1,0,1,http://172.170.203.76/facebook/suspended-notice.php?id=49860
45,15,22,2,0,0,0,0,5,0,0,0,0.0,0,0,1,0,1,0,0,0,4.2035,0,0,0,0,https://dev.walmart.com/user/profile/settings
113,27,10,2,2,0,1,2,3,0,1,30,0.2655,0,0,0,3,0,0,1,0,4.9678,1,1,0,1,http://portal-instagram-verify.top/index.php?token=e3206a943e008bf1b5d80319b9c4e9beebc965df5d011403&auth=required
26,14,4,2,0,0,0,0,3,0,0,0,0.0,0,0,1,0,1,0,0,0,3.9791,0,0,0,0,https://blog.chase.com/faq
36,8,20,1,0,0,0,0,4,0,0,0,0.0,0,0,0,0,1,0,0,0,3.8848,0,0,0,0,https://pypi.org/category/technology
25,9,8,1,0,0,0,0,3,0,0,0,0.0,0,0,0,0,1,0,0,0,3.6733,0,0,0,0,https://vimeo.com/contact
24,8,8,1,0,0,0,0,3,0,0,0,0.0,0,0,0,0,1,0,0,0,3.7091,0,0,0,0,https://citi.com/privacy
29,15,6,1,0,0,0,0,3,0,0,0,0.0,0,0,0,0,1,0,0,0,4.0473,0,0,0,0,https://theguardian.com/about
59,37,6,3,2,0,1,1,3,0,0,7,0.1186,0,0,2,2,0,0,1,0,4.6744,1,0,1,1,http://wellsfargo.com.account-alert-680.buzz/login?ref=6111
59,16,23,3,2,0,1,1,5,0,0,8,0.1356,0,0,0,2,0,0,1,1,4.6293,1,1,0,1,http://free-host-87.xyz//www.google.com/update?token=722223
61,15,26,3,2,0,1,1,5,0,0,8,0.1311,0,0,0,2,0,0,1,1,4.5802,1,1,0,1,http://free-host-70.tk//www.microsoft.com/update?token=345603
50,20,22,2,0,0,0,0,4,0,0,0,0.0,0,0,1,0,1,0,0,0,4.1913,0,0,0,0,https://blog.theguardian.com/resources/whitepapers
56,14,26,4,1,0,1,1,4,0,0,16,0.2857,1,0,0,1,0,0,0,0,4.4969,0,1,0,1,http://95.223.203.170/instagram/auth-portal.php?id=70731
56,13,22,4,1,0,1,1,4,0,0,19,0.3393,1,0,0,1,0,1,0,0,4.4437,0,1,0,1,http://91.118.113.95:3000/chase/auth-portal.php?id=29049
64,19,25,3,2,0,1,1,5,0,0,8,0.125,0,0,0,2,0,0,1,1,4.6796,0,1,0,1,http://free-host-21.online//www.facebook.com/update?token=773048
39,6,26,1,2,0,0,0,3,0,0,4,0.1026,0,1,0,0,0,0,0,0,4.3943,0,0,0,1,http://bit.ly/Ag2I988s-wellsfargo-alert
112,26,10,2,2,0,1,2,3,0,1,31,0.2768,0,0,0,3,0,0,1,0,4.9813,1,1,0,1,http://portal-facebook-verify.icu/index.php?token=d1ff68e22587ed59c58b29cc0902440a3b3ccb93172b3a62&auth=required
36,6,23,1,2,0,0,0,3,0,0,3,0.0833,0,1,0,0,0,0,0,0,4.4267,0,0,0,1,http://bit.ly/5mudo4H2-binance-alert
63,18,25,3,2,0,1,1,5,0,0,8,0.127,0,0,0,2,0,0,1,1,4.6208,1,1,0,1,http://free-host-27.click//www.facebook.com/update?token=273967
62,16,26,3,2,0,1,1,5,0,0,8,0.129,0,0,0,2,0,0,1,1,4.6478,1,1,0,1,http://free-host-83.icu//www.microsoft.com/update?token=367251
61,11,29,4,1,0,1,1,4,0,0,17,0.2787,1,0,0,1,0,1,0,0,4.589,0,1,0,1,http://54.90.95.54:8888/netflix/confirm-identity.php?id=42318
58,14,23,4,1,0,1,1,4,0,0,20,0.3448,1,0,0,1,0,1,0,0,4.4808,0,1,0,1,http://212.10.227.155:8080/amazon/auth-portal.php?id=56219
110,24,10,2,2,0,1,2,3,0,1,33,0.3,0,0,0,4,0,0,1,0,4.9229,1,1,0,1,http://portal-paypal-verify.icu/index.php?token=ab01563ccbe167a7c711610f72900316702530ffbddc1404&auth=required
65,15,29,4,1,0,1,1,4,0,0,21,0.3231,1,0,0,1,0,1,0,0,4.5797,0,0,0,1,http://209.233.232.156:4444/binance/suspended-notice.php?id=60515
40,12,20,1,0,0,0,0,4,0,0,0,0.0,0,0,0,0,1,0,0,0,4.0153,0,0,0,0,https://facebook.com/category/technology
59,14,29,4,1,0,1,1,4,0,0,16,0.2712,1,0,0,1,0,0,0,0,4.5416,0,0,0,1,http://86.216.165.199/binance/confirm-identity.php?id=91684
64,13,30,4,1,0,1,1,4,0,0,19,0.2969,1,0,0,1,0,1,0,0,4.6203,0,1,0,1,http://124.44.59.141:4444/microsoft/billing-resolve.php?id=63347
53,12,25,4,0,0,1,1,4,0,0,14,0.2642,1,0,0,1,0,0,0,0,4.7653,0,1,0,1,http://198.15.6.250/bankofamerica/verify.php?id=73579
111,25,10,2,2,0,1,2,3,0,1,32,0.2883,0,0,0,3,0,0,1,0,4.9042,1,0,0,1,http://portal-binance-verify.top/index.php?token=499ae07c2750d188a7913815049eed26a745bd6b581abee9&auth=required
59,37,6,3,2,0,1,1,3,0,0,7,0.1186,0,0,2,1,0,0,1,0,4.7467,1,1,1,1,http://instagram.com.session-unlock-386.buzz/login?ref=1919
35,6,22,1,2,0,0,0,3,0,0,0,0.0,0,1,0,1,0,0,0,0,4.0931,0,1,0,1,http://bit.ly/WKkUoWIp-paypal-alert
35,5,23,1,2,0,0,0,3,0,0,2,0.0571,0,1,0,0,0,0,0,0,4.4576,0,1,0,1,http://rb.gy/uY7QFe9q-netflix-alert
55,33,6,3,2,0,1,1,3,0,0,7,0.1273,0,0,2,3,0,0,1,0,4.6582,1,1,1,1,http://apple.com.security-update-163.icu/login?ref=8376
25,13,4,1,0,0,0,0,3,0,0,0,0.0,0,0,0,0,1,0,0,0,4.0235,0,0,0,0,https://wikipedia.org/faq
57,35,6,3,2,0,1,1,3,0,0,7,0.1228,0,0,2,2,0,0,1,0,4.7427,1,1,1,1,http://chase.com.suspended-notice-614.work/login?ref=6708
39,7,25,1,2,0,0,0,3,0,0,1,0.0256,0,1,0,0,0,0,0,0,4.4068,0,1,0,1,http://cutt.ly/mIEh4Xzq-microsoft-alert
115,29,10,2,2,0,1,2,3,0,1,32,0.2783,0,0,0,3,0,0,1,0,4.9929,1,0,0,1,http://portal-wellsfargo-verify.loan/index.php?token=7764e86e803f56074962571c1f007ebcd3e5c66e6eda1a32&auth=required
59,40,12,2,4,0,0,0,3,0,0,4,0.0678,0,0,0,2,0,0,1,0,4.3131,1,0,0,1,http://secure-g00g13-session-unlock-center.club/signin.html
58,16,22,3,2,0,1,1,5,0,0,8,0.1379,0,0,0,2,0,0,1,1,4.5717,1,1,0,1,http://free-host-97.icu//www.chase.com/update?token=175521
39,11,21,1,2,0,0,0,3,0,0,1,0.0256,0,1,0,0,0,0,0,0,4.4775,0,1,0,1,http://tinyurl.com/hNfzmH1I-chase-alert
111,25,10,2,2,0,1,2,3,0,1,26,0.2342,0,0,0,4,0,0,1,0,4.9746,1,1,0,1,http://portal-paypal-verify.work/index.php?token=348861510aa47a3f28bbfc1769e5db2ab6dc08ac115baecb&auth=required
46,13,15,4,0,0,1,1,4,0,0,10,0.2174,1,0,0,2,0,0,0,0,4.7245,0,0,0,1,http://192.168.1.105/bank/login.php?cmd=verify
115,29,10,2,2,0,1,2,3,0,1,32,0.2783,0,0,0,3,0,0,1,0,4.9712,1,1,0,1,http://portal-microsoft-verify.click/index.php?token=738c4e4175b771e893be4fb7adbf4c2455a23872c710145b&auth=required
43,14,21,2,0,0,0,0,6,0,0,6,0.1395,0,0,1,0,1,0,0,0,4.2687,0,0,0,0,https://www.medium.com/news/2026/08/article
33,11,14,2,0,0,0,0,5,0,0,1,0.0303,0,0,1,0,1,0,0,0,3.6284,0,0,0,0,https://app.who.int/api/v1/status
114,28,10,2,2,0,1,2,3,0,1,31,0.2719,0,0,0,3,0,0,1,0,4.949,1,0,0,1,http://portal-wellsfargo-verify.top/index.php?token=d6784a4fe5039a17794c0a3337c1201adeeee98906f5fe90&auth=required
110,24,10,2,2,0,1,2,3,0,1,30,0.2727,0,0,0,3,0,0,1,0,4.9254,0,1,0,1,http://portal-chase-verify.info/index.php?token=ee703e7bfc8872124a39a3f55f9078fc55179e1ea61bc12e&auth=required
35,6,22,1,2,0,0,0,3,0,0,1,0.0286,0,1,0,1,0,0,0,0,3.8354,0,1,0,1,http://bit.ly/t3tbHyur-paypal-alert
62,12,29,4,1,0,1,1,4,0,0,18,0.2903,1,0,0,1,0,1,0,0,4.6521,0,0,0,1,http://194.52.75.38:3000/binance/confirm-identity.php?id=58700
27,14,5,1,0,0,0,0,3,0,0,0,0.0,0,0,0,0,1,0,0,0,3.7821,0,0,0,0,https://salesforce.com/help
59,17,22,3,2,0,1,1,5,0,0,8,0.1356,0,0,0,2,0,0,1,1,4.5677,1,1,0,1,http://free-host-45.work//www.apple.com/update?token=871812
60,15,29,4,1,0,1,1,4,0,0,17,0.2833,1,0,0,0,0,0,0,0,4.6046,0,1,0,1,http://201.117.216.222/instagram/session-unlock.php?id=18528
40,11,22,1,2,0,0,0,3,0,0,2,0.05,0,1,0,1,0,0,0,0,4.3653,0,1,0,1,http://tinyurl.com/ApxH3qR3-paypal-alert
32,10,14,1,0,0,0,0,5,0,0,1,0.0312,0,0,0,0,1,0,0,0,3.965,0,0,0,0,https://kaggle.com/api/v1/status
46,14,24,2,1,0,0,0,5,0,0,1,0.0217,0,0,1,0,1,0,0,0,4.1563,0,0,0,0,https://dev.amazon.com/docs/v2/getting-started
112,26,10,2,2,0,1,2,3,0,1,33,0.2946,0,0,0,3,0,0,1,0,4.9674,1,0,0,1,http://portal-binance-verify.club/index.php?token=1a652095b18d6bbb142d5244e7c38f47e4db0843d190a624&auth=required
22,14,0,1,0,0,0,0,2,0,0,0,0.0,0,0,0,0,1,0,0,0,4.0049,0,0,0,0,https://wellsfargo.com
59,13,25,4,0,0,1,1,4,0,0,19,0.322,1,0,0,1,0,1,0,0,4.6509,0,1,0,1,http://203.46.250.40:3000/bankofamerica/verify.php?id=11280
37,5,25,1,2,0,0,0,3,0,0,2,0.0541,0,1,0,0,0,0,0,0,4.4996,0,1,0,1,http://rb.gy/y3QM6Uuo-microsoft-alert
59,37,6,3,2,0,1,1,3,0,0,7,0.1186,0,0,2,1,0,0,1,0,4.6955,1,1,1,1,http://microsoft.com.session-unlock-168.buzz/login?ref=4127
117,31,10,2,2,0,1,2,3,0,1,29,0.2479,0,0,0,3,0,0,1,0,4.9603,1,1,0,1,http://portal-bankofamerica-verify.top/index.php?token=4bfe1c0fbc148cbd110d0b2937b7484adf1b516922f165a0&auth=required
29,16,5,2,0,0,0,0,3,0,0,0,0.0,0,0,1,0,1,0,0,0,4.0902,0,0,0,0,https://my.wikipedia.org/help
60,18,22,3,2,0,1,1,5,0,0,8,0.1333,0,0,0,2,0,0,1,1,4.6427,1,1,0,1,http://free-host-56.click//www.chase.com/update?token=460714
24,15,1,2,0,0,0,0,3,0,0,0,0.0,0,0,1,1,1,0,0,0,3.8554,0,0,0,0,https://login.vimeo.com/
67,17,30,3,2,0,1,1,5,0,0,8,0.1194,0,0,0,2,0,0,1,1,4.7251,1,1,0,1,http://free-host-53.club//www.bankofamerica.com/update?token=587450
21,13,0,2,0,0,0,0,2,0,0,0,0.0,0,0,1,0,1,0,0,0,3.5945,0,0,0,0,https://www.chase.com
110,24,10,2,2,0,1,2,3,0,1,29,0.2636,0,0,0,3,0,0,1,0,4.9904,1,1,0,1,http://portal-amazon-verify.icu/index.php?token=862eea419a2c65d5b6b194a7bed9c97782d1aca49477fb30&auth=required
62,22,7,2,0,0,1,2,3,0,1,1,0.0161,0,0,1,0,0,0,0,0,4.4615,0,0,0,0,http://blog.bankofamerica.com/search?q=machine+learning&page=2
111,25,10,2,2,0,1,2,3,0,1,31,0.2793,0,0,0,3,0,0,1,0,4.9285,1,1,0,1,http://portal-netflix-verify.xyz/index.php?token=8b189a875d7d147785b487f4d3873adaac637116db5f0d5a&auth=required
45,16,21,2,1,0,0,0,4,0,0,6,0.1333,0,0,1,0,1,0,0,0,4.4724,0,0,0,0,https://blog.nytimes.com/products/item-129481
41,11,23,1,2,0,0,0,3,0,0,1,0.0244,0,1,0,0,0,0,0,0,4.4826,0,1,0,1,http://tinyurl.com/cFdzIe9Y-netflix-alert
40,10,22,1,0,0,0,0,5,0,0,0,0.0,0,0,0,1,1,0,0,0,4.0628,0,0,0,0,https://paypal.com/user/profile/settings
35,6,22,1,2,0,0,0,3,0,0,2,0.0571,0,1,0,1,0,0,0,0,4.0931,0,1,0,1,http://bit.ly/6XlQFH5h-paypal-alert
44,12,24,2,1,0,0,0,5,0,0,1,0.0227,0,0,1,0,1,0,0,0,4.0328,0,0,0,0,https://api.citi.com/docs/v2/getting-started
115,29,10,2,2,0,1,2,3,0,1,32,0.2783,0,0,0,3,0,0,1,0,5.0319,1,0,0,1,http://portal-wellsfargo-verify.work/index.php?token=d29df0e730a8d08f44984e72258f4b966104d6c6cf75f8e7&auth=required
55,13,26,4,1,0,1,1,4,0,0,15,0.2727,1,0,0,1,0,0,0,0,4.6081,0,0,0,1,http://72.92.156.243/binance/account-alert.php?id=31346
39,17,14,1,0,0,0,0,5,0,0,1,0.0256,0,0,0,0,1,0,0,0,4.0872,0,0,0,0,https://stackoverflow.com/api/v1/status
44,15,21,1,1,0,0,0,4,0,0,6,0.1364,0,0,0,0,1,0,0,0,4.4228,0,0,0,0,https://theguardian.com/products/item-129481
50,28,6,3,1,0,1,1,3,0,0,7,0.14,0,0,2,2,0,0,1,0,4.6484,1,1,1,1,http://instagram.com.verify-420.top/login?ref=5277
61,11,34,4,1,0,1,1,4,0,0,13,0.2131,1,0,0,2,0,0,0,0,4.7257,0,1,0,1,http://74.93.42.86/bankofamerica/security-update.php?id=86883
63,17,26,3,2,0,1,1,5,0,0,8,0.127,0,0,0,2,0,0,1,1,4.5663,1,1,0,1,http://free-host-76.work//www.instagram.com/update?token=242626
32,16,8,2,0,0,0,0,3,0,0,0,0.0,0,0,1,1,1,0,0,0,3.9414,0,0,0,0,https://login.reddit.com/contact
58,39,12,2,4,0,0,0,3,0,0,1,0.0172,0,0,0,2,0,0,1,0,4.3778,1,0,0,1,http://secure-paypa1-session-unlock-center.xyz/signin.html
43,7,29,1,2,0,0,0,3,0,0,2,0.0465,0,1,0,0,0,0,0,0,4.6271,0,1,0,1,http://cutt.ly/GC25PFsL-bankofamerica-alert
42,14,20,2,0,0,0,0,4,0,0,0,0.0,0,0,1,0,1,0,0,0,3.9667,0,0,0,0,https://my.reuters.com/category/technology
33,5,21,1,2,0,0,0,3,0,0,0,0.0,0,1,0,0,0,0,0,0,4.2485,0,1,0,1,http://rb.gy/FDOgLJVR-apple-alert
40,10,22,1,0,0,0,0,5,0,0,0,0.0,0,0,0,0,1,0,0,0,3.9128,0,0,0,0,https://google.com/user/profile/settings
109,23,10,2,2,0,1,2,3,0,1,31,0.2844,0,0,0,3,0,0,1,0,4.9778,1,1,0,1,http://portal-amazon-verify.tk/index.php?token=16f0f9682cf0810ec182defd68c08b4cca8939c6b0544499&auth=required
57,38,12,2,4,0,0,0,3,0,0,0,0.0,0,0,0,3,0,0,1,0,4.1767,0,0,0,1,http://secure-binance-auth-portal-center.info/signin.html
58,39,12,2,4,0,0,0,3,0,0,0,0.0,0,0,0,2,0,0,1,0,4.1269,1,1,0,1,http://secure-apple-session-unlock-center.loan/signin.html
55,15,24,4,1,0,1,1,4,0,0,17,0.3091,1,0,0,1,0,0,0,0,4.4245,0,0,0,1,http://118.244.228.127/binance/auth-portal.php?id=48852
40,12,20,2,0,0,0,0,4,0,0,0,0.0,0,0,1,0,1,0,0,0,3.8464,0,0,0,0,https://my.yahoo.com/category/technology
62,17,25,3,2,0,1,1,5,0,0,8,0.129,0,0,0,2,0,0,1,1,4.6018,1,1,0,1,http://free-host-47.work//www.facebook.com/update?token=199238
61,42,12,2,4,0,0,0,3,0,0,0,0.0,0,0,0,3,0,0,1,0,4.1577,0,1,0,1,http://secure-netflix-billing-resolve-center.info/signin.html
33,11,14,1,0,0,0,0,5,0,0,1,0.0303,0,0,0,0,1,0,0,0,3.8559,0,0,0,0,https://nytimes.com/api/v1/status
19,11,0,1,0,0,0,0,2,0,0,0,0.0,0,0,0,0,1,0,0,0,3.5316,0,0,0,0,https://twitter.com
61,39,6,3,2,0,1,1,3,0,0,7,0.1148,0,0,2,2,0,0,1,0,4.5347,0,1,1,1,http://instagram.com.confirm-identity-344.live/login?ref=4555
57,11,30,4,1,0,1,1,4,0,0,13,0.2281,1,0,0,1,0,0,0,0,4.607,0,1,0,1,http://29.56.25.15/instagram/billing-resolve.php?id=95653
59,16,23,3,2,0,1,1,5,0,0,8,0.1356,0,0,0,2,0,0,1,1,4.5182,1,1,0,1,http://free-host-38.top//www.amazon.com/update?token=380824
67,48,12,2,4,0,0,0,3,0,0,0,0.0,0,0,0,3,0,0,1,0,4.2788,0,1,0,1,http://secure-bankofamerica-billing-resolve-center.live/signin.html
32,19,5,2,0,0,0,0,3,0,0,0,0.0,0,0,1,0,1,0,0,0,3.7806,0,0,0,0,https://help.aliexpress.com/help
26,10,8,1,0,0,0,0,3,0,0,0,0.0,0,0,0,0,1,0,0,0,3.7343,0,0,0,0,https://reddit.com/contact
38,8,22,1,0,0,0,0,5,0,0,0,0.0,0,0,0,0,1,0,0,0,3.8302,0,0,0,0,https://pypi.org/user/profile/settings
39,11,21,1,0,0,0,0,6,0,0,6,0.1538,0,0,0,0,0,0,0,0,4.1504,0,0,0,0,http://reuters.com/news/2026/08/article
23,11,4,2,0,0,0,0,3,0,0,0,0.0,0,0,1,0,1,0,0,0,3.5884,0,0,0,0,https://www.who.int/faq
47,11,29,1,2,0,0,0,3,0,0,0,0.0,0,1,0,0,0,0,0,0,4.5863,0,1,0,1,http://tinyurl.com/kxHhJdXI-bankofamerica-alert
55,33,6,3,2,0,1,1,3,0,0,7,0.1273,0,0,2,2,0,0,1,0,4.6152,1,1,1,1,http://chase.com.suspended-notice-793.tk/login?ref=7934
59,37,6,3,2,0,1,1,3,0,0,7,0.1186,0,0,2,3,0,0,1,0,4.7955,1,1,1,1,http://microsoft.com.security-update-926.xyz/login?ref=1250
22,13,1,1,0,0,0,0,3,0,0,0,0.0,0,0,0,0,1,0,0,0,3.5383,0,0,0,0,https://microsoft.com/
56,13,27,4,1,0,1,1,4,0,0,15,0.2679,1,0,0,0,0,0,0,0,4.6059,0,0,0,1,http://59.135.73.235/binance/session-unlock.php?id=19491
47,11,29,1,2,0,0,0,3,0,0,1,0.0213,0,1,0,0,0,0,0,0,4.6288,0,1,0,1,http://tinyurl.com/E5uUzDVW-bankofamerica-alert
64,45,12,2,4,0,0,0,3,0,0,2,0.0312,0,0,0,3,0,0,1,0,4.165,0,0,0,1,http://secure-micr0s0ft-confirm-identity-center.info/signin.html
59,40,12,2,4,0,0,0,3,0,0,4,0.0678,0,0,0,3,0,0,1,0,4.4288,1,0,0,1,http://secure-g00g13-billing-resolve-center.xyz/signin.html
67,17,30,3,2,0,1,1,5,0,0,8,0.1194,0,0,0,2,0,0,1,1,4.6883,1,1,0,1,http://free-host-68.loan//www.bankofamerica.com/update?token=961251
61,17,24,3,2,0,1,1,5,0,0,8,0.1311,0,0,0,2,0,0,1,1,4.7217,1,1,0,1,http://free-host-49.buzz//www.netflix.com/update?token=973983
23,7,8,1,0,0,0,0,3,0,0,0,0.0,0,0,0,0,1,0,0,0,3.4642,0,0,0,0,https://who.int/contact
41,11,22,1,0,0,0,0,5,0,0,0,0.0,0,0,0,0,1,0,0,0,3.9923,0,0,0,0,https://netflix.com/user/profile/settings
35,13,14,1,0,0,0,0,5,0,0,1,0.0286,0,0,0,0,1,0,0,0,3.8373,0,0,0,0,https://instagram.com/api/v1/status
60,41,12,2,4,0,0,0,3,0,0,2,0.0333,0,0,0,3,0,0,1,0,4.3635,1,0,0,1,http://secure-app13-confirm-identity-center.club/signin.html
67,17,30,3,2,0,1,1,5,0,0,8,0.1194,0,0,0,2,0,0,1,1,4.7476,1,1,0,1,http://free-host-70.buzz//www.bankofamerica.com/update?token=578695
61,14,26,4,1,0,1,1,4,0,0,20,0.3279,1,0,0,0,0,1,0,0,4.6434,0,1,0,1,http://45.207.175.225:8080/amazon/session-unlock.php?id=87852
24,11,5,1,0,0,0,0,3,0,0,0,0.0,0,0,0,0,1,0,0,0,3.6887,0,0,0,0,https://harvard.edu/help
30,16,6,2,0,0,0,0,3,0,0,0,0.0,0,0,1,0,1,0,0,0,3.9899,0,0,0,0,https://mail.netflix.com/terms
62,13,28,4,1,0,1,1,4,0,0,19,0.3065,1,0,0,2,0,1,0,0,4.6738,0,1,0,1,http://90.200.57.247:8888/netflix/security-update.php?id=29966
56,13,27,4,1,0,1,1,4,0,0,15,0.2679,1,0,0,1,0,0,0,0,4.6088,0,1,0,1,http://178.76.195.55/apple/confirm-identity.php?id=38016
57,35,6,3,2,0,1,1,3,0,0,7,0.1228,0,0,2,3,0,0,1,0,4.7123,1,1,1,1,http://chase.com.security-update-776.click/login?ref=6192
113,27,10,2,2,0,1,2,3,0,1,33,0.292,0,0,0,3,0,0,1,0,4.9673,1,0,0,1,http://portal-wellsfargo-verify.tk/index.php?token=1af373a991239c83a344b65f3ce4e12d83772f329dd7412a&auth=required
65,46,12,2,4,0,0,0,3,0,0,2,0.0308,0,0,0,3,0,0,1,0,4.1854,0,0,0,1,http://secure-micr0s0ft-billing-resolve-center.online/signin.html
35,5,23,1,2,0,0,0,3,0,0,0,0.0,0,1,0,0,0,0,0,0,4.422,0,1,0,1,http://rb.gy/SgTfCEZv-netflix-alert
109,23,10,2,2,0,1,2,3,0,1,27,0.2477,0,0,0,3,0,0,1,0,4.9881,1,1,0,1,http://portal-amazon-verify.tk/index.php?token=fda32b097656db9b9ad39522be7aaddeb4c641c8589cd022&auth=required
59,17,22,3,2,0,1,1,5,0,0,8,0.1356,0,0,0,2,0,0,1,1,4.6099,0,1,0,1,http://free-host-26.info//www.chase.com/update?token=294435
60,38,6,3,2,0,1,1,3,0,0,7,0.1167,0,0,2,2,0,0,1,0,4.7127,0,1,1,1,http://facebook.com.suspended-notice-351.live/login?ref=1965
28,16,4,2,0,0,0,0,3,0,0,0,0.0,0,0,1,0,1,0,0,0,3.7979,0,0,0,0,https://portal.yahoo.com/faq
110,24,10,2,2,0,1,2,3,0,1,35,0.3182,0,0,0,3,0,0,1,0,4.9504,0,1,0,1,http://portal-apple-verify.live/index.php?token=9429828875116b5e69d0c3006990422da7186c8eae5f5b0d&auth=required
42,14,20,1,0,0,0,0,4,0,0,0,0.0,0,0,0,0,1,0,0,0,4.08,0,0,0,0,https://cloudflare.com/category/technology
30,16,6,2,0,0,0,0,3,0,0,0,0.0,0,0,1,0,1,0,0,0,3.7899,0,0,0,0,https://portal.quora.com/about
38,5,26,1,2,0,0,0,3,0,0,2,0.0526,0,1,0,0,0,0,0,0,4.4316,0,0,0,1,http://rb.gy/XnTEs18h-wellsfargo-alert
26,17,1,2,0,0,0,0,3,0,0,0,0.0,0,0,1,0,1,0,0,0,3.8441,0,0,0,0,https://dev.microsoft.com/
26,12,6,2,0,0,0,0,3,0,0,0,0.0,0,0,1,0,1,0,0,0,3.7672,0,0,0,0,https://mail.zoom.us/about
59,40,12,2,4,0,0,0,3,0,0,4,0.0678,0,0,0,2,0,0,1,0,4.2937,0,0,0,1,http://secure-g00g13-session-unlock-center.live/signin.html
24,15,1,2,0,0,0,0,3,0,0,0,0.0,0,0,1,0,1,0,0,0,3.5739,0,0,0,0,https://app.harvard.edu/
60,13,31,4,1,0,1,1,4,0,0,15,0.25,1,0,0,1,0,0,0,0,4.6773,0,1,0,1,http://86.242.198.85/instagram/suspended-notice.php?id=78410
34,5,22,1,2,0,0,0,3,0,0,2,0.0588,0,1,0,0,0,0,0,0,4.1163,0,1,0,1,http://rb.gy/9rtW2AoP-google-alert
33,21,4,2,0,0,0,0,3,0,0,0,0.0,0,0,1,0,1,0,0,0,4.0667,0,0,0,0,https://www.stackoverflow.com/faq
116,30,10,2,2,0,1,2,3,0,1,30,0.2586,0,0,0,3,0,0,1,0,4.9633,0,1,0,1,http://portal-microsoft-verify.online/index.php?token=fde4540c3c56d4b1f02f357f79704243a1c06dd9e5d95ea6&auth=required
114,28,10,2,2,0,1,2,3,0,1,27,0.2368,0,0,0,3,0,0,1,0,5.0069,1,0,0,1,http://portal-wellsfargo-verify.icu/index.php?token=6bf285a6be0d34e8f76417b90d57478e3fee12ad27cfdef9&auth=required
114,28,10,2,2,0,1,2,3,0,1,29,0.2544,0,0,0,3,0,0,1,0,5.0316,1,1,0,1,http://portal-instagram-verify.club/index.php?token=b0d9a39ad38c1cb7f6ddb4420a8f00534ba131c01472d3c8&auth=required
64,17,27,3,2,0,1,1,5,0,0,8,0.125,0,0,0,2,0,0,1,1,4.6632,1,0,0,1,http://free-host-65.work//www.wellsfargo.com/update?token=314327
42,10,24,1,1,0,0,0,5,0,0,1,0.0238,0,0,0,0,1,0,0,0,4.1392,0,0,0,0,https://kaggle.com/docs/v2/getting-started
61,39,6,3,2,0,1,1,3,0,0,7,0.1148,0,0,2,3,0,0,1,0,4.8277,1,0,1,1,http://wellsfargo.com.security-update-391.buzz/login?ref=6466
53,21,24,2,1,0,0,0,5,0,0,1,0.0189,0,0,1,0,1,0,0,0,4.3526,0,0,0,0,https://www.bankofamerica.com/docs/v2/getting-started
111,25,10,2,2,0,1,2,3,0,1,33,0.2973,0,0,0,3,0,0,1,0,4.8762,1,1,0,1,http://portal-netflix-verify.top/index.php?token=22910a047214e1e2f6f1831fa94f4a19e877ce58367a8fd9&auth=required
31,15,8,2,0,0,0,0,3,0,0,0,0.0,0,0,1,0,1,0,0,0,3.76,0,0,0,0,https://help.amazon.com/contact
38,7,24,1,2,0,0,0,3,0,0,3,0.0789,0,1,0,0,0,0,0,0,4.3764,0,1,0,1,http://cutt.ly/X0Pq0z5e-facebook-alert
62,14,27,4,1,0,1,1,4,0,0,20,0.3226,1,0,0,1,0,1,0,0,4.7245,0,1,0,1,http://188.38.248.152:4444/amazon/billing-resolve.php?id=78615
38,8,22,2,0,0,0,0,4,0,0,0,0.0,0,0,0,0,1,0,0,0,3.9252,0,0,0,0,https://ox.ac.uk/resources/whitepapers
67,15,31,4,1,0,1,1,4,0,0,21,0.3134,1,0,0,1,0,1,0,0,4.5916,0,1,0,1,http://206.110.148.123:3000/microsoft/suspended-notice.php?id=63207
21,7,6,1,0,0,0,0,3,0,0,0,0.0,0,0,0,0,1,0,0,0,3.5226,0,0,0,0,https://bbc.com/about
110,24,10,2,2,0,1,2,3,0,1,34,0.3091,0,0,0,3,0,0,1,0,4.7755,1,1,0,1,http://portal-apple-verify.club/index.php?token=616aa9eec5ad297188560e98ea96869e9057e066181982dc&auth=required
35,7,21,1,1,0,0,0,4,0,0,6,0.1714,0,0,0,0,0,0,0,0,4.2506,0,0,0,0,http://zoom.us/products/item-129481
39,9,22,1,0,0,0,0,4,0,0,0,0.0,0,0,0,0,1,0,0,0,3.9359,0,0,0,0,https://adobe.com/resources/whitepapers
35,6,21,1,1,0,0,0,4,0,0,6,0.1714,0,0,0,0,1,0,0,0,4.3293,0,0,0,0,https://un.org/products/item-129481
39,11,20,1,0,0,0,0,4,0,0,0,0.0,0,0,0,0,1,0,0,0,3.9847,0,0,0,0,https://spotify.com/category/technology
36,14,14,2,0,0,0,0,5,0,0,1,0.0278,0,0,1,0,1,0,0,0,3.9931,0,0,0,0,https://blog.chase.com/api/v1/status
57,35,6,3,2,0,1,1,3,0,0,7,0.1228,0,0,2,3,0,0,1,0,4.6812,1,0,1,1,http://binance.com.security-update-640.top/login?ref=8070
60,16,24,3,2,0,1,1,5,0,0,8,0.1333,0,0,0,2,0,0,1,1,4.7427,1,0,0,1,http://free-host-48.xyz//www.binance.com/update?token=768242
33,5,21,1,2,0,0,0,3,0,0,2,0.0606,0,1,0,0,0,0,0,0,4.332,0,1,0,1,http://rb.gy/nO3ul3MP-chase-alert
108,22,10,2,2,0,1,2,3,0,1,30,0.2778,0,0,0,3,0,0,1,0,4.9526,1,1,0,1,http://portal-chase-verify.tk/index.php?token=a227b0038f1d1e83e8cd817f4331d5d6aca6c5cf26793f88&auth=required
60,13,26,4,1,0,1,1,4,0,0,19,0.3167,1,0,0,1,0,1,0,0,4.6981,0,0,0,1,http://37.45.143.236:8888/binance/account-alert.php?id=49051
65,46,12,2,4,0,0,0,3,0,0,0,0.0,0,0,0,3,0,0,1,0,4.1967,1,1,0,1,http://secure-bankofamerica-account-alert-center.loan/signin.html
61,17,24,3,2,0,1,1,5,0,0,8,0.1311,0,0,0,2,0,0,1,1,4.7094,0,0,0,1,http://free-host-63.live//www.binance.com/update?token=107191
27,13,6,2,0,0,0,0,3,0,0,0,0.0,0,0,1,0,1,0,0,0,3.8842,0,0,0,0,https://help.ebay.com/about
55,33,6,3,2,0,1,1,3,0,0,7,0.1273,0,0,2,3,0,0,1,0,4.6927,1,1,1,1,http://google.com.security-update-528.tk/login?ref=4185
37,5,25,1,2,0,0,0,3,0,0,2,0.0541,0,1,0,0,0,0,0,0,4.3374,0,1,0,1,http://rb.gy/UM7CCms4-instagram-alert
60,41,12,2,4,0,0,0,3,0,0,0,0.0,0,0,0,4,0,0,1,0,4.2278,1,1,0,1,http://secure-paypal-confirm-identity-center.top/signin.html
61,16,25,3,2,0,1,1,5,0,0,8,0.1311,0,0,0,2,0,0,1,1,4.6077,1,1,0,1,http://free-host-52.icu//www.facebook.com/update?token=928448
41,25,8,3,0,0,0,0,3,0,0,0,0.0,0,0,2,0,1,0,0,0,4.1162,0,0,0,0,https://app.developer.mozilla.org/privacy
57,35,6,3,2,0,1,1,3,0,0,7,0.1228,0,0,2,3,0,0,1,0,4.699,0,1,1,1,http://google.com.security-update-167.info/login?ref=9270
30,16,6,2,0,0,0,0,3,0,0,0,0.0,0,0,1,0,1,0,0,0,4.1232,0,0,0,0,https://blog.netflix.com/about
115,29,10,2,2,0,1,2,3,0,1,36,0.313,0,0,0,3,0,0,1,0,5.0365,1,0,0,1,http://portal-wellsfargo-verify.work/index.php?token=e6437c3d5a820740aa50aa497b789406c5320d675e100429&auth=required
56,37,12,2,4,0,0,0,3,0,0,0,0.0,0,0,0,3,0,0,1,0,4.22,1,1,0,1,http://secure-google-auth-portal-center.work/signin.html
39,11,20,1,0,0,0,0,4,0,0,0,0.0,0,0,0,0,1,0,0,0,4.1185,0,0,0,0,https://youtube.com/dashboard/analytics
114,28,10,2,2,0,1,2,3,0,1,32,0.2807,0,0,0,3,0,0,1,0,4.9721,0,1,0,1,http://portal-microsoft-verify.info/index.php?token=e8df26081909e17be12b1d7b22a430b0a4e237d66b8b6793&auth=required
24,15,1,2,0,0,0,0,3,0,0,0,0.0,0,0,1,0,1,0,0,0,3.6887,0,0,0,0,https://api.shopify.com/
46,12,27,4,0,0,0,0,4,0,0,9,0.1957,1,0,0,3,0,0,0,0,4.2113,0,1,0,1,http://45.142.214.7/paypal/update_account.html
39,17,14,2,0,0,0,0,5,0,0,1,0.0256,0,0,1,0,1,0,0,0,4.0772,0,0,0,0,https://mail.linkedin.com/api/v1/status
54,12,26,4,1,0,1,1,4,0,0,14,0.2593,1,0,0,1,0,0,0,0,4.6321,0,1,0,1,http://207.51.64.42/paypal/session-unlock.php?id=11428
60,14,25,4,1,0,1,1,4,0,0,20,0.3333,1,0,0,0,0,1,0,0,4.575,0,1,0,1,http://78.125.160.230:8888/chase/session-unlock.php?id=18658
52,30,6,3,2,0,1,1,3,0,0,7,0.1346,0,0,2,3,0,0,1,0,4.6424,1,1,1,1,http://paypal.com.auth-portal-303.xyz/login?ref=8186
58,15,23,3,2,0,1,1,5,0,0,8,0.1379,0,0,0,2,0,0,1,1,4.5847,1,1,0,1,http://free-host-87.tk//www.google.com/update?token=953178
41,13,20,2,0,0,0,0,4,0,0,0,0.0,0,0,1,0,1,0,0,0,3.9764,0,0,0,0,https://my.amazon.com/category/technology
36,7,21,1,0,0,0,0,6,0,0,6,0.1667,0,0,0,0,1,0,0,0,4.1206,0,0,0,0,https://cnn.com/news/2026/08/article
65,46,12,2,4,0,0,0,3,0,0,4,0.0615,0,0,0,3,0,0,1,0,4.3817,0,0,0,1,http://secure-w311sfarg0-suspended-notice-center.info/signin.html
111,25,10,2,2,0,1,2,3,0,1,25,0.2252,0,0,0,3,0,0,1,0,4.9044,1,0,0,1,http://portal-binance-verify.top/index.php?token=cab9fd40adf310cf56cc7f849abc714ac883ba6598d5f60c&auth=required
36,8,20,1,0,0,0,0,4,0,0,0,0.0,0,0,0,0,1,0,0,0,3.9404,0,0,0,0,https://ebay.com/category/technology
58,36,6,3,2,0,1,1,3,0,0,7,0.1207,0,0,2,3,0,0,1,0,4.7307,0,1,1,1,http://netflix.com.security-update-614.info/login?ref=8921
56,12,28,4,1,0,1,1,4,0,0,14,0.25,1,0,0,1,0,0,0,0,4.6106,0,1,0,1,http://19.122.14.40/google/suspended-notice.php?id=33587
48,18,22,2,0,0,0,0,5,0,0,0,0.0,0,0,1,0,1,0,0,0,4.1948,0,0,0,0,https://my.theguardian.com/user/profile/settings
61,14,26,4,1,0,1,1,4,0,0,20,0.3279,1,0,0,1,0,1,0,0,4.6213,0,1,0,1,http://123.204.130.27:8080/instagram/auth-portal.php?id=49946
62,18,24,3,2,0,1,1,5,0,0,8,0.129,0,0,0,2,0,0,1,1,4.7308,1,0,0,1,http://free-host-17.click//www.binance.com/update?token=232845
35,6,22,1,2,0,0,0,3,0,0,2,0.0571,0,1,0,1,0,0,0,0,4.243,0,1,0,1,http://bit.ly/An1mfqu7-paypal-alert
34,6,21,1,2,0,0,0,3,0,0,3,0.0882,0,1,0,0,0,0,0,0,4.1607,0,1,0,1,http://bit.ly/9lE6kc2B-apple-alert
25,13,4,2,0,0,0,0,3,0,0,0,0.0,0,0,1,0,1,0,0,0,3.9435,0,0,0,0,https://blog.citi.com/faq
39,7,25,1,2,0,0,0,3,0,0,1,0.0256,0,1,0,0,0,0,0,0,4.3875,0,1,0,1,http://cutt.ly/1fIgDbou-instagram-alert
112,26,10,2,2,0,1,2,3,0,1,37,0.3304,0,0,0,3,0,0,1,0,4.9208,0,1,0,1,http://portal-netflix-verify.live/index.php?token=4b06494163fdd61d8b4264a0a22b980431ba873084307103&auth=required
49,20,21,2,1,0,0,0,4,0,0,6,0.1224,0,0,1,1,1,0,0,0,4.5227,0,0,0,0,https://login.cloudflare.com/products/item-129481
54,13,25,4,1,0,1,1,4,0,0,15,0.2778,1,0,0,1,0,0,0,0,4.5508,0,1,0,1,http://67.213.242.57/facebook/auth-portal.php?id=54155
29,21,1,2,0,0,0,0,3,0,0,0,0.0,0,0,1,0,0,0,0,0,3.9263,0,0,0,0,http://developer.mozilla.org/
42,14,21,1,0,0,0,0,6,0,0,6,0.1429,0,0,0,0,0,0,0,0,4.2252,0,0,0,0,http://aliexpress.com/news/2026/08/article
59,17,22,3,2,0,1,1,5,0,0,8,0.1356,0,0,0,2,0,0,1,1,4.6054,1,1,0,1,http://free-host-29.club//www.chase.com/update?token=889758
58,39,12,2,4,0,0,0,3,0,0,0,0.0,0,0,0,3,0,0,1,0,4.1097,1,1,0,1,http://secure-netflix-account-alert-center.icu/signin.html
60,41,12,2,4,0,0,0,3,0,0,2,0.0333,0,0,0,3,0,0,1,0,4.2546,1,0,0,1,http://secure-app13-suspended-notice-center.club/signin.html
67,17,30,3,2,0,1,1,5,0,0,8,0.1194,0,0,0,2,0,0,1,1,4.7476,1,1,0,1,http://free-host-70.buzz//www.bankofamerica.com/update?token=546041
25,11,6,1,0,0,0,0,3,0,0,0,0.0,0,0,0,0,1,0,0,0,3.7533,0,0,0,0,https://shopify.com/terms
66,44,6,3,2,0,1,1,3,0,0,7,0.1061,0,0,2,2,0,0,1,0,4.7074,1,1,1,1,http://bankofamerica.com.suspended-notice-610.click/login?ref=3620
68,14,33,4,1,0,1,1,4,0,0,20,0.2941,1,0,0,0,0,1,0,0,4.8405,0,1,0,1,http://103.68.172.146:3000/bankofamerica/session-unlock.php?id=42763
62,14,32,4,1,0,1,1,4,0,0,16,0.2581,1,0,0,1,0,0,0,0,4.6982,0,0,0,1,http://59.147.233.139/wellsfargo/suspended-notice.php?id=31811
38,11,20,1,0,0,0,0,4,0,0,0,0.0,0,0,0,0,0,0,0,0,4.0503,0,0,0,0,http://twitter.com/dashboard/analytics
29,17,4,2,0,0,0,0,3,0,0,0,0.0,0,0,1,0,1,0,0,0,4.1592,0,0,0,0,https://dev.instagram.com/faq
33,17,8,2,0,0,0,0,3,0,0,0,0.0,0,0,1,0,1,0,0,0,3.9226,0,0,0,0,https://mail.linkedin.com/contact
62,16,26,3,2,0,1,1,5,0,0,8,0.129,0,0,0,2,0,0,1,1,4.5504,1,1,0,1,http://free-host-77.top//www.microsoft.com/update?token=239631
35,13,14,1,0,0,0,0,5,0,0,1,0.0286,0,0,0,0,1,0,0,0,3.9329,0,0,0,0,https://wikipedia.org/api/v1/status
59,40,12,2,4,0,0,0,3,0,0,1,0.0169,0,0,0,2,0,0,1,0,4.1879,1,0,0,1,http://secure-binanc3-session-unlock-center.top/signin.html
31,17,6,2,0,0,0,0,3,0,0,0,0.0,0,0,1,1,1,0,0,0,4.0668,0,0,0,0,https://login.shopify.com/about
51,12,18,4,0,0,1,1,4,0,0,18,0.3529,1,0,0,1,0,1,0,0,4.5396,0,1,0,1,http://34.33.213.38:3000/amazon/verify.php?id=68667
25,9,8,2,0,0,0,0,3,0,0,0,0.0,0,0,0,0,1,0,0,0,3.5435,0,0,0,0,https://cam.ac.uk/contact
58,36,6,3,2,0,1,1,3,0,0,7,0.1207,0,0,2,2,0,0,1,0,4.5995,1,1,1,1,http://netflix.com.confirm-identity-494.xyz/login?ref=9051
35,6,22,1,2,0,0,0,3,0,0,1,0.0286,0,1,0,0,0,0,0,0,4.5147,0,1,0,1,http://bit.ly/NRLHBj1Q-amazon-alert
68,49,12,2,4,0,0,0,3,0,0,2,0.0294,0,0,0,4,0,0,1,0,4.3756,1,0,0,1,http://secure-bank0fam3rica-security-update-center.click/signin.html
61,15,26,3,2,0,1,1,5,0,0,8,0.1311,0,0,0,2,0,0,1,1,4.5491,1,1,0,1,http://free-host-68.tk//www.instagram.com/update?token=786288
55,12,27,4,1,0,1,1,4,0,0,14,0.2545,1,0,0,3,0,0,0,0,4.5765,0,1,0,1,http://88.47.57.129/paypal/security-update.php?id=62400
53,13,24,4,1,0,1,1,4,0,0,15,0.283,1,0,0,1,0,0,0,0,4.4831,0,1,0,1,http://62.162.95.220/apple/account-alert.php?id=47472
43,13,22,2,0,0,0,0,4,0,0,0,0.0,0,0,1,0,1,0,0,0,3.8592,0,0,0,0,https://dev.twitch.tv/resources/whitepapers
32,16,8,2,0,0,0,0,3,0,0,0,0.0,0,0,1,0,1,0,0,0,3.9414,0,0,0,0,https://blog.reuters.com/contact
51,21,22,2,0,0,0,0,5,0,0,0,0.0,0,0,1,0,1,0,0,0,4.1904,0,0,0,0,https://www.stackoverflow.com/user/profile/settings
49,27,6,3,1,0,1,1,3,0,0,7,0.1429,0,0,2,3,0,0,1,0,4.7059,1,1,1,1,http://paypal.com.verify-793.click/login?ref=8320
110,24,10,2,2,0,1,2,3,0,1,33,0.3,0,0,0,3,0,0,1,0,4.923,1,0,0,1,http://portal-binance-verify.tk/index.php?token=b30da6968180945fa1fa16171bf5a7956a507d9e5384b3b1&auth=required
62,40,6,3,2,0,1,1,3,0,0,7,0.1129,0,0,2,2,0,0,1,0,4.6294,0,1,1,1,http://bankofamerica.com.account-alert-479.live/login?ref=1475
114,28,10,2,2,0,1,2,3,0,1,31,0.2719,0,0,0,3,0,0,1,0,4.9707,0,1,0,1,http://portal-netflix-verify.online/index.php?token=8ace029a304d21d5f7a92b574ca6d9e29c3429fdb1170834&auth=required
41,11,22,2,0,0,0,0,5,0,0,0,0.0,0,0,1,0,1,0,0,0,3.9067,0,0,0,0,https://app.irs.gov/user/profile/settings
36,5,24,1,2,0,0,0,3,0,0,2,0.0556,0,1,0,0,0,0,0,0,4.4613,0,1,0,1,http://rb.gy/lhIq4v3u-facebook-alert
35,6,22,1,2,0,0,0,3,0,0,1,0.0286,0,1,0,1,0,0,0,0,4.0827,0,1,0,1,http://bit.ly/NELtKL3o-paypal-alert
41,12,21,1,1,0,0,0,4,0,0,6,0.1463,0,0,0,0,1,0,0,0,4.3546,0,0,0,0,https://stanford.edu/products/item-129481
26,17,1,2,0,0,0,0,3,0,0,0,0.0,0,0,1,0,1,0,0,0,3.9022,0,0,0,0,https://help.linkedin.com/
36,8,20,2,0,0,0,0,4,0,0,0,0.0,0,0,0,0,1,0,0,0,4.0378,0,0,0,0,https://ox.ac.uk/category/technology
25,9,8,2,0,0,0,0,3,0,0,0,0.0,0,0,0,0,1,0,0,0,3.8333,0,0,0,0,https://cam.ac.uk/privacy
64,42,6,3,2,0,1,1,3,0,0,7,0.1094,0,0,2,2,0,0,1,0,4.6171,0,0,1,1,http://wellsfargo.com.suspended-notice-312.online/login?ref=2743
58,36,6,3,2,0,1,1,3,0,0,7,0.1207,0,0,2,1,0,0,1,0,4.7539,1,1,1,1,http://microsoft.com.session-unlock-596.xyz/login?ref=7231
45,17,20,2,0,0,0,0,4,0,0,0,0.0,0,0,1,0,1,0,0,0,4.1359,0,0,0,0,https://api.wikipedia.org/category/technology
109,23,10,2,2,0,1,2,3,0,1,29,0.2661,0,0,0,3,0,0,1,0,5.0057,1,1,0,1,http://portal-google-verify.tk/index.php?token=b2615dbd565e5b37740a0c7ed88aa10126c796f3c0bdb10c&auth=required
39,11,21,2,1,0,0,0,4,0,0,6,0.1538,0,0,1,0,0,0,0,0,4.4136,0,0,0,0,http://dev.nih.gov/products/item-129481
38,9,21,1,0,0,0,0,6,0,0,6,0.1579,0,0,0,0,1,0,0,0,4.2211,0,0,0,0,https://vimeo.com/news/2026/08/article
23,9,6,1,0,0,0,0,3,0,0,0,0.0,0,0,0,0,1,0,0,0,3.5555,0,0,0,0,https://twitch.tv/about
60,17,23,3,2,0,1,1,5,0,0,8,0.1333,0,0,0,3,0,0,1,1,4.6362,0,1,0,1,http://free-host-19.info//www.paypal.com/update?token=759913
62,15,26,4,1,0,1,1,4,0,0,21,0.3387,1,0,0,1,0,1,0,0,4.5369,0,1,0,1,http://147.157.106.123:4444/instagram/auth-portal.php?id=53264
23,11,4,1,0,0,0,0,3,0,0,0,0.0,0,0,0,0,1,0,0,0,3.9362,0,0,0,0,https://youtube.com/faq
34,5,22,1,2,0,0,0,3,0,0,0,0.0,0,1,0,0,0,0,0,0,4.4104,0,1,0,1,http://rb.gy/XQrlZwuM-amazon-alert
33,17,8,1,0,0,0,0,3,0,0,0,0.0,0,0,0,0,1,0,0,0,3.9077,0,0,0,0,https://bankofamerica.com/contact
59,40,12,2,4,0,0,0,3,0,0,0,0.0,0,0,0,2,0,0,1,0,4.118,1,1,0,1,http://secure-netflix-session-unlock-center.icu/signin.html
46,14,24,1,1,0,0,0,5,0,0,1,0.0217,0,0,0,0,1,0,0,0,4.1271,0,0,0,0,https://salesforce.com/docs/v2/getting-started
61,42,12,2,4,0,0,0,3,0,0,1,0.0164,0,0,0,3,0,0,1,0,4.3471,1,0,0,1,http://secure-paypa1-confirm-identity-center.club/signin.html
40,11,22,1,2,0,0,0,3,0,0,2,0.05,0,1,0,0,0,0,0,0,4.4153,0,1,0,1,http://tinyurl.com/y33oGwKT-amazon-alert
55,33,6,3,2,0,1,1,3,0,0,7,0.1273,0,0,2,2,0,0,1,0,4.5997,1,1,1,1,http://microsoft.com.auth-portal-508.icu/login?ref=6674
61,26,6,2,3,1,0,0,3,0,0,0,0.0,0,0,0,1,0,0,1,0,4.3437,0,0,0,1,http://university-portal.edu@malicious-phish-domain.com/login
41,5,29,1,2,0,0,0,3,0,0,0,0.0,0,1,0,0,0,0,0,0,4.4059,0,1,0,1,http://rb.gy/liiUysdp-bankofamerica-alert
38,9,22,1,0,0,0,0,5,0,0,0,0.0,0,0,0,0,0,0,0,0,3.892,0,0,0,0,http://twitch.tv/user/profile/settings
60,38,6,3,2,0,1,1,3,0,0,7,0.1167,0,0,2,2,0,0,1,0,4.5526,0,1,1,1,http://instagram.com.billing-resolve-255.live/login?ref=3356
30,21,1,2,0,0,0,0,3,0,0,0,0.0,0,0,1,0,1,0,0,0,4.0062,0,0,0,0,https://developer.mozilla.org/
56,15,25,4,1,0,1,1,4,0,0,17,0.3036,1,0,0,2,0,0,0,0,4.4729,0,1,0,1,http://177.110.195.109/paypal/account-alert.php?id=46557
45,15,22,2,0,0,0,0,5,0,0,0,0.0,0,0,1,0,1,0,0,0,4.092,0,0,0,0,https://api.walmart.com/user/profile/settings
62,43,12,2,4,0,0,0,3,0,0,0,0.0,0,0,0,3,0,0,1,0,4.1488,1,1,0,1,http://secure-microsoft-account-alert-center.click/signin.html
55,24,24,2,1,0,0,0,5,0,0,1,0.0182,0,0,1,0,0,0,0,0,4.3062,0,0,0,0,http://portal.bankofamerica.com/docs/v2/getting-started
60,41,12,2,4,0,0,0,3,0,0,0,0.0,0,0,0,4,0,0,1,0,4.1519,1,1,0,1,http://secure-apple-security-update-center.click/signin.html
37,7,23,1,2,0,0,0,3,0,0,1,0.027,0,1,0,0,0,0,0,0,4.3347,0,0,0,1,http://cutt.ly/rKWWd7zY-binance-alert
111,25,10,2,2,0,1,2,3,0,1,27,0.2432,0,0,0,3,0,0,1,0,4.9187,1,1,0,1,http://portal-chase-verify.click/index.php?token=f1067ff2f06e002e52b82d4367e65927a2be5bcadfe7afd8&auth=required
60,16,24,3,2,0,1,1,5,0,0,8,0.1333,0,0,0,2,0,0,1,1,4.6635,1,0,0,1,http://free-host-79.icu//www.binance.com/update?token=376529
32,16,8,2,0,0,0,0,3,0,0,0,0.0,0,0,1,0,1,0,0,0,3.8164,0,0,0,0,https://help.reuters.com/contact
59,16,23,3,2,0,1,1,5,0,0,8,0.1356,0,0,0,3,0,0,1,1,4.5777,1,1,0,1,http://free-host-43.top//www.paypal.com/update?token=856518
47,17,22,1,0,0,0,0,5,0,0,0,0.0,0,0,0,0,1,0,0,0,4.1592,0,0,0,0,https://stackoverflow.com/user/profile/settings
35,6,22,1,2,0,0,0,3,0,0,1,0.0286,0,1,0,0,0,0,0,0,4.2074,0,1,0,1,http://bit.ly/sChohp0b-amazon-alert
39,10,21,1,1,0,0,0,4,0,0,6,0.1538,0,0,0,0,1,0,0,0,4.311,0,0,0,0,https://google.com/products/item-129481
27,14,5,2,0,0,0,0,3,0,0,0,0.0,0,0,1,1,1,0,0,0,3.764,0,0,0,0,https://login.pypi.org/help
29,21,0,2,0,0,0,0,2,0,0,0,0.0,0,0,1,0,1,0,0,0,4.1163,0,0,0,0,https://dev.stackoverflow.com
64,45,12,2,4,0,0,0,3,0,0,0,0.0,0,0,0,3,0,0,1,0,4.1484,0,1,0,1,http://secure-instagram-suspended-notice-center.live/signin.html
26,13,6,3,0,0,0,0,3,0,0,0,0.0,0,0,1,0,0,0,0,0,3.6322,0,0,0,0,http://app.cam.ac.uk/terms
23,15,0,2,0,0,0,0,2,0,0,0,0.0,0,0,1,0,1,0,0,0,3.882,0,0,0,0,https://portal.ebay.com
27,18,1,2,0,0,0,0,3,0,0,0,0.0,0,0,1,1,1,0,0,0,4.0323,0,0,0,0,https://login.stanford.edu/
110,24,10,2,2,0,1,2,3,0,1,28,0.2545,0,0,0,3,0,0,1,0,4.878,1,1,0,1,http://portal-netflix-verify.tk/index.php?token=c7328b21d2e46a1301b82a2bc1581eeaa4d61e33cb6f17eb&auth=required
40,13,20,2,0,0,0,0,4,0,0,0,0.0,0,0,1,0,0,0,0,0,3.9842,0,0,0,0,http://dev.apple.com/category/technology
57,15,22,3,2,0,1,1,5,0,0,8,0.1404,0,0,0,2,0,0,1,1,4.4556,1,1,0,1,http://free-host-73.tk//www.chase.com/update?token=673700
118,32,10,2,2,0,1,2,3,0,1,34,0.2881,0,0,0,3,0,0,1,0,4.9416,1,1,0,1,http://portal-bankofamerica-verify.club/index.php?token=428478c45fe5b8578147b616feb1d73c62b4a78a46c57819&auth=required
63,17,26,3,2,0,1,1,5,0,0,8,0.127,0,0,0,2,0,0,1,1,4.6344,0,1,0,1,http://free-host-56.live//www.microsoft.com/update?token=369586
47,18,21,2,0,0,0,0,6,0,0,6,0.1277,0,0,1,1,1,0,0,0,4.3679,0,0,0,0,https://login.stanford.edu/news/2026/08/article
112,26,10,2,2,0,1,2,3,0,1,29,0.2589,0,0,0,3,0,0,1,0,4.8742,1,1,0,1,http://portal-amazon-verify.click/index.php?token=14c52f5263f16c6feec62653755cce134c9e90e5fd4cd55f&auth=required
56,34,6,3,2,0,1,1,3,0,0,7,0.125,0,0,2,2,0,0,1,0,4.7469,1,1,1,1,http://apple.com.suspended-notice-994.xyz/login?ref=5383
25,12,5,2,0,0,0,0,3,0,0,0,0.0,0,0,1,0,1,0,0,0,3.7337,0,0,0,0,https://app.ebay.com/help
58,36,6,3,2,0,1,1,3,0,0,7,0.1207,0,0,2,2,0,0,1,0,4.6617,1,1,1,1,http://netflix.com.billing-resolve-962.work/login?ref=3988
28,19,1,2,0,0,0,0,3,0,0,0,0.0,0,0,1,0,1,0,0,0,3.8963,0,0,0,0,https://mail.aliexpress.com/
42,13,21,2,0,0,0,0,6,0,0,6,0.1429,0,0,1,0,1,0,0,0,4.3204,0,0,0,0,https://my.medium.com/news/2026/08/article
58,36,6,3,2,0,1,1,3,0,0,7,0.1207,0,0,2,2,0,0,1,0,4.6125,1,1,1,1,http://amazon.com.confirm-identity-486.loan/login?ref=3609
18,9,1,1,0,0,0,0,3,0,0,0,0.0,0,0,0,0,1,0,0,0,3.1497,0,0,0,0,https://twitch.tv/
57,35,6,3,2,0,1,1,3,0,0,7,0.1228,0,0,2,3,0,0,1,0,4.679,1,0,1,1,http://binance.com.security-update-388.icu/login?ref=2981
27,11,8,2,0,0,0,0,3,0,0,0,0.0,0,0,1,0,1,0,0,0,3.736,0,0,0,0,https://api.zoom.us/contact
56,34,6,3,2,0,1,1,3,0,0,7,0.125,0,0,2,3,0,0,1,0,4.6598,1,1,1,1,http://google.com.security-update-958.xyz/login?ref=5888
51,21,22,2,0,0,0,0,4,0,0,0,0.0,0,0,1,0,1,0,0,0,4.0579,0,0,0,0,https://app.stackoverflow.com/resources/whitepapers
41,9,24,1,1,0,0,0,5,0,0,1,0.0244,0,0,0,0,1,0,0,0,4.0859,0,0,0,0,https://adobe.com/docs/v2/getting-started
60,17,23,3,2,0,1,1,5,0,0,8,0.1333,0,0,0,3,0,0,1,1,4.7362,1,1,0,1,http://free-host-38.buzz//www.paypal.com/update?token=895643
115,29,10,2,2,0,1,2,3,0,1,29,0.2522,0,0,0,3,0,0,1,0,4.9874,0,0,0,1,http://portal-wellsfargo-verify.info/index.php?token=f493b4de85fb5555ec4091ec8af69670446cb087a9bab5f0&auth=required
24,8,8,1,0,0,0,0,3,0,0,0,0.0,0,0,0,0,1,0,0,0,3.6887,0,0,0,0,https://ebay.com/contact
25,13,5,1,0,0,0,0,3,0,0,0,0.0,0,0,0,0,0,0,0,0,3.7533,0,0,0,0,http://microsoft.com/help
36,6,23,1,2,0,0,0,3,0,0,2,0.0556,0,1,0,0,0,0,0,0,4.2709,0,0,0,1,http://bit.ly/q39mFHth-binance-alert
58,14,28,4,1,0,1,1,4,0,0,16,0.2759,1,0,0,1,0,0,0,0,4.7845,0,1,0,1,http://207.146.149.96/netflix/billing-resolve.php?id=35280
36,7,22,1,2,0,0,0,3,0,0,2,0.0556,0,1,0,0,0,0,0,0,4.1388,0,1,0,1,http://cutt.ly/Ha3HHr1e-amazon-alert
40,11,22,1,2,0,0,0,3,0,0,2,0.05,0,1,0,1,0,0,0,0,4.3153,0,1,0,1,http://tinyurl.com/I1ka1YDo-paypal-alert
114,28,10,2,2,0,1,2,3,0,1,28,0.2456,0,0,0,3,0,0,1,0,4.9882,1,1,0,1,http://portal-instagram-verify.loan/index.php?token=6d2ebc13957a4a2e5a59eb1e1879bfbdf4e0532bb856b534&auth=required
109,23,10,2,2,0,1,2,3,0,1,33,0.3028,0,0,0,3,0,0,1,0,4.8997,1,1,0,1,http://portal-chase-verify.xyz/index.php?token=0e9003b04d5e0ea6d2d6636399d64716ce8ea996e286076f&auth=required
38,10,20,1,0,0,0,0,4,0,0,0,0.0,0,0,0,0,1,0,0,0,3.8,0,0,0,0,https://google.com/category/technology
39,9,22,1,0,0,0,0,4,0,0,0,0.0,0,0,0,0,1,0,0,0,3.8746,0,0,0,0,https://yahoo.com/resources/whitepapers
62,18,24,3,2,0,1,1,5,0,0,8,0.129,0,0,0,2,0,0,1,1,4.7308,1,0,0,1,http://free-host-95.click//www.binance.com/update?token=932781
63,14,28,4,1,0,1,1,4,0,0,20,0.3175,1,0,0,1,0,1,0,0,4.5996,0,1,0,1,http://128.145.36.232:8888/amazon/suspended-notice.php?id=83744
115,29,10,2,2,0,1,2,3,0,1,28,0.2435,0,0,0,3,0,0,1,0,4.929,0,0,0,1,http://portal-wellsfargo-verify.live/index.php?token=f10b5f08ea74b65d6d6e50d8ffa61bd6431190ad8e7673ad&auth=required
40,10,22,2,0,0,0,0,5,0,0,0,0.0,0,0,1,0,1,0,0,0,4.0037,0,0,0,0,https://my.zoom.us/user/profile/settings
54,11,27,4,1,0,1,1,4,0,0,13,0.2407,1,0,0,0,0,0,0,0,4.6759,0,0,0,1,http://78.125.17.9/binance/session-unlock.php?id=86594
47,18,21,2,0,0,0,0,6,0,0,6,0.1277,0,0,1,1,1,0,0,0,4.3253,0,0,0,0,https://login.linkedin.com/news/2026/08/article
55,13,26,4,1,0,1,1,4,0,0,15,0.2727,1,0,0,1,0,0,0,0,4.6653,0,1,0,1,http://111.96.24.233/chase/billing-resolve.php?id=67011
34,12,14,1,0,0,0,0,5,0,0,1,0.0294,0,0,0,0,1,0,0,0,3.8529,0,0,0,0,https://stanford.edu/api/v1/status
36,6,23,1,2,0,0,0,3,0,0,0,0.0,0,1,0,0,0,0,0,0,4.2709,0,1,0,1,http://bit.ly/HBSEloqq-netflix-alert
37,7,23,1,2,0,0,0,3,0,0,1,0.027,0,1,0,0,0,0,0,0,4.2939,0,0,0,1,http://cutt.ly/L4McflvF-binance-alert
34,5,22,1,2,0,0,0,3,0,0,2,0.0588,0,1,0,1,0,0,0,0,4.0797,0,1,0,1,http://rb.gy/8mMepsn8-paypal-alert
53,12,7,2,0,0,1,2,3,0,1,1,0.0189,0,0,1,0,1,0,0,0,4.4565,0,0,0,0,https://my.vimeo.com/search?q=machine+learning&page=2
34,5,22,1,2,0,0,0,3,0,0,1,0.0294,0,1,0,0,0,0,0,0,4.3516,0,1,0,1,http://rb.gy/mrL7QTbY-amazon-alert
47,25,6,3,1,0,1,1,3,0,0,7,0.1489,0,0,2,2,0,0,1,0,4.8095,1,1,1,1,http://chase.com.verify-369.buzz/login?ref=9290
56,34,6,3,2,0,1,1,3,0,0,7,0.125,0,0,2,1,0,0,1,0,4.7112,1,1,1,1,http://amazon.com.session-unlock-968.club/login?ref=5987
44,16,20,2,0,0,0,0,4,0,0,0,0.0,0,0,1,0,1,0,0,0,4.1896,0,0,0,0,https://mail.netflix.com/dashboard/analytics
54,32,6,3,2,0,1,1,3,0,0,7,0.1296,0,0,2,2,0,0,1,0,4.6042,1,1,1,1,http://facebook.com.auth-portal-850.top/login?ref=3396
41,11,22,1,0,0,0,0,5,0,0,0,0.0,0,0,0,0,1,0,0,0,3.8753,0,0,0,0,https://twitter.com/user/profile/settings
114,28,10,2,2,0,1,2,3,0,1,27,0.2368,0,0,0,3,0,0,1,0,4.9587,0,1,0,1,http://portal-instagram-verify.live/index.php?token=a0e2b76fe41dc1ea31a82b5fe1710e7a6d353cbf2e58416d&auth=required
59,14,24,4,1,0,1,1,4,0,0,20,0.339,1,0,0,1,0,1,0,0,4.5566,0,1,0,1,http://151.227.40.103:4444/netflix/auth-portal.php?id=27785
47,11,29,1,2,0,0,0,3,0,0,0,0.0,0,1,0,0,0,0,0,0,4.5702,0,1,0,1,http://tinyurl.com/vDyILjyN-bankofamerica-alert
51,32,12,2,3,0,0,0,3,0,0,0,0.0,0,0,0,3,0,0,1,0,4.42,1,1,0,1,http://secure-amazon-verify-center.work/signin.html
49,21,20,2,0,0,0,0,4,0,0,0,0.0,0,0,1,0,1,0,0,0,4.2395,0,0,0,0,https://developer.mozilla.org/dashboard/analytics
59,40,12,2,4,0,0,0,3,0,0,0,0.0,0,0,0,4,0,0,1,0,4.264,1,1,0,1,http://secure-paypal-confirm-identity-center.tk/signin.html
62,43,12,2,4,0,0,0,3,0,0,1,0.0161,0,0,0,3,0,0,1,0,4.2542,1,0,0,1,http://secure-binanc3-confirm-identity-center.club/signin.html
49,17,24,2,1,0,0,0,5,0,0,1,0.0204,0,0,1,0,1,0,0,0,4.1804,0,0,0,0,https://portal.kaggle.com/docs/v2/getting-started
54,32,6,3,2,0,1,1,3,0,0,7,0.1296,0,0,2,2,0,0,1,0,4.648,1,1,1,1,http://amazon.com.account-alert-400.xyz/login?ref=7208
28,14,6,1,0,0,0,0,3,0,0,0,0.0,0,0,0,0,1,0,0,0,3.7979,0,0,0,0,https://aliexpress.com/terms
34,22,4,2,0,0,0,0,3,0,0,0,0.0,0,0,1,0,1,0,0,0,4.2195,0,0,0,0,https://blog.stackoverflow.com/faq
37,7,23,1,2,0,0,0,3,0,0,2,0.0541,0,1,0,0,0,0,0,0,4.263,0,1,0,1,http://cutt.ly/iyv5O1mu-netflix-alert
41,11,22,1,0,0,0,0,5,0,0,0,0.0,0,0,0,0,1,0,0,0,4.0923,0,0,0,0,https://dropbox.com/user/profile/settings
34,12,14,1,0,0,0,0,5,0,0,1,0.0294,0,0,0,0,1,0,0,0,3.9735,0,0,0,0,https://facebook.com/api/v1/status
43,7,29,1,2,0,0,0,3,0,0,2,0.0465,0,1,0,0,0,0,0,0,4.4501,0,1,0,1,http://cutt.ly/b7a4QMQH-bankofamerica-alert
113,27,10,2,2,0,1,2,3,0,1,35,0.3097,0,0,0,3,0,0,1,0,4.952,1,0,0,1,http://portal-wellsfargo-verify.tk/index.php?token=364623fc41f48301cc4447662222a3c4921d752eee5fa666&auth=required
61,17,24,3,2,0,1,1,5,0,0,8,0.1311,0,0,0,2,0,0,1,1,4.7094,0,0,0,1,http://free-host-74.live//www.binance.com/update?token=115180
53,31,6,3,2,0,1,1,3,0,0,7,0.1321,0,0,2,2,0,0,1,0,4.5605,1,1,1,1,http://google.com.auth-portal-146.club/login?ref=4065
114,28,10,2,2,0,1,2,3,0,1,28,0.2456,0,0,0,3,0,0,1,0,4.9503,0,1,0,1,http://portal-instagram-verify.info/index.php?token=6efa60d477efa14a21b75ec8c0d470c9e030dde635a077f2&auth=required
44,14,22,1,0,0,0,0,5,0,0,0,0.0,0,0,0,0,1,0,0,0,4.0987,0,0,0,0,https://cloudflare.com/user/profile/settings
59,12,31,4,1,0,1,1,4,0,0,14,0.2373,1,0,0,1,0,0,0,0,4.6533,0,1,0,1,http://23.97.106.97/microsoft/suspended-notice.php?id=19345
20,13,0,2,0,0,0,0,2,0,0,0,0.0,0,0,1,0,0,0,0,0,3.9219,0,0,0,0,http://dev.quora.com
42,12,22,2,0,0,0,0,4,0,0,0,0.0,0,0,1,0,1,0,0,0,3.8442,0,0,0,0,https://api.pypi.org/resources/whitepapers
62,19,23,3,2,0,1,1,5,0,0,8,0.129,0,0,0,3,0,0,1,1,4.5896,0,1,0,1,http://free-host-42.online//www.paypal.com/update?token=828112
51,13,17,4,0,0,1,1,4,0,0,19,0.3725,1,0,0,1,0,1,0,0,4.5544,0,1,0,1,http://81.198.146.63:8080/chase/verify.php?id=79353
20,12,0,2,0,0,0,0,2,0,0,0,0.0,0,0,1,0,1,0,0,0,3.7219,0,0,0,0,https://dev.nasa.gov
46,16,22,2,0,0,0,0,5,0,0,0,0.0,0,0,1,0,1,0,0,0,4.1328,0,0,0,0,https://dev.linkedin.com/user/profile/settings
39,9,22,1,0,0,0,0,5,0,0,0,0.0,0,0,0,0,1,0,0,0,3.9621,0,0,0,0,https://apple.com/user/profile/settings
56,14,26,4,1,0,1,1,4,0,0,16,0.2857,1,0,0,1,0,0,0,0,4.6908,0,1,0,1,http://189.99.235.154/chase/billing-resolve.php?id=94162
55,33,6,3,2,0,1,1,3,0,0,7,0.1273,0,0,2,2,0,0,1,0,4.5354,1,1,1,1,http://facebook.com.auth-portal-900.loan/login?ref=1049
33,17,8,1,0,0,0,0,3,0,0,0,0.0,0,0,0,0,1,0,0,0,3.9424,0,0,0,0,https://stackoverflow.com/contact
64,45,12,2,4,0,0,0,3,0,0,0,0.0,0,0,0,3,0,0,1,0,4.2749,1,0,0,1,http://secure-wellsfargo-confirm-identity-center.icu/signin.html
60,38,6,3,2,0,1,1,3,0,0,7,0.1167,0,0,2,2,0,0,1,0,4.6522,1,0,1,1,http://wellsfargo.com.billing-resolve-365.icu/login?ref=3743
55,33,6,3,2,0,1,1,3,0,0,7,0.1273,0,0,2,2,0,0,1,0,4.5354,1,1,1,1,http://instagram.com.auth-portal-353.top/login?ref=5492
23,9,6,1,0,0,0,0,3,0,0,0,0.0,0,0,0,0,1,0,0,0,3.6425,0,0,0,0,https://vimeo.com/terms
114,28,10,2,2,0,1,2,3,0,1,30,0.2632,0,0,0,3,0,0,1,0,4.9871,0,1,0,1,http://portal-microsoft-verify.live/index.php?token=5ddbb4816501fd5152d3a737d1175ff7e6be144089d2e6fc&auth=required
36,7,22,1,2,0,0,0,3,0,0,1,0.0278,0,1,0,1,0,0,0,0,4.0623,0,1,0,1,http://cutt.ly/xuGwJpi7-paypal-alert
27,14,5,2,0,0,0,0,3,0,0,0,0.0,0,0,1,0,1,0,0,0,3.8101,0,0,0,0,https://app.reddit.com/help
39,11,20,1,0,0,0,0,4,0,0,0,0.0,0,0,0,0,1,0,0,0,3.9223,0,0,0,0,https://twitter.com/category/technology
58,39,12,2,4,0,0,0,3,0,0,0,0.0,0,0,0,3,0,0,1,0,4.3095,0,1,0,1,http://secure-facebook-auth-portal-center.live/signin.html
24,8,8,1,0,0,0,0,3,0,0,0,0.0,0,0,0,0,1,0,0,0,3.7202,0,0,0,0,https://pypi.org/privacy
53,14,23,4,1,0,1,1,4,0,0,16,0.3019,1,0,0,2,0,0,0,0,4.4257,0,1,0,1,http://74.175.136.210/paypal/auth-portal.php?id=24359
61,42,12,2,4,0,0,0,3,0,0,1,0.0164,0,0,0,3,0,0,1,0,4.155,1,0,0,1,http://secure-binanc3-suspended-notice-center.top/signin.html
61,18,23,3,2,0,1,1,5,0,0,8,0.1311,0,0,0,3,0,0,1,1,4.6685,1,1,0,1,http://free-host-22.click//www.paypal.com/update?token=565080
54,32,6,3,2,0,1,1,3,0,0,7,0.1296,0,0,2,2,0,0,1,0,4.583,0,1,1,1,http://chase.com.auth-portal-602.online/login?ref=4203
63,16,27,3,2,0,1,1,5,0,0,8,0.127,0,0,0,2,0,0,1,1,4.7458,1,0,0,1,http://free-host-43.xyz//www.wellsfargo.com/update?token=673116
115,29,10,2,2,0,1,2,3,0,1,30,0.2609,0,0,0,3,0,0,1,0,5.0267,1,0,0,1,http://portal-wellsfargo-verify.club/index.php?token=5ff021d7192d57825d84ed786d3f2ec491f752fbaba3e110&auth=required
30,16,6,2,0,0,0,0,3,0,0,0,0.0,0,0,1,0,1,0,0,0,3.9647,0,0,0,0,https://help.dropbox.com/about
40,10,22,2,0,0,0,0,5,0,0,0,0.0,0,0,1,0,1,0,0,0,3.9251,0,0,0,0,https://www.un.org/user/profile/settings
23,14,1,2,0,0,0,0,3,0,0,0,0.0,0,0,1,1,1,0,0,0,3.4314,0,0,0,0,https://app.paypal.com/
109,23,10,2,2,0,1,2,3,0,1,30,0.2752,0,0,0,3,0,0,1,0,4.9505,1,1,0,1,http://portal-chase-verify.top/index.php?token=980970889523ddcb1bcb7babe45c2f78cd994970e46e27f2&auth=required
17,9,0,1,0,0,0,0,2,0,0,0,0.0,0,0,0,0,1,0,0,0,3.4992,0,0,0,0,https://chase.com
61,16,25,3,2,0,1,1,5,0,0,8,0.1311,0,0,0,2,0,0,1,1,4.7185,1,1,0,1,http://free-host-82.xyz//www.facebook.com/update?token=430439
117,31,10,2,2,0,1,2,3,0,1,36,0.3077,0,0,0,3,0,0,1,0,5.0611,1,1,0,1,http://portal-bankofamerica-verify.xyz/index.php?token=9232482568a96b1c60f44ce5a775651b7293dc0d475665d9&auth=required
54,32,6,3,2,0,1,1,3,0,0,7,0.1296,0,0,2,3,0,0,1,0,4.5581,1,1,1,1,http://paypal.com.account-alert-115.top/login?ref=2743
66,47,12,2,4,0,0,0,3,0,0,0,0.0,0,0,0,3,0,0,1,0,4.205,1,1,0,1,http://secure-bankofamerica-account-alert-center.click/signin.html
44,11,26,1,2,0,0,0,3,0,0,1,0.0227,0,1,0,0,0,0,0,0,4.5898,0,0,0,1,http://tinyurl.com/kTAgVUo8-wellsfargo-alert
45,13,24,2,1,0,0,0,5,0,0,1,0.0222,0,0,1,0,1,0,0,0,4.2502,0,0,0,0,https://help.ebay.com/docs/v2/getting-started
60,38,6,3,2,0,1,1,3,0,0,7,0.1167,0,0,2,2,0,0,1,0,4.7046,0,1,1,1,http://bankofamerica.com.auth-portal-614.live/login?ref=6295
25,16,1,2,0,0,0,0,3,0,0,0,0.0,0,0,1,0,1,0,0,0,3.5933,0,0,0,0,https://portal.twitch.tv/
55,13,26,4,1,0,1,1,4,0,0,15,0.2727,1,0,0,1,0,0,0,0,4.7202,0,1,0,1,http://59.76.186.244/netflix/account-alert.php?id=13723
27,11,8,2,0,0,0,0,3,0,0,0,0.0,0,0,1,0,1,0,0,0,3.4858,0,0,0,0,https://www.cnn.com/contact
40,11,21,1,0,0,0,0,6,0,0,6,0.15,0,0,0,0,1,0,0,0,4.3464,0,0,0,0,https://dropbox.com/news/2026/08/article
36,6,23,1,2,0,0,0,3,0,0,2,0.0556,0,1,0,0,0,0,0,0,4.2947,0,0,0,1,http://bit.ly/5W7UhRbH-binance-alert
58,14,28,4,1,0,1,1,4,0,0,16,0.2759,1,0,0,1,0,0,0,0,4.6335,0,1,0,1,http://74.134.242.100/amazon/confirm-identity.php?id=46910
40,11,21,2,0,0,0,0,6,0,0,6,0.15,0,0,1,0,1,0,0,0,4.2964,0,0,0,0,https://dev.nih.gov/news/2026/08/article
26,10,8,1,0,0,0,0,3,0,0,0,0.0,0,0,0,1,1,0,0,0,3.5843,0,0,0,0,https://paypal.com/contact
62,13,28,4,1,0,1,1,4,0,0,19,0.3065,1,0,0,0,0,1,0,0,4.7765,0,1,0,1,http://39.116.192.45:8888/facebook/session-unlock.php?id=30690
110,24,10,2,2,0,1,2,3,0,1,28,0.2545,0,0,0,3,0,0,1,0,4.9123,1,1,0,1,http://portal-apple-verify.club/index.php?token=98cf71ac862169daedd7f300e80ab8c40c7a16f07f1d57a2&auth=required
67,17,30,3,2,0,1,1,5,0,0,8,0.1194,0,0,0,2,0,0,1,1,4.7491,0,1,0,1,http://free-host-52.live//www.bankofamerica.com/update?token=297870
22,14,0,2,0,0,0,0,2,0,0,0,0.0,0,0,1,0,1,0,0,0,3.7544,0,0,0,0,https://app.github.com
113,27,10,2,2,0,1,2,3,0,1,28,0.2478,0,0,0,3,0,0,1,0,4.9711,1,1,0,1,http://portal-microsoft-verify.icu/index.php?token=310020a0cff8f7c022e486b7340b50a38dbb9aa1cc74fd0e&auth=required
55,25,22,3,0,0,0,0,5,0,0,0,0.0,0,0,2,0,1,0,0,0,4.1043,0,0,0,0,https://app.developer.mozilla.org/user/profile/settings
56,34,6,3,2,0,1,1,3,0,0,7,0.125,0,0,2,2,0,0,1,0,4.5396,1,1,1,1,http://google.com.confirm-identity-774.tk/login?ref=1588
62,16,26,3,2,0,1,1,5,0,0,8,0.129,0,0,0,2,0,0,1,1,4.7462,1,1,0,1,http://free-host-15.xyz//www.instagram.com/update?token=597945
41,12,21,1,1,0,0,0,4,0,0,6,0.1463,0,0,0,0,1,0,0,0,4.4123,0,0,0,0,https://facebook.com/products/item-129481
114,28,10,2,2,0,1,2,3,0,1,31,0.2719,0,0,0,3,0,0,1,0,5.0481,1,0,0,1,http://portal-wellsfargo-verify.icu/index.php?token=57ee208251030032a3c4ae6ca9f52b1238446cb5cfb54f9b&auth=required
56,15,7,3,0,0,1,2,3,0,1,1,0.0179,0,0,1,0,1,0,0,0,4.494,0,0,0,0,https://portal.ox.ac.uk/search?q=machine+learning&page=2
57,35,6,3,2,0,1,1,3,0,0,7,0.1228,0,0,2,2,0,0,1,0,4.6156,1,1,1,1,http://chase.com.suspended-notice-882.loan/login?ref=2917
20,8,4,1,0,0,0,0,3,0,0,0,0.0,0,0,0,0,1,0,0,0,3.6464,0,0,0,0,https://citi.com/faq
40,11,22,1,2,0,0,0,3,0,0,0,0.0,0,1,0,1,0,0,0,0,4.3964,0,1,0,1,http://tinyurl.com/VKiTbZWh-paypal-alert
62,18,24,3,2,0,1,1,5,0,0,8,0.129,0,0,0,2,0,0,1,1,4.6986,1,0,0,1,http://free-host-70.click//www.binance.com/update?token=135437
114,28,10,2,2,0,1,2,3,0,1,32,0.2807,0,0,0,3,0,0,1,0,5.0269,1,0,0,1,http://portal-wellsfargo-verify.icu/index.php?token=29596dbf27fe3e2ef25f771a432b1e306929952c308c6a1b&auth=required
62,17,25,3,2,0,1,1,5,0,0,8,0.129,0,0,0,2,0,0,1,1,4.6541,0,1,0,1,http://free-host-21.info//www.facebook.com/update?token=493157
61,14,31,4,1,0,1,1,4,0,0,16,0.2623,1,0,0,2,0,0,0,0,4.7133,0,0,0,1,http://179.108.94.175/wellsfargo/security-update.php?id=95541
39,11,20,2,0,0,0,0,4,0,0,0,0.0,0,0,1,0,1,0,0,0,3.9427,0,0,0,0,https://my.citi.com/category/technology
63,18,25,3,2,0,1,1,5,0,0,8,0.127,0,0,0,2,0,0,1,1,4.6208,1,1,0,1,http://free-host-26.click//www.facebook.com/update?token=562247
113,27,10,2,2,0,1,2,3,0,1,28,0.2478,0,0,0,3,0,0,1,0,4.9487,1,1,0,1,http://portal-microsoft-verify.top/index.php?token=61e32047065b1b186dd3f0a0cadd12d7e3b8a3f8e6c0bd55&auth=required
62,17,25,3,2,0,1,1,5,0,0,8,0.129,0,0,0,2,0,0,1,1,4.5775,1,1,0,1,http://free-host-86.loan//www.facebook.com/update?token=341114
112,26,10,2,2,0,1,2,3,0,1,25,0.2232,0,0,0,3,0,0,1,0,4.9392,1,1,0,1,http://portal-netflix-verify.buzz/index.php?token=2ba8e5cd15ee0a3c44bf56fcda0e7613803f0e70d1a3b2dd&auth=required
49,27,6,3,1,0,1,1,3,0,0,7,0.1429,0,0,2,2,0,0,1,0,4.5989,0,0,1,1,http://binance.com.verify-793.info/login?ref=9203
61,42,12,2,4,0,0,0,3,0,0,1,0.0164,0,0,0,2,0,0,1,0,4.1908,0,0,0,1,http://secure-amaz0n-session-unlock-center.online/signin.html
57,13,28,4,1,0,1,1,4,0,0,15,0.2632,1,0,0,1,0,0,0,0,4.6439,0,0,0,1,http://64.72.161.230/binance/billing-resolve.php?id=73667
41,5,29,1,2,0,0,0,3,0,0,1,0.0244,0,1,0,0,0,0,0,0,4.5706,0,1,0,1,http://rb.gy/9ZBQgYqf-bankofamerica-alert
27,19,0,2,0,0,0,0,2,0,0,0,0.0,0,0,1,0,1,0,0,0,4.0043,0,0,0,0,https://app.theguardian.com
110,24,10,2,2,0,1,2,3,0,1,32,0.2909,0,0,0,3,0,0,1,0,4.9982,1,1,0,1,http://portal-apple-verify.club/index.php?token=b57dc94e031378d29bf77b5d7f6a4686411d0355a206ec9f&auth=required
55,33,6,3,2,0,1,1,3,0,0,7,0.1273,0,0,2,1,0,0,1,0,4.6653,1,1,1,1,http://amazon.com.session-unlock-977.icu/login?ref=1609
61,39,6,3,2,0,1,1,3,0,0,7,0.1148,0,0,2,2,0,0,1,0,4.5799,0,1,1,1,http://instagram.com.confirm-identity-874.live/login?ref=5488
56,12,28,4,1,0,1,1,4,0,0,14,0.25,1,0,0,0,0,0,0,0,4.7669,0,1,0,1,http://140.74.39.65/facebook/session-unlock.php?id=70418
39,11,20,1,0,0,0,0,4,0,0,0,0.0,0,0,0,0,1,0,0,0,3.9898,0,0,0,0,https://harvard.edu/dashboard/analytics
43,11,25,1,2,0,0,0,3,0,0,1,0.0233,0,1,0,0,0,0,0,0,4.499,0,1,0,1,http://tinyurl.com/g4VMejUa-microsoft-alert
48,16,24,2,1,0,0,0,5,0,0,1,0.0208,0,0,1,0,1,0,0,0,4.1624,0,0,0,0,https://portal.adobe.com/docs/v2/getting-started
57,38,12,2,4,0,0,0,3,0,0,0,0.0,0,0,0,2,0,0,1,0,4.2383,1,1,0,1,http://secure-chase-session-unlock-center.xyz/signin.html
30,21,1,2,0,0,0,0,3,0,0,0,0.0,0,0,1,0,1,0,0,0,4.0151,0,0,0,0,https://api.bankofamerica.com/
113,27,10,2,2,0,1,2,3,0,1,30,0.2655,0,0,0,3,0,0,1,0,4.8834,0,1,0,1,http://portal-facebook-verify.info/index.php?token=dbf7f84fca77c5b182e2111f195c7e9714950c99ad54cd00&auth=required
59,37,6,3,2,0,1,1,3,0,0,7,0.1186,0,0,2,1,0,0,1,0,4.6938,1,0,1,1,http://wellsfargo.com.session-unlock-818.xyz/login?ref=1218
59,13,25,4,1,0,1,1,4,0,0,19,0.322,1,0,0,1,0,1,0,0,4.5644,0,1,0,1,http://123.45.33.182:4444/amazon/account-alert.php?id=94258
56,15,20,4,0,0,1,1,4,0,0,21,0.375,1,0,0,1,0,1,0,0,4.6041,0,1,0,1,http://135.113.195.189:3000/facebook/verify.php?id=56266
46,16,22,2,0,0,0,0,5,0,0,0,0.0,0,0,1,0,1,0,0,0,3.9759,0,0,0,0,https://mail.reuters.com/user/profile/settings
115,29,10,2,2,0,1,2,3,0,1,28,0.2435,0,0,0,3,0,0,1,0,4.9873,1,1,0,1,http://portal-microsoft-verify.click/index.php?token=84f6575d8508fa00ef2b8cf8e4bc91d09886b2dcc7d3b7b0&auth=required
60,41,12,2,4,0,0,0,3,0,0,2,0.0333,0,0,0,3,0,0,1,0,4.2563,1,0,0,1,http://secure-micr0s0ft-auth-portal-center.click/signin.html
60,38,6,3,2,0,1,1,3,0,0,7,0.1167,0,0,2,2,0,0,1,0,4.605,1,1,1,1,http://microsoft.com.confirm-identity-894.xyz/login?ref=4218
44,16,20,2,0,0,0,0,4,0,0,0,0.0,0,0,1,0,1,0,0,0,4.0987,0,0,0,0,https://mail.dropbox.com/dashboard/analytics
34,6,20,1,0,0,0,0,4,0,0,0,0.0,0,0,0,0,1,0,0,0,3.8888,0,0,0,0,https://un.org/category/technology
54,25,22,3,0,0,0,0,5,0,0,0,0.0,0,0,2,0,0,0,0,0,4.1069,0,0,0,0,http://app.developer.mozilla.org/user/profile/settings
63,41,6,3,2,0,1,1,3,0,0,7,0.1111,0,0,2,1,0,0,1,0,4.6813,1,1,1,1,http://bankofamerica.com.session-unlock-531.club/login?ref=4755
22,14,0,2,0,0,0,0,2,0,0,0,0.0,0,0,1,1,1,0,0,0,3.6978,0,0,0,0,https://login.pypi.org
45,13,24,1,1,0,0,0,5,0,0,1,0.0222,0,0,0,0,1,0,0,0,4.0525,0,0,0,0,https://instagram.com/docs/v2/getting-started
41,12,21,2,0,0,0,0,6,0,0,6,0.1463,0,0,1,0,1,0,0,0,4.2899,0,0,0,0,https://blog.bbc.com/news/2026/08/article
54,14,24,4,1,0,1,1,4,0,0,16,0.2963,1,0,0,1,0,0,0,0,4.521,0,1,0,1,http://192.226.109.99/chase/account-alert.php?id=78259
110,24,10,2,2,0,1,2,3,0,1,30,0.2727,0,0,0,3,0,0,1,0,5.0013,1,1,0,1,http://portal-amazon-verify.icu/index.php?token=2d447009ab3271f6cfa97512757f2cd9b7dbdba26e51335f&auth=required
35,5,23,1,2,0,0,0,3,0,0,1,0.0286,0,1,0,0,0,0,0,0,4.3433,0,0,0,1,http://rb.gy/bN5uWZtP-binance-alert
42,13,21,2,0,0,0,0,6,0,0,6,0.1429,0,0,1,0,1,0,0,0,4.3024,0,0,0,0,https://blog.nasa.gov/news/2026/08/article
56,37,12,2,4,0,0,0,3,0,0,1,0.0179,0,0,0,3,0,0,1,0,4.3114,1,0,0,1,http://secure-paypa1-auth-portal-center.work/signin.html
109,23,10,2,2,0,1,2,3,0,1,30,0.2752,0,0,0,3,0,0,1,0,4.9902,1,1,0,1,http://portal-google-verify.tk/index.php?token=d59f6a9a3ff8c90a711694644acebdda6e22436218e759c8&auth=required
114,28,10,2,2,0,1,2,3,0,1,32,0.2807,0,0,0,3,0,0,1,0,4.998,1,1,0,1,http://portal-microsoft-verify.work/index.php?token=83e4c956103b9569bcae9b0428b0e268bce6601358acb916&auth=required
41,11,23,1,2,0,0,0,3,0,0,2,0.0488,0,1,0,0,0,0,0,0,4.4218,0,0,0,1,http://tinyurl.com/Dt8Bnf5w-binance-alert
46,13,17,4,0,0,1,1,4,0,0,15,0.3261,1,0,0,1,0,0,0,0,4.4722,0,1,0,1,http://178.254.25.77/apple/verify.php?id=96683
34,18,8,2,0,0,0,0,3,0,0,0,0.0,0,0,1,0,1,0,0,0,4.1163,0,0,0,0,https://dev.aliexpress.com/privacy
48,16,24,2,1,0,0,0,5,0,0,1,0.0208,0,0,1,1,1,0,0,0,4.2198,0,0,0,0,https://login.github.com/docs/v2/getting-started
60,38,6,3,2,0,1,1,3,0,0,7,0.1167,0,0,2,2,0,0,1,0,4.6111,1,0,1,1,http://wellsfargo.com.account-alert-565.click/login?ref=9502
59,37,6,3,2,0,1,1,3,0,0,7,0.1186,0,0,2,4,0,0,1,0,4.7083,0,1,1,1,http://paypal.com.security-update-391.online/login?ref=7600
60,17,23,3,2,0,1,1,5,0,0,8,0.1333,0,0,0,2,0,0,1,1,4.622,1,1,0,1,http://free-host-36.loan//www.amazon.com/update?token=746425
16,8,0,1,0,0,0,0,2,0,0,0,0.0,0,0,0,0,1,0,0,0,3.3278,0,0,0,0,https://citi.com
63,44,12,2,4,0,0,0,3,0,0,0,0.0,0,0,0,3,0,0,1,0,4.166,1,1,0,1,http://secure-instagram-billing-resolve-center.loan/signin.html
61,16,25,3,2,0,1,1,5,0,0,8,0.1311,0,0,0,2,0,0,1,1,4.6077,1,1,0,1,http://free-host-41.icu//www.facebook.com/update?token=412298
40,12,20,2,0,0,0,0,4,0,0,0,0.0,0,0,1,0,1,0,0,0,4.0251,0,0,0,0,https://my.adobe.com/category/technology
63,44,12,2,4,0,0,0,3,0,0,0,0.0,0,0,0,4,0,0,1,0,4.1889,1,1,0,1,http://secure-instagram-security-update-center.club/signin.html
39,7,25,1,2,0,0,0,3,0,0,2,0.0513,0,1,0,0,0,0,0,0,4.3681,0,1,0,1,http://cutt.ly/5hEl0AkW-instagram-alert
43,13,22,2,0,0,0,0,4,0,0,0,0.0,0,0,1,1,1,0,0,0,4.0804,0,0,0,0,https://login.zoom.us/resources/whitepapers
48,16,24,2,1,0,0,0,5,0,0,1,0.0208,0,0,1,0,1,0,0,0,4.2198,0,0,0,0,https://blog.nytimes.com/docs/v2/getting-started
45,13,24,2,1,0,0,0,5,0,0,1,0.0222,0,0,1,0,1,0,0,0,4.1355,0,0,0,0,https://blog.citi.com/docs/v2/getting-started
55,33,6,3,2,0,1,1,3,0,0,7,0.1273,0,0,2,3,0,0,1,0,4.7291,1,1,1,1,http://google.com.security-update-689.tk/login?ref=3144
37,10,20,1,0,0,0,0,4,0,0,0,0.0,0,0,0,0,0,0,0,0,4.0414,0,0,0,0,http://target.com/dashboard/analytics
42,10,24,1,1,0,0,0,5,0,0,1,0.0238,0,0,0,0,1,0,0,0,4.1213,0,0,0,0,https://amazon.com/docs/v2/getting-started
46,14,24,1,1,0,0,0,5,0,0,1,0.0217,0,0,0,0,1,0,0,0,4.2326,0,0,0,0,https://wellsfargo.com/docs/v2/getting-started
35,7,20,1,0,0,0,0,4,0,0,0,0.0,0,0,0,0,1,0,0,0,4.036,0,0,0,0,https://nih.gov/dashboard/analytics
60,14,30,4,1,0,1,1,4,0,0,16,0.2667,1,0,0,1,0,0,0,0,4.6566,0,1,0,1,http://200.246.104.91/facebook/suspended-notice.php?id=78227
61,16,25,3,2,0,1,1,5,0,0,8,0.1311,0,0,0,2,0,0,1,1,4.5454,1,1,0,1,http://free-host-68.top//www.facebook.com/update?token=373082
25,17,0,2,0,0,0,0,2,0,0,0,0.0,0,0,1,0,1,0,0,0,3.9737,0,0,0,0,https://dev.wikipedia.org
65,46,12,2,4,0,0,0,3,0,0,0,0.0,0,0,0,2,0,0,1,0,4.397,1,1,0,1,http://secure-bankofamerica-session-unlock-center.xyz/signin.html
118,32,10,2,2,0,1,2,3,0,1,29,0.2458,0,0,0,3,0,0,1,0,4.9668,1,1,0,1,http://portal-bankofamerica-verify.club/index.php?token=b39ffe1c8f36a56c9a55086057b4b95fff73d2b85d0b01b9&auth=required
60,17,23,3,2,0,1,1,5,0,0,8,0.1333,0,0,0,3,0,0,1,1,4.5947,1,1,0,1,http://free-host-68.loan//www.paypal.com/update?token=563458
25,11,6,1,0,0,0,0,3,0,0,0,0.0,0,0,0,0,1,0,0,0,3.6733,0,0,0,0,https://harvard.edu/terms
44,14,22,2,0,0,0,0,5,0,0,0,0.0,0,0,1,1,1,0,0,0,4.1613,0,0,0,0,https://login.ebay.com/user/profile/settings
53,31,6,3,2,0,1,1,3,0,0,7,0.1321,0,0,2,2,0,0,1,0,4.5766,1,1,1,1,http://amazon.com.auth-portal-554.buzz/login?ref=6744
22,14,0,2,0,0,0,0,2,0,0,0,0.0,0,0,1,0,1,0,0,0,3.7888,0,0,0,0,https://blog.apple.com
62,14,27,4,1,0,1,1,4,0,0,20,0.3226,1,0,0,0,0,1,0,0,4.6511,0,1,0,1,http://203.206.130.69:3000/netflix/session-unlock.php?id=68789
56,15,7,2,0,0,1,2,3,0,1,1,0.0179,0,0,1,0,1,0,0,0,4.3581,0,0,0,0,https://api.reuters.com/search?q=machine+learning&page=2
113,27,10,2,2,0,1,2,3,0,1,26,0.2301,0,0,0,3,0,0,1,0,4.8337,1,0,0,1,http://portal-binance-verify.click/index.php?token=025ff71e9ec22afb20f5d80546e8e8cea6a59efaef9287d8&auth=required
114,28,10,2,2,0,1,2,3,0,1,30,0.2632,0,0,0,3,0,0,1,0,4.9659,1,0,0,1,http://portal-wellsfargo-verify.icu/index.php?token=b214bd174d6b224d3d22986da11efb686f2a23100add007a&auth=required
61,14,26,4,1,0,1,1,4,0,0,20,0.3279,1,0,0,1,0,1,0,0,4.6277,0,1,0,1,http://123.223.238.89:3000/netflix/account-alert.php?id=59973
60,41,12,2,4,0,0,0,3,0,0,1,0.0167,0,0,0,4,0,0,1,0,4.2937,1,0,0,1,http://secure-amaz0n-security-update-center.club/signin.html
41,13,20,2,0,0,0,0,4,0,0,0,0.0,0,0,1,0,1,0,0,0,4.0828,0,0,0,0,https://my.medium.com/category/technology
63,14,28,4,1,0,1,1,4,0,0,20,0.3175,1,0,0,1,0,1,0,0,4.7703,0,0,0,1,http://172.155.64.196:3000/binance/billing-resolve.php?id=62435
55,14,25,4,1,0,1,1,4,0,0,16,0.2909,1,0,0,1,0,0,0,0,4.6719,0,1,0,1,http://180.102.239.77/google/account-alert.php?id=64332
50,18,24,2,1,0,0,0,5,0,0,1,0.02,0,0,1,0,1,0,0,0,4.1689,0,0,0,0,https://app.salesforce.com/docs/v2/getting-started
22,13,1,2,0,0,0,0,3,0,0,0,0.0,0,0,1,1,1,0,0,0,3.6069,0,0,0,0,https://login.nih.gov/
23,11,4,1,0,0,0,0,3,0,0,0,0.0,0,0,0,0,1,0,0,0,3.8164,0,0,0,0,https://walmart.com/faq
56,34,6,3,2,0,1,1,3,0,0,7,0.125,0,0,2,2,0,0,1,0,4.6175,1,1,1,1,http://microsoft.com.auth-portal-218.work/login?ref=5286
58,39,12,2,4,0,0,0,3,0,0,0,0.0,0,0,0,3,0,0,1,0,4.3246,1,1,0,1,http://secure-microsoft-auth-portal-center.xyz/signin.html
56,15,25,4,1,0,1,1,4,0,0,17,0.3036,1,0,0,1,0,0,0,0,4.6445,0,1,0,1,http://181.146.178.207/amazon/account-alert.php?id=10358
65,46,12,2,4,0,0,0,3,0,0,0,0.0,0,0,0,3,0,0,1,0,4.2024,1,1,0,1,http://secure-instagram-confirm-identity-center.click/signin.html
53,31,6,3,2,0,1,1,3,0,0,7,0.1321,0,0,2,2,0,0,1,0,4.5982,1,1,1,1,http://google.com.auth-portal-908.club/login?ref=2670
37,8,21,1,0,0,0,0,6,0,0,6,0.1622,0,0,0,0,1,0,0,0,4.263,0,0,0,0,https://ebay.com/news/2026/08/article
55,14,25,4,1,0,1,1,4,0,0,16,0.2909,1,0,0,2,0,0,0,0,4.4656,0,1,0,1,http://144.174.239.13/paypal/account-alert.php?id=40193
59,17,22,3,2,0,1,1,5,0,0,8,0.1356,0,0,0,2,0,0,1,1,4.4743,1,1,0,1,http://free-host-56.work//www.chase.com/update?token=658368
113,27,10,2,2,0,1,2,3,0,1,37,0.3274,0,0,0,3,0,0,1,0,4.9633,1,1,0,1,http://portal-instagram-verify.icu/index.php?token=214970269246244b262162d6126a31d15d8d6ad95f0c19a8&auth=required
34,18,8,2,0,0,0,0,3,0,0,0,0.0,0,0,1,0,1,0,0,0,3.9764,0,0,0,0,https://app.wellsfargo.com/contact
44,11,26,1,2,0,0,0,3,0,0,2,0.0455,0,1,0,0,0,0,0,0,4.5443,0,0,0,1,http://tinyurl.com/3hmGoY1L-wellsfargo-alert
64,19,25,3,2,0,1,1,5,0,0,8,0.125,0,0,0,2,0,0,1,1,4.6053,0,1,0,1,http://free-host-43.online//www.facebook.com/update?token=864340
28,12,8,2,0,0,0,0,3,0,0,0,0.0,0,0,1,0,1,0,0,0,3.9677,0,0,0,0,https://mail.bbc.com/privacy
57,38,12,2,4,0,0,0,3,0,0,0,0.0,0,0,0,3,0,0,1,0,4.2687,1,1,0,1,http://secure-facebook-auth-portal-center.icu/signin.html
56,14,26,4,1,0,1,1,4,0,0,16,0.2857,1,0,0,1,0,0,0,0,4.5953,0,1,0,1,http://198.228.225.35/apple/billing-resolve.php?id=34799
56,13,27,4,1,0,1,1,4,0,0,15,0.2679,1,0,0,2,0,0,0,0,4.6667,0,1,0,1,http://97.148.211.80/paypal/billing-resolve.php?id=95852
50,31,12,2,3,0,0,0,3,0,0,1,0.02,0,0,0,3,0,0,1,0,4.3913,1,0,0,1,http://secure-amaz0n-verify-center.xyz/signin.html
35,6,22,1,2,0,0,0,3,0,0,3,0.0857,0,1,0,0,0,0,0,0,4.3217,0,1,0,1,http://bit.ly/J5VLo4N1-google-alert
52,23,21,2,0,0,0,0,6,0,0,6,0.1154,0,0,1,1,1,0,0,0,4.421,0,0,0,0,https://login.stackoverflow.com/news/2026/08/article
59,37,6,3,2,0,1,1,3,0,0,7,0.1186,0,0,2,2,0,0,1,0,4.5244,1,0,1,1,http://binance.com.confirm-identity-443.loan/login?ref=5573
37,21,8,2,0,0,0,0,3,0,0,0,0.0,0,0,1,0,1,0,0,0,4.1681,0,0,0,0,https://developer.mozilla.org/privacy
40,11,22,1,2,0,0,0,3,0,0,1,0.025,0,1,0,0,0,0,0,0,4.3562,0,1,0,1,http://tinyurl.com/Ltq2wZeZ-google-alert
49,27,6,3,1,0,1,1,3,0,0,7,0.1429,0,0,2,2,0,0,1,0,4.5835,0,1,1,1,http://netflix.com.verify-341.info/login?ref=5938
47,11,24,3,0,0,0,0,4,0,0,12,0.2553,1,0,0,1,0,1,0,0,4.2724,0,0,0,1,http://5.188.62.88:8888/wellsfargo/verification
63,17,26,3,2,0,1,1,5,0,0,8,0.127,0,0,0,2,0,0,1,1,4.5225,0,1,0,1,http://free-host-21.info//www.microsoft.com/update?token=919009
57,35,6,3,2,0,1,1,3,0,0,7,0.1228,0,0,2,3,0,0,1,0,4.6858,0,1,1,1,http://google.com.security-update-933.live/login?ref=9657
65,43,6,3,2,0,1,1,3,0,0,7,0.1077,0,0,2,2,0,0,1,0,4.6784,1,1,1,1,http://bankofamerica.com.suspended-notice-900.loan/login?ref=4081
29,15,6,2,0,0,0,0,3,0,0,0,0.0,0,0,1,0,1,0,0,0,3.8404,0,0,0,0,https://help.google.com/about
42,11,24,1,2,0,0,0,3,0,0,1,0.0238,0,1,0,0,0,0,0,0,4.4992,0,1,0,1,http://tinyurl.com/mjj6qEqi-facebook-alert
21,7,6,1,0,0,0,0,3,0,0,0,0.0,0,0,0,0,1,0,0,0,3.5945,0,0,0,0,https://who.int/terms
53,36,10,4,2,0,0,0,3,0,0,0,0.0,0,0,2,4,0,0,1,0,4.3433,1,1,1,1,http://paypal.com.verify-billing-center.xyz/login.php
15,7,0,1,0,0,0,0,2,0,0,0,0.0,0,0,0,0,1,0,0,0,3.4566,0,0,0,0,https://mit.edu
56,34,6,3,2,0,1,1,3,0,0,7,0.125,0,0,2,2,0,0,1,0,4.689,1,1,1,1,http://instagram.com.auth-portal-889.buzz/login?ref=5937
60,18,22,3,2,0,1,1,5,0,0,8,0.1333,0,0,0,2,0,0,1,1,4.6094,1,1,0,1,http://free-host-77.click//www.apple.com/update?token=309904
42,6,29,1,2,0,0,0,3,0,0,1,0.0238,0,1,0,0,0,0,0,0,4.3836,0,1,0,1,http://bit.ly/zuitRI0i-bankofamerica-alert
55,33,6,3,2,0,1,1,3,0,0,7,0.1273,0,0,2,1,0,0,1,0,4.6122,1,1,1,1,http://google.com.session-unlock-897.icu/login?ref=2146
36,8,20,1,0,0,0,0,4,0,0,0,0.0,0,0,0,0,1,0,0,0,3.9404,0,0,0,0,https://citi.com/dashboard/analytics
24,15,1,2,0,0,0,0,3,0,0,0,0.0,0,0,1,0,1,0,0,0,3.9387,0,0,0,0,https://api.netflix.com/
61,39,6,3,2,0,1,1,3,0,0,7,0.1148,0,0,2,3,0,0,1,0,4.8073,1,0,1,1,http://wellsfargo.com.security-update-223.buzz/login?ref=3550
50,28,6,3,1,0,1,1,3,0,0,7,0.14,0,0,2,2,0,0,1,0,4.6582,1,1,1,1,http://netflix.com.verify-741.click/login?ref=3027
37,6,24,1,2,0,0,0,3,0,0,2,0.0541,0,1,0,0,0,0,0,0,4.4863,0,1,0,1,http://bit.ly/umDF30FY-facebook-alert
59,17,22,3,2,0,1,1,5,0,0,8,0.1356,0,0,0,2,0,0,1,1,4.6199,0,1,0,1,http://free-host-17.live//www.chase.com/update?token=231353
67,17,30,3,2,0,1,1,5,0,0,8,0.1194,0,0,0,2,0,0,1,1,4.7065,1,1,0,1,http://free-host-93.club//www.bankofamerica.com/update?token=411329
39,7,25,1,2,0,0,0,3,0,0,2,0.0513,0,1,0,0,0,0,0,0,4.23,0,1,0,1,http://cutt.ly/p3uqt1AA-instagram-alert
43,16,20,2,0,0,0,0,4,0,0,0,0.0,0,0,1,0,0,0,0,0,4.0537,0,0,0,0,http://www.facebook.com/category/technology
57,38,12,2,4,0,0,0,3,0,0,0,0.0,0,0,0,3,0,0,1,0,4.2225,1,1,0,1,http://secure-netflix-auth-portal-center.club/signin.html
61,17,24,3,2,0,1,1,5,0,0,8,0.1311,0,0,0,2,0,0,1,1,4.6314,0,0,0,1,http://free-host-91.live//www.binance.com/update?token=991741
54,13,7,3,0,0,1,2,3,0,1,1,0.0185,0,0,1,0,1,0,0,0,4.3351,0,0,0,0,https://app.cam.ac.uk/search?q=machine+learning&page=2
40,9,24,1,1,0,0,0,5,0,0,1,0.025,0,0,0,0,0,0,0,0,3.9185,0,0,0,0,http://twitch.tv/docs/v2/getting-started
21,7,6,1,0,0,0,0,3,0,0,0,0.0,0,0,0,0,1,0,0,0,3.5226,0,0,0,0,https://zoom.us/about
19,7,4,1,0,0,0,0,3,0,0,0,0.0,0,0,0,0,1,0,0,0,3.6819,0,0,0,0,https://zoom.us/faq
58,36,6,3,2,0,1,1,3,0,0,7,0.1207,0,0,2,1,0,0,1,0,4.5769,0,1,1,1,http://amazon.com.session-unlock-339.online/login?ref=3617
61,17,24,3,2,0,1,1,5,0,0,8,0.1311,0,0,0,2,0,0,1,1,4.6702,0,1,0,1,http://free-host-23.live//www.netflix.com/update?token=646284
46,16,22,2,0,0,0,0,4,0,0,0,0.0,0,0,1,0,1,0,0,0,4.1642,0,0,0,0,https://dev.linkedin.com/resources/whitepapers
34,5,22,1,2,0,0,0,3,0,0,0,0.0,0,1,0,1,0,0,0,0,4.1529,0,1,0,1,http://rb.gy/ROnybkEf-paypal-alert
54,38,9,3,1,0,0,0,3,0,0,0,0.0,0,0,2,0,0,0,1,0,4.241,1,1,1,1,http://bankofamerica.com.session-expire.click/customer
28,14,6,2,0,0,0,0,3,0,0,0,0.0,0,0,1,1,1,0,0,0,3.8424,0,0,0,0,https://login.nasa.gov/about
30,14,8,2,0,0,0,0,3,0,0,0,0.0,0,0,1,1,1,0,0,0,3.5362,0,0,0,0,https://app.paypal.com/contact
19,11,0,1,0,0,0,0,2,0,0,0,0.0,0,0,0,0,1,0,0,0,3.6819,0,0,0,0,https://nytimes.com
38,9,21,1,1,0,0,0,4,0,0,6,0.1579,0,0,0,0,1,0,0,0,4.2608,0,0,0,0,https://vimeo.com/products/item-129481
63,44,12,2,4,0,0,0,3,0,0,2,0.0317,0,0,0,3,0,0,1,0,4.3518,1,0,0,1,http://secure-bank0fam3rica-auth-portal-center.loan/signin.html
37,5,25,1,2,0,0,0,3,0,0,0,0.0,0,1,0,0,0,0,0,0,4.3711,0,1,0,1,http://rb.gy/UGyXyoJJ-microsoft-alert
59,17,22,3,2,0,1,1,5,0,0,8,0.1356,0,0,0,2,0,0,1,1,4.6099,0,1,0,1,http://free-host-66.info//www.chase.com/update?token=179587
110,24,10,2,2,0,1,2,3,0,1,35,0.3182,0,0,0,4,0,0,1,0,4.9998,1,1,0,1,http://portal-paypal-verify.xyz/index.php?token=cd85372e0a14e0993640d699ffb088400f46c84461a7b413&auth=required
45,13,24,2,1,0,0,0,5,0,0,1,0.0222,0,0,1,0,1,0,0,0,4.1999,0,0,0,0,https://www.apple.com/docs/v2/getting-started
63,17,26,3,2,0,1,1,5,0,0,8,0.127,0,0,0,2,0,0,1,1,4.7354,1,1,0,1,http://free-host-17.buzz//www.microsoft.com/update?token=965748
51,29,6,3,1,0,1,1,3,0,0,7,0.1373,0,0,2,2,0,0,1,0,4.6276,0,1,1,1,http://instagram.com.verify-303.info/login?ref=6811
61,13,27,4,1,0,1,1,4,0,0,19,0.3115,1,0,0,0,0,1,0,0,4.5858,0,1,0,1,http://144.2.241.162:8080/netflix/session-unlock.php?id=64080
42,10,24,1,1,0,0,0,5,0,0,1,0.0238,0,0,0,0,1,0,0,0,3.993,0,0,0,0,https://reddit.com/docs/v2/getting-started
44,17,20,2,0,0,0,0,4,0,0,0,0.0,0,0,1,1,0,0,0,0,4.1635,0,0,0,0,http://login.twitter.com/dashboard/analytics
28,7,14,1,0,0,0,0,5,0,0,1,0.0357,0,0,0,0,0,0,0,0,3.621,0,0,0,0,http://who.int/api/v1/status
48,18,22,2,0,0,0,0,4,0,0,0,0.0,0,0,1,0,1,0,0,0,4.0719,0,0,0,0,https://www.cloudflare.com/resources/whitepapers
61,42,12,2,4,0,0,0,3,0,0,0,0.0,0,0,0,4,0,0,1,0,4.2861,1,1,0,1,http://secure-netflix-security-update-center.buzz/signin.html
63,14,28,4,1,0,1,1,4,0,0,20,0.3175,1,0,0,2,0,1,0,0,4.6475,0,0,0,1,http://69.154.112.191:3000/binance/security-update.php?id=64717
59,16,23,3,2,0,1,1,5,0,0,8,0.1356,0,0,0,2,0,0,1,1,4.6971,1,1,0,1,http://free-host-95.xyz//www.google.com/update?token=251124
29,17,4,2,0,0,0,0,3,0,0,0,0.0,0,0,1,1,1,0,0,0,4.1852,0,0,0,0,https://login.harvard.edu/faq
59,17,22,3,2,0,1,1,5,0,0,8,0.1356,0,0,0,2,0,0,1,1,4.5549,1,1,0,1,http://free-host-96.work//www.chase.com/update?token=282749
35,6,22,1,2,0,0,0,3,0,0,0,0.0,0,1,0,0,0,0,0,0,4.3217,0,1,0,1,http://bit.ly/ZIeIUMIf-amazon-alert
37,7,23,1,2,0,0,0,3,0,0,1,0.027,0,1,0,0,0,0,0,0,4.3347,0,0,0,1,http://cutt.ly/ky7jYAvk-binance-alert
47,18,21,2,1,0,0,0,4,0,0,6,0.1277,0,0,1,0,1,0,0,0,4.4426,0,0,0,0,https://www.aliexpress.com/products/item-129481
67,48,12,2,4,0,0,0,3,0,0,0,0.0,0,0,0,4,0,0,1,0,4.379,1,1,0,1,http://secure-bankofamerica-security-update-center.work/signin.html
56,34,6,3,2,0,1,1,3,0,0,7,0.125,0,0,2,2,0,0,1,0,4.7891,1,1,1,1,http://chase.com.billing-resolve-805.work/login?ref=4736
111,25,10,2,2,0,1,2,3,0,1,35,0.3153,0,0,0,3,0,0,1,0,4.9524,1,1,0,1,http://portal-amazon-verify.club/index.php?token=410cd49991962846926909592526dd828d2df4ef2135dcfe&auth=required
33,11,14,2,0,0,0,0,5,0,0,1,0.0303,0,0,1,0,1,0,0,0,3.8331,0,0,0,0,https://dev.who.int/api/v1/status
59,14,29,4,1,0,1,1,4,0,0,16,0.2712,1,0,0,1,0,0,0,0,4.7533,0,0,0,1,http://52.109.121.142/wellsfargo/account-alert.php?id=78130
46,17,21,2,1,0,0,0,4,0,0,6,0.1304,0,0,1,0,1,0,0,0,4.4016,0,0,0,0,https://api.wikipedia.org/products/item-129481
44,13,24,2,1,0,0,0,5,0,0,1,0.0227,0,0,1,0,0,0,0,0,4.2318,0,0,0,0,http://my.github.com/docs/v2/getting-started
61,42,12,2,4,0,0,0,3,0,0,0,0.0,0,0,0,3,0,0,1,0,4.1025,0,1,0,1,http://secure-google-suspended-notice-center.live/signin.html
111,25,10,2,2,0,1,2,3,0,1,34,0.3063,0,0,0,3,0,0,1,0,4.9906,1,1,0,1,http://portal-netflix-verify.xyz/index.php?token=b95dc99d5d94052b54a3d1d54879006d913ac52710bb8000&auth=required
54,32,6,3,2,0,1,1,3,0,0,7,0.1296,0,0,2,2,0,0,1,0,4.5811,1,1,1,1,http://microsoft.com.auth-portal-474.tk/login?ref=5059
64,45,12,2,4,0,0,0,3,0,0,4,0.0625,0,0,0,3,0,0,1,0,4.3634,1,0,0,1,http://secure-w311sfarg0-suspended-notice-center.icu/signin.html
63,19,24,3,2,0,1,1,5,0,0,8,0.127,0,0,0,2,0,0,1,1,4.6298,0,1,0,1,http://free-host-66.online//www.netflix.com/update?token=403629
34,5,22,1,2,0,0,0,3,0,0,4,0.1176,0,1,0,1,0,0,0,0,4.2339,0,1,0,1,http://rb.gy/GZ4Yh102-paypal-alert
43,13,22,2,0,0,0,0,5,0,0,0,0.0,0,0,1,0,1,0,0,0,4.0429,0,0,0,0,https://mail.nasa.gov/user/profile/settings
56,34,6,3,2,0,1,1,3,0,0,7,0.125,0,0,2,2,0,0,1,0,4.6977,1,1,1,1,http://amazon.com.billing-resolve-607.top/login?ref=2631
28,12,8,2,0,0,0,0,3,0,0,0,0.0,0,0,1,0,1,0,0,0,3.709,0,0,0,0,https://help.bbc.com/contact
61,42,12,2,4,0,0,0,3,0,0,4,0.0656,0,0,0,3,0,0,1,0,4.3079,1,0,0,1,http://secure-g00g13-billing-resolve-center.click/signin.html
50,28,6,3,1,0,1,1,3,0,0,7,0.14,0,0,2,2,0,0,1,0,4.6962,1,1,1,1,http://facebook.com.verify-798.work/login?ref=1739
43,11,25,1,2,0,0,0,3,0,0,3,0.0698,0,1,0,0,0,0,0,0,4.499,0,1,0,1,http://tinyurl.com/X022PpvC-microsoft-alert
41,5,29,1,2,0,0,0,3,0,0,1,0.0244,0,1,0,0,0,0,0,0,4.6194,0,1,0,1,http://rb.gy/YRNBxYF1-bankofamerica-alert
111,25,10,2,2,0,1,2,3,0,1,31,0.2793,0,0,0,3,0,0,1,0,4.9681,1,1,0,1,http://portal-google-verify.club/index.php?token=e15296676ff07f8068aa1a77c76867eac3d9a22007bffd41&auth=required
57,16,7,2,0,0,1,2,3,0,1,1,0.0175,0,0,1,0,1,0,0,0,4.3239,0,0,0,0,https://portal.apple.com/search?q=machine+learning&page=2
60,41,12,2,4,0,0,0,3,0,0,0,0.0,0,0,0,2,0,0,1,0,4.1335,1,1,0,1,http://secure-instagram-session-unlock-center.tk/signin.html
47,19,20,2,0,0,0,0,4,0,0,0,0.0,0,0,1,0,1,0,0,0,4.2277,0,0,0,0,https://blog.wellsfargo.com/dashboard/analytics
61,42,12,2,4,0,0,0,3,0,0,0,0.0,0,0,0,3,0,0,1,0,4.2185,1,1,0,1,http://secure-netflix-confirm-identity-center.xyz/signin.html
33,17,8,2,0,0,0,0,3,0,0,0,0.0,0,0,1,0,1,0,0,0,4.0289,0,0,0,0,https://www.wikipedia.org/privacy
47,15,24,2,1,0,0,0,5,0,0,1,0.0213,0,0,1,0,1,0,0,0,4.0571,0,0,0,0,https://dev.reuters.com/docs/v2/getting-started
63,15,32,4,1,0,1,1,4,0,0,17,0.2698,1,0,0,1,0,0,0,0,4.7428,0,0,0,1,http://152.197.244.188/wellsfargo/suspended-notice.php?id=49232
46,14,24,2,1,0,0,0,5,0,0,1,0.0217,0,0,1,0,1,0,0,0,4.0365,0,0,0,0,https://help.twitch.tv/docs/v2/getting-started
54,13,25,4,0,0,1,1,4,0,0,15,0.2778,1,0,0,1,0,0,0,0,4.671,0,1,0,1,http://85.121.180.57/bankofamerica/verify.php?id=70740
61,18,23,3,2,0,1,1,5,0,0,8,0.1311,0,0,0,2,0,0,1,1,4.7061,1,1,0,1,http://free-host-73.click//www.google.com/update?token=252091
58,14,28,4,1,0,1,1,4,0,0,16,0.2759,1,0,0,1,0,0,0,0,4.7324,0,0,0,1,http://75.174.209.116/binance/billing-resolve.php?id=95895
50,22,20,2,0,0,0,0,4,0,0,0,0.0,0,0,1,0,1,0,0,0,4.1835,0,0,0,0,https://blog.bankofamerica.com/category/technology
39,7,25,1,2,0,0,0,3,0,0,0,0.0,0,1,0,0,0,0,0,0,4.3006,0,1,0,1,http://cutt.ly/hxJBYvmt-microsoft-alert
25,9,8,1,0,0,0,0,3,0,0,0,0.0,0,0,0,0,1,0,0,0,3.5933,0,0,0,0,https://apple.com/contact
62,43,12,2,4,0,0,0,3,0,0,2,0.0323,0,0,0,3,0,0,1,0,4.219,0,0,0,1,http://secure-n3tf1ix-confirm-identity-center.info/signin.html
21,12,1,2,0,0,0,0,3,0,0,0,0.0,0,0,1,0,1,0,0,0,3.5226,0,0,0,0,https://help.who.int/
29,15,6,2,0,0,0,0,3,0,0,0,0.0,0,0,1,1,1,0,0,0,4.0213,0,0,0,0,https://login.chase.com/about
65,46,12,2,4,0,0,0,3,0,0,4,0.0615,0,0,0,3,0,0,1,0,4.4469,0,0,0,1,http://secure-w311sfarg0-confirm-identity-center.live/signin.html
27,14,6,2,0,0,0,0,3,0,0,0,0.0,0,0,1,0,0,0,0,0,3.7542,0,0,0,0,http://help.yahoo.com/terms
43,14,21,2,1,0,0,0,4,0,0,6,0.1395,0,0,1,0,1,0,0,0,4.284,0,0,0,0,https://www.reddit.com/products/item-129481
25,11,6,1,0,0,0,0,3,0,0,0,0.0,0,0,0,0,1,0,0,0,3.7035,0,0,0,0,https://walmart.com/terms
21,12,1,2,0,0,0,0,3,0,0,0,0.0,0,0,1,0,1,0,0,0,3.6897,0,0,0,0,https://dev.nasa.gov/
61,42,12,2,4,0,0,0,3,0,0,0,0.0,0,0,0,3,0,0,1,0,4.2065,0,1,0,1,http://secure-amazon-suspended-notice-center.info/signin.html
26,12,6,2,0,0,0,0,3,0,0,0,0.0,0,0,1,0,1,0,0,0,3.8253,0,0,0,0,https://help.mit.edu/about
62,43,12,2,4,0,0,0,3,0,0,0,0.0,0,0,0,3,0,0,1,0,4.2696,1,1,0,1,http://secure-netflix-confirm-identity-center.buzz/signin.html
115,29,10,2,2,0,1,2,3,0,1,29,0.2522,0,0,0,3,0,0,1,0,5.0257,1,1,0,1,http://portal-instagram-verify.click/index.php?token=a7a29192983e4036ffdf19a7dbf6b423bf683bc2d70f687a&auth=required
54,12,26,4,1,0,1,1,4,0,0,14,0.2593,1,0,0,1,0,0,0,0,4.5702,0,1,0,1,http://11.21.166.57/paypal/session-unlock.php?id=78133
28,14,6,2,0,0,0,0,3,0,0,0,0.0,0,0,1,0,1,0,0,0,3.8693,0,0,0,0,https://my.twitter.com/about
51,11,7,1,0,0,1,2,3,0,1,1,0.0196,0,0,0,0,0,0,0,0,4.3756,0,0,0,0,http://nytimes.com/search?q=machine+learning&page=2
57,13,28,4,1,0,1,1,4,0,0,15,0.2632,1,0,0,1,0,0,0,0,4.7123,0,1,0,1,http://15.18.242.103/instagram/account-alert.php?id=44706
38,5,26,1,2,0,0,0,3,0,0,0,0.0,0,1,0,0,0,0,0,0,4.3591,0,0,0,1,http://rb.gy/FVanTfBp-wellsfargo-alert
59,40,12,2,4,0,0,0,3,0,0,2,0.0339,0,0,0,3,0,0,1,0,4.2809,1,0,0,1,http://secure-app13-confirm-identity-center.icu/signin.html
62,18,24,3,2,0,1,1,5,0,0,8,0.129,0,0,0,2,0,0,1,1,4.7324,1,1,0,1,http://free-host-82.click//www.netflix.com/update?token=436529
58,15,23,3,2,0,1,1,5,0,0,8,0.1379,0,0,0,2,0,0,1,1,4.6272,1,1,0,1,http://free-host-79.tk//www.amazon.com/update?token=468059
62,43,12,2,4,0,0,0,3,0,0,0,0.0,0,0,0,2,0,0,1,0,4.0712,0,1,0,1,http://secure-netflix-session-unlock-center.online/signin.html
55,14,25,4,1,0,1,1,4,0,0,16,0.2909,1,0,0,0,0,0,0,0,4.5628,0,1,0,1,http://176.163.38.236/chase/session-unlock.php?id=79132
52,30,6,3,2,0,1,1,3,0,0,7,0.1346,0,0,2,2,0,0,1,0,4.5969,1,1,1,1,http://chase.com.account-alert-140.tk/login?ref=3166
41,11,22,1,0,0,0,0,5,0,0,0,0.0,0,0,0,0,1,0,0,0,4.0012,0,0,0,0,https://harvard.edu/user/profile/settings
22,10,4,1,0,0,0,0,3,0,0,0,0.0,0,0,0,0,1,0,0,0,3.7888,0,0,0,0,https://target.com/faq
62,21,7,2,0,0,1,2,3,0,1,1,0.0161,0,0,1,0,1,0,0,0,4.4615,0,0,0,0,https://developer.mozilla.org/search?q=machine+learning&page=2
112,26,10,2,2,0,1,2,3,0,1,27,0.2411,0,0,0,3,0,0,1,0,4.9035,1,0,0,1,http://portal-binance-verify.club/index.php?token=4363efd9b59d95dba1f9f66c7a03930941daf8fb590cb7cd&auth=required
61,17,24,3,2,0,1,1,5,0,0,8,0.1311,0,0,0,2,0,0,1,1,4.5562,1,0,0,1,http://free-host-82.work//www.binance.com/update?token=118781
16,7,1,1,0,0,0,0,3,0,0,0,0.0,0,0,0,0,1,0,0,0,3.4056,0,0,0,0,https://mit.edu/
57,35,6,3,2,0,1,1,3,0,0,7,0.1228,0,0,2,3,0,0,1,0,4.7123,1,1,1,1,http://facebook.com.security-update-515.tk/login?ref=1646
36,14,14,1,0,0,0,0,5,0,0,1,0.0278,0,0,0,0,1,0,0,0,3.9484,0,0,0,0,https://salesforce.com/api/v1/status
40,11,22,1,2,0,0,0,3,0,0,2,0.05,0,1,0,0,0,0,0,0,4.3964,0,1,0,1,http://tinyurl.com/GnxJr43z-amazon-alert
58,17,7,2,0,0,1,2,3,0,1,1,0.0172,0,0,1,0,1,0,0,0,4.3915,0,0,0,0,https://www.instagram.com/search?q=machine+learning&page=2
29,15,6,1,0,0,0,0,3,0,0,0,0.0,0,0,0,0,1,0,0,0,4.0044,0,0,0,0,https://theguardian.com/terms
42,11,24,1,2,0,0,0,3,0,0,1,0.0238,0,1,0,0,0,0,0,0,4.5468,0,1,0,1,http://tinyurl.com/ks2AfgiY-facebook-alert
39,11,21,1,2,0,0,0,3,0,0,1,0.0256,0,1,0,0,0,0,0,0,4.4581,0,1,0,1,http://tinyurl.com/XEIZm6zx-apple-alert
43,14,21,1,0,0,0,0,6,0,0,6,0.1395,0,0,0,0,1,0,0,0,4.3442,0,0,0,0,https://cloudflare.com/news/2026/08/article
46,17,21,2,0,0,0,0,6,0,0,6,0.1304,0,0,1,0,1,0,0,0,4.2947,0,0,0,0,https://mail.linkedin.com/news/2026/08/article
35,6,22,1,2,0,0,0,3,0,0,0,0.0,0,1,0,1,0,0,0,0,4.1287,0,1,0,1,http://bit.ly/JMsXegjr-paypal-alert
62,16,26,3,2,0,1,1,5,0,0,8,0.129,0,0,0,2,0,0,1,1,4.6271,1,1,0,1,http://free-host-50.top//www.instagram.com/update?token=868597
39,6,26,1,2,0,0,0,3,0,0,2,0.0513,0,1,0,0,0,0,0,0,4.4043,0,0,0,1,http://bit.ly/3vqT9Ulw-wellsfargo-alert
61,13,27,4,1,0,1,1,4,0,0,19,0.3115,1,0,0,1,0,1,0,0,4.6106,0,1,0,1,http://210.24.93.152:8888/chase/suspended-notice.php?id=67005
59,16,23,3,2,0,1,1,5,0,0,8,0.1356,0,0,0,3,0,0,1,1,4.6455,1,1,0,1,http://free-host-60.icu//www.paypal.com/update?token=835060
111,25,10,2,2,0,1,2,3,0,1,29,0.2613,0,0,0,3,0,0,1,0,4.8991,1,0,0,1,http://portal-binance-verify.icu/index.php?token=d4ab7aca7d11cf38d7a50a5a540e363b62669378ba64c7a4&auth=required
57,35,6,3,2,0,1,1,3,0,0,7,0.1228,0,0,2,1,0,0,1,0,4.5874,0,1,1,1,http://apple.com.session-unlock-857.online/login?ref=9764
41,11,23,1,2,0,0,0,3,0,0,1,0.0244,0,1,0,0,0,0,0,0,4.4826,0,1,0,1,http://tinyurl.com/rDL9PRoT-netflix-alert
29,14,8,1,0,0,0,0,3,0,0,0,0.0,0,0,0,0,0,0,0,0,4.2113,0,0,0,0,http://wellsfargo.com/privacy
64,45,12,2,4,0,0,0,3,0,0,0,0.0,0,0,0,3,0,0,1,0,4.1844,1,1,0,1,http://secure-instagram-confirm-identity-center.loan/signin.html
53,31,6,3,2,0,1,1,3,0,0,7,0.1321,0,0,2,1,0,0,1,0,4.6706,1,1,1,1,http://apple.com.session-unlock-807.tk/login?ref=2968
58,36,6,3,2,0,1,1,3,0,0,7,0.1207,0,0,2,2,0,0,1,0,4.737,1,1,1,1,http://amazon.com.suspended-notice-600.buzz/login?ref=3855
67,17,30,3,2,0,1,1,5,0,0,8,0.1194,0,0,0,2,0,0,1,1,4.677,1,1,0,1,http://free-host-50.loan//www.bankofamerica.com/update?token=653495
27,13,6,2,0,0,0,0,3,0,0,0,0.0,0,0,1,0,1,0,0,0,3.8842,0,0,0,0,https://dev.chase.com/about
52,33,12,2,3,0,0,0,3,0,0,0,0.0,0,0,0,3,0,0,1,0,4.4689,1,1,0,1,http://secure-facebook-verify-center.xyz/signin.html
26,13,5,2,0,0,0,0,3,0,0,0,0.0,0,0,1,0,1,0,0,0,3.7962,0,0,0,0,https://www.vimeo.com/help
35,7,21,1,2,0,0,0,3,0,0,2,0.0571,0,1,0,0,0,0,0,0,4.2617,0,1,0,1,http://cutt.ly/2MOvwk2m-chase-alert
47,25,6,3,1,0,1,1,3,0,0,7,0.1489,0,0,2,2,0,0,1,0,4.5911,0,1,1,1,http://apple.com.verify-644.info/login?ref=9195
31,9,14,1,0,0,0,0,5,0,0,1,0.0323,0,0,0,0,1,0,0,0,3.8858,0,0,0,0,https://adobe.com/api/v1/status
67,17,30,3,2,0,1,1,5,0,0,8,0.1194,0,0,0,2,0,0,1,1,4.6472,1,1,0,1,http://free-host-89.loan//www.bankofamerica.com/update?token=127818
59,40,12,2,4,0,0,0,3,0,0,0,0.0,0,0,0,4,0,0,1,0,4.2352,1,1,0,1,http://secure-amazon-security-update-center.top/signin.html
48,26,6,3,1,0,1,1,3,0,0,7,0.1458,0,0,2,3,0,0,1,0,4.7878,1,1,1,1,http://paypal.com.verify-785.buzz/login?ref=7145
62,17,25,3,2,0,1,1,5,0,0,8,0.129,0,0,0,2,0,0,1,1,4.697,1,1,0,1,http://free-host-17.buzz//www.facebook.com/update?token=908934
61,14,31,4,1,0,1,1,4,0,0,16,0.2623,1,0,0,1,0,0,0,0,4.617,0,1,0,1,http://212.49.187.140/instagram/suspended-notice.php?id=47115
59,40,12,2,4,0,0,0,3,0,0,1,0.0169,0,0,0,3,0,0,1,0,4.2397,1,0,0,1,http://secure-amaz0n-suspended-notice-center.tk/signin.html
57,35,6,3,2,0,1,1,3,0,0,7,0.1228,0,0,2,1,0,0,1,0,4.5609,0,1,1,1,http://netflix.com.session-unlock-868.info/login?ref=9930
46,17,21,2,0,0,0,0,6,0,0,6,0.1304,0,0,1,1,1,0,0,0,4.2135,0,0,0,0,https://portal.paypal.com/news/2026/08/article
38,6,25,1,2,0,0,0,3,0,0,1,0.0263,0,1,0,0,0,0,0,0,4.2512,0,1,0,1,http://bit.ly/Q2vbQlLy-instagram-alert
61,18,23,3,2,0,1,1,5,0,0,8,0.1311,0,0,0,3,0,0,1,1,4.6234,1,1,0,1,http://free-host-93.click//www.paypal.com/update?token=419311
21,9,4,1,0,0,0,0,3,0,0,0,0.0,0,0,0,0,1,0,0,0,3.8802,0,0,0,0,https://adobe.com/faq
114,28,10,2,2,0,1,2,3,0,1,31,0.2719,0,0,0,3,0,0,1,0,5.0132,1,1,0,1,http://portal-instagram-verify.work/index.php?token=1e9b40a9cb149128142c0d49e3dcc8971ea60c9dcb680739&auth=required
62,16,26,3,2,0,1,1,5,0,0,8,0.129,0,0,0,2,0,0,1,1,4.6034,1,1,0,1,http://free-host-98.icu//www.microsoft.com/update?token=636206
50,31,12,2,3,0,0,0,3,0,0,0,0.0,0,0,0,3,0,0,1,0,4.3113,1,1,0,1,http://secure-amazon-verify-center.icu/signin.html
26,13,5,1,0,0,0,0,3,0,0,0,0.0,0,0,0,0,1,0,0,0,3.921,0,0,0,0,https://wikipedia.org/help
62,14,27,4,1,0,1,1,4,0,0,20,0.3226,1,0,0,3,0,1,0,0,4.5892,0,1,0,1,http://30.125.243.149:8080/paypal/security-update.php?id=25700
110,24,10,2,2,0,1,2,3,0,1,30,0.2727,0,0,0,3,0,0,1,0,4.9915,1,1,0,1,http://portal-chase-verify.buzz/index.php?token=c15df62b1d592557b52080c8c42a30ec8160ae68ecd0f4d8&auth=required
111,25,10,2,2,0,1,2,3,0,1,30,0.2703,0,0,0,3,0,0,1,0,4.9561,0,1,0,1,http://portal-amazon-verify.live/index.php?token=041556c8b3bfe61bb30e8d54515c5b53d368c5a9b6e99cf4&auth=required
22,7,8,1,0,0,0,0,3,0,0,0,0.0,0,0,0,0,0,0,0,0,3.6978,0,0,0,0,http://irs.gov/contact
61,17,24,3,2,0,1,1,5,0,0,8,0.1311,0,0,0,2,0,0,1,1,4.6465,1,0,0,1,http://free-host-44.work//www.binance.com/update?token=578706
43,15,20,2,0,0,0,0,4,0,0,0,0.0,0,0,1,0,1,0,0,0,3.975,0,0,0,0,https://portal.nasa.gov/dashboard/analytics
68,49,12,2,4,0,0,0,3,0,0,2,0.0294,0,0,0,3,0,0,1,0,4.4108,1,0,0,1,http://secure-bank0fam3rica-confirm-identity-center.club/signin.html
39,6,26,1,2,0,0,0,3,0,0,0,0.0,0,1,0,0,0,0,0,0,4.353,0,0,0,1,http://bit.ly/FBzSFzlv-wellsfargo-alert
23,7,8,1,0,0,0,0,3,0,0,0,0.0,0,0,0,0,1,0,0,0,3.7081,0,0,0,0,https://irs.gov/contact
44,11,26,1,2,0,0,0,3,0,0,2,0.0455,0,1,0,0,0,0,0,0,4.5272,0,0,0,1,http://tinyurl.com/j89oUjDa-wellsfargo-alert
63,44,12,2,4,0,0,0,3,0,0,0,0.0,0,0,0,3,0,0,1,0,4.2741,1,1,0,1,http://secure-instagram-confirm-identity-center.xyz/signin.html
57,35,6,3,2,0,1,1,3,0,0,7,0.1228,0,0,2,1,0,0,1,0,4.5891,0,0,1,1,http://binance.com.session-unlock-321.info/login?ref=1664
47,18,21,2,1,0,0,0,4,0,0,6,0.1277,0,0,1,0,1,0,0,0,4.4691,0,0,0,0,https://portal.netflix.com/products/item-129481
33,17,8,1,0,0,0,0,3,0,0,0,0.0,0,0,0,0,1,0,0,0,4.1502,0,0,0,0,https://bankofamerica.com/privacy
37,6,24,1,2,0,0,0,3,0,0,2,0.0541,0,1,0,0,0,0,0,0,4.3374,0,1,0,1,http://bit.ly/6KJralx8-facebook-alert
44,14,22,1,0,0,0,0,5,0,0,0,0.0,0,0,0,0,1,0,0,0,3.954,0,0,0,0,https://salesforce.com/user/profile/settings
49,17,24,2,1,0,0,0,5,0,0,1,0.0204,0,0,1,1,1,0,0,0,4.2112,0,0,0,0,https://login.spotify.com/docs/v2/getting-started
28,14,6,1,0,0,0,0,3,0,0,0,0.0,0,0,0,0,1,0,0,0,4.0836,0,0,0,0,https://wellsfargo.com/about
44,14,22,2,0,0,0,0,4,0,0,0,0.0,0,0,1,0,1,0,0,0,4.01,0,0,0,0,https://blog.twitch.tv/resources/whitepapers
22,9,5,1,0,0,0,0,3,0,0,0,0.0,0,0,0,0,1,0,0,0,3.516,0,0,0,0,https://apple.com/help
28,14,6,2,0,0,0,0,3,0,0,0,0.0,0,0,1,0,1,0,0,0,3.8249,0,0,0,0,https://my.spotify.com/about
36,14,14,2,0,0,0,0,5,0,0,1,0.0278,0,0,1,0,1,0,0,0,3.8401,0,0,0,0,https://app.medium.com/api/v1/status
56,34,6,3,2,0,1,1,3,0,0,7,0.125,0,0,2,3,0,0,1,0,4.655,1,1,1,1,http://google.com.security-update-461.icu/login?ref=5504
37,7,23,1,2,0,0,0,3,0,0,2,0.0541,0,1,0,0,0,0,0,0,4.2293,0,0,0,1,http://cutt.ly/2rtdWz4y-binance-alert
111,25,10,2,2,0,1,2,3,0,1,32,0.2883,0,0,0,4,0,0,1,0,4.9545,1,1,0,1,http://portal-paypal-verify.club/index.php?token=3d2c9987d04b2c83c4b0dd04d0c73f6c53e84595e6b02750&auth=required
47,25,6,3,1,0,1,1,3,0,0,7,0.1489,0,0,2,3,0,0,1,0,4.7669,1,1,1,1,http://paypal.com.verify-594.xyz/login?ref=3822
41,13,21,3,1,0,0,0,4,0,0,6,0.1463,0,0,1,0,0,0,0,0,4.3083,0,0,0,0,http://api.cam.ac.uk/products/item-129481
60,17,23,3,2,0,1,1,5,0,0,8,0.1333,0,0,0,3,0,0,1,1,4.7029,1,1,0,1,http://free-host-95.club//www.paypal.com/update?token=807019
21,7,6,1,0,0,0,0,3,0,0,0,0.0,0,0,0,0,1,0,0,0,3.4992,0,0,0,0,https://mit.edu/terms
35,21,6,2,0,0,0,0,3,0,0,0,0.0,0,0,1,0,1,0,0,0,4.0931,0,0,0,0,https://api.stackoverflow.com/terms
18,9,1,1,0,0,0,0,3,0,0,0,0.0,0,0,0,0,1,0,0,0,3.4194,0,0,0,0,https://yahoo.com/
55,13,21,4,0,0,1,1,4,0,0,19,0.3455,1,0,0,1,0,1,0,0,4.4835,0,1,0,1,http://121.239.30.48:4444/microsoft/verify.php?id=81833
57,35,6,3,2,0,1,1,3,0,0,7,0.1228,0,0,2,2,0,0,1,0,4.6525,1,1,1,1,http://facebook.com.account-alert-341.work/login?ref=8561
64,14,34,4,1,0,1,1,4,0,0,16,0.25,1,0,0,2,0,0,0,0,4.7013,0,1,0,1,http://126.112.22.197/bankofamerica/security-update.php?id=14394
112,26,10,2,2,0,1,2,3,0,1,31,0.2768,0,0,0,3,0,0,1,0,4.9122,0,0,0,1,http://portal-binance-verify.live/index.php?token=a24170e82895b7876c6449bcb4642433568aaca2d88daacb&auth=required
42,12,22,2,0,0,0,0,4,0,0,0,0.0,0,0,1,0,1,0,0,0,4.08,0,0,0,0,https://blog.mit.edu/resources/whitepapers
59,15,24,3,2,0,1,1,5,0,0,8,0.1356,0,0,0,2,0,0,1,1,4.6666,1,0,0,1,http://free-host-97.tk//www.binance.com/update?token=546386
61,42,12,2,4,0,0,0,3,0,0,1,0.0164,0,0,0,3,0,0,1,0,4.3276,1,0,0,1,http://secure-binanc3-confirm-identity-center.xyz/signin.html
56,37,12,2,4,0,0,0,3,0,0,0,0.0,0,0,0,4,0,0,1,0,4.1398,1,1,0,1,http://secure-paypal-auth-portal-center.loan/signin.html
37,24,5,2,0,0,0,0,3,0,0,0,0.0,0,0,1,0,1,0,0,0,4.1008,0,0,0,0,https://portal.bankofamerica.com/help
60,17,23,3,2,0,1,1,5,0,0,8,0.1333,0,0,0,2,0,0,1,1,4.6744,1,1,0,1,http://free-host-86.club//www.google.com/update?token=519315
60,38,6,3,2,0,1,1,3,0,0,7,0.1167,0,0,2,1,0,0,1,0,4.6566,1,1,1,1,http://instagram.com.session-unlock-412.click/login?ref=7706
57,38,12,2,4,0,0,0,3,0,0,0,0.0,0,0,0,3,0,0,1,0,4.4223,1,1,0,1,http://secure-facebook-auth-portal-center.xyz/signin.html
56,34,6,3,2,0,1,1,3,0,0,7,0.125,0,0,2,2,0,0,1,0,4.7961,1,1,1,1,http://facebook.com.account-alert-917.xyz/login?ref=2865
111,25,10,2,2,0,1,2,3,0,1,27,0.2432,0,0,0,3,0,0,1,0,4.9494,1,1,0,1,http://portal-amazon-verify.club/index.php?token=153c12eef60b21b5abfe016eca59488531706ccaeba01ed5&auth=required
57,13,28,4,1,0,1,1,4,0,0,15,0.2632,1,0,0,1,0,0,0,0,4.6571,0,1,0,1,http://52.167.74.137/netflix/billing-resolve.php?id=93116
61,17,24,3,2,0,1,1,5,0,0,8,0.1311,0,0,0,2,0,0,1,1,4.6438,0,1,0,1,http://free-host-57.info//www.netflix.com/update?token=768397
29,13,8,2,0,0,0,0,3,0,0,0,0.0,0,0,1,0,1,0,0,0,3.9523,0,0,0,0,https://dev.quora.com/contact
59,17,22,3,2,0,1,1,5,0,0,8,0.1356,0,0,0,2,0,0,1,1,4.521,1,1,0,1,http://free-host-60.work//www.apple.com/update?token=846767
114,28,10,2,2,0,1,2,3,0,1,23,0.2018,0,0,0,3,0,0,1,0,5.0216,1,0,0,1,http://portal-wellsfargo-verify.xyz/index.php?token=d5d2043c09fb21cc338ae7d3724ceace39b07fdb6ceca8ed&auth=required
56,15,7,1,0,0,1,2,3,0,1,1,0.0179,0,0,0,0,1,0,0,0,4.3851,0,0,0,0,https://theguardian.com/search?q=machine+learning&page=2
113,27,10,2,2,0,1,2,3,0,1,26,0.2301,0,0,0,4,0,0,1,0,4.8655,0,1,0,1,http://portal-paypal-verify.online/index.php?token=5a950cf303e3ca23e890d2620feee5f10df41a9b8ddfbf85&auth=required
62,43,12,2,4,0,0,0,3,0,0,0,0.0,0,0,0,4,0,0,1,0,4.111,1,1,0,1,http://secure-instagram-security-update-center.icu/signin.html
58,39,12,2,4,0,0,0,3,0,0,1,0.0172,0,0,0,3,0,0,1,0,4.3236,1,0,0,1,http://secure-amaz0n-billing-resolve-center.tk/signin.html
55,12,27,4,1,0,1,1,4,0,0,14,0.2545,1,0,0,2,0,0,0,0,4.6355,0,1,0,1,http://14.75.52.193/amazon/security-update.php?id=14457
109,23,10,2,2,0,1,2,3,0,1,31,0.2844,0,0,0,3,0,0,1,0,4.956,1,1,0,1,http://portal-apple-verify.xyz/index.php?token=ffa2754f155c0b8e02882e3bf71d7f50c58f941f078b8c29&auth=required
41,5,29,1,2,0,0,0,3,0,0,3,0.0732,0,1,0,0,0,0,0,0,4.6194,0,1,0,1,http://rb.gy/q3N42juo-bankofamerica-alert
26,13,5,2,0,0,0,0,3,0,0,0,0.0,0,0,1,0,1,0,0,0,3.8731,0,0,0,0,https://my.reddit.com/help
20,12,0,1,0,0,0,0,2,0,0,0,0.0,0,0,0,0,1,0,0,0,3.7842,0,0,0,0,https://facebook.com
37,5,25,1,2,0,0,0,3,0,0,0,0.0,0,1,0,0,0,0,0,0,4.2062,0,1,0,1,http://rb.gy/teKxaHHf-instagram-alert
41,12,21,2,0,0,0,0,6,0,0,6,0.1463,0,0,1,0,1,0,0,0,4.3083,0,0,0,0,https://mail.nih.gov/news/2026/08/article
68,18,30,3,2,0,1,1,5,0,0,8,0.1176,0,0,0,2,0,0,1,1,4.7073,1,1,0,1,http://free-host-15.click//www.bankofamerica.com/update?token=304002
51,29,6,3,2,0,1,1,3,0,0,7,0.1373,0,0,2,2,0,0,1,0,4.5132,1,1,1,1,http://amazon.com.auth-portal-123.tk/login?ref=9999
63,44,12,2,4,0,0,0,3,0,0,2,0.0317,0,0,0,2,0,0,1,0,4.1722,1,0,0,1,http://secure-micr0s0ft-session-unlock-center.click/signin.html
119,33,10,2,2,0,1,2,3,0,1,28,0.2353,0,0,0,3,0,0,1,0,4.953,1,1,0,1,http://portal-bankofamerica-verify.click/index.php?token=08f16f55cc8ce44d0281cb871ff2256dbe7355b8f4cc1df9&auth=required
46,16,22,2,0,0,0,0,4,0,0,0,0.0,0,0,1,0,1,0,0,0,3.8577,0,0,0,0,https://portal.apple.com/resources/whitepapers
34,18,8,2,0,0,0,0,3,0,0,0,0.0,0,0,1,0,1,0,0,0,3.9254,0,0,0,0,https://portal.spotify.com/privacy
60,15,29,4,1,0,1,1,4,0,0,17,0.2833,1,0,0,1,0,0,0,0,4.7522,0,0,0,1,http://182.245.119.209/wellsfargo/account-alert.php?id=43595
46,14,24,2,1,0,0,0,5,0,0,1,0.0217,0,0,1,0,1,0,0,0,4.1621,0,0,0,0,https://help.vimeo.com/docs/v2/getting-started
67,17,30,3,2,0,1,1,5,0,0,8,0.1194,0,0,0,2,0,0,1,1,4.6952,1,1,0,1,http://free-host-15.club//www.bankofamerica.com/update?token=752753
22,13,1,2,0,0,0,0,3,0,0,0,0.0,0,0,1,0,1,0,0,0,3.5383,0,0,0,0,https://www.yahoo.com/
42,6,29,1,2,0,0,0,3,0,0,3,0.0714,0,1,0,0,0,0,0,0,4.4789,0,1,0,1,http://bit.ly/5a9D0XyS-bankofamerica-alert
60,41,12,2,4,0,0,0,3,0,0,2,0.0333,0,0,0,2,0,0,1,0,4.1777,1,0,0,1,http://secure-micr0s0ft-session-unlock-center.tk/signin.html
62,40,6,3,2,0,1,1,3,0,0,7,0.1129,0,0,2,3,0,0,1,0,4.6939,1,1,1,1,http://bankofamerica.com.security-update-661.tk/login?ref=5366
66,47,12,2,4,0,0,0,3,0,0,0,0.0,0,0,0,3,0,0,1,0,4.3133,1,1,0,1,http://secure-bankofamerica-billing-resolve-center.top/signin.html
111,25,10,2,2,0,1,2,3,0,1,23,0.2072,0,0,0,4,0,0,1,0,4.9084,1,1,0,1,http://portal-paypal-verify.work/index.php?token=db4ab8ed52df53877e9dc27ea36d5c4dbeab6bec40c53c93&auth=required
53,13,24,4,1,0,1,1,4,0,0,15,0.283,1,0,0,1,0,0,0,0,4.433,0,1,0,1,http://132.91.75.118/apple/account-alert.php?id=70117
35,7,21,1,2,0,0,0,3,0,0,4,0.1143,0,1,0,0,0,0,0,0,4.3189,0,1,0,1,http://cutt.ly/58Xfw4q3-chase-alert
35,6,22,1,2,0,0,0,3,0,0,1,0.0286,0,1,0,0,0,0,0,0,4.3433,0,1,0,1,http://bit.ly/JGTGdW8q-google-alert
26,12,6,2,0,0,0,0,3,0,0,0,0.0,0,0,1,0,1,0,0,0,3.8441,0,0,0,0,https://mail.cnn.com/terms
52,39,6,3,2,0,0,0,3,0,0,0,0.0,0,0,2,2,0,0,1,0,4.1119,1,1,1,1,http://amazon.com.order-verification-alert.top/claim
119,33,10,2,2,0,1,2,3,0,1,31,0.2605,0,0,0,3,0,0,1,0,4.9414,1,1,0,1,http://portal-bankofamerica-verify.click/index.php?token=18135bf545f37f38d4ca6f2ad2183cee89ea528ac5508617&auth=required
46,17,21,1,1,0,0,0,4,0,0,6,0.1304,0,0,0,0,1,0,0,0,4.5014,0,0,0,0,https://bankofamerica.com/products/item-129481
59,37,6,3,2,0,1,1,3,0,0,7,0.1186,0,0,2,2,0,0,1,0,4.5855,0,1,1,1,http://facebook.com.account-alert-130.online/login?ref=9481
57,35,6,3,2,0,1,1,3,0,0,7,0.1228,0,0,2,3,0,0,1,0,4.7692,1,1,1,1,http://google.com.security-update-418.work/login?ref=7094
42,10,24,1,1,0,0,0,5,0,0,1,0.0238,0,0,0,0,1,0,0,0,3.9667,0,0,0,0,https://target.com/docs/v2/getting-started
38,10,20,1,0,0,0,0,4,0,0,0,0.0,0,0,0,0,1,0,0,0,4.1158,0,0,0,0,https://medium.com/dashboard/analytics
66,47,12,2,4,0,0,0,3,0,0,4,0.0606,0,0,0,3,0,0,1,0,4.4141,1,0,0,1,http://secure-w311sfarg0-suspended-notice-center.click/signin.html
55,12,27,4,1,0,1,1,4,0,0,14,0.2545,1,0,0,1,0,0,0,0,4.6856,0,0,0,1,http://149.75.7.169/wellsfargo/auth-portal.php?id=86403
39,11,20,1,0,0,0,0,4,0,0,0,0.0,0,0,0,0,1,0,0,0,3.9234,0,0,0,0,https://reuters.com/category/technology
27,14,5,2,0,0,0,0,3,0,0,0,0.0,0,0,1,0,1,0,0,0,3.6764,0,0,0,0,https://mail.twitch.tv/help
117,31,10,2,2,0,1,2,3,0,1,31,0.265,0,0,0,3,0,0,1,0,4.9823,1,1,0,1,http://portal-bankofamerica-verify.icu/index.php?token=971b4cfe0fddd207b44a2e2798836738cd178a7d582b9f15&auth=required
26,10,8,2,0,0,0,0,3,0,0,0,0.0,0,0,1,0,1,0,0,0,3.9501,0,0,0,0,https://api.un.org/privacy
47,17,22,2,0,0,0,0,5,0,0,0,0.0,0,0,1,0,1,0,0,0,4.0888,0,0,0,0,https://portal.github.com/user/profile/settings
46,17,21,2,1,0,0,0,4,0,0,6,0.1304,0,0,1,1,1,0,0,0,4.4992,0,0,0,0,https://login.walmart.com/products/item-129481
39,6,26,1,2,0,0,0,3,0,0,1,0.0256,0,1,0,0,0,0,0,0,4.3943,0,0,0,1,http://bit.ly/K1NBfEos-wellsfargo-alert
66,16,30,3,2,0,1,1,5,0,0,8,0.1212,0,0,0,2,0,0,1,1,4.6413,1,1,0,1,http://free-host-62.top//www.bankofamerica.com/update?token=280879
62,17,25,3,2,0,1,1,5,0,0,8,0.129,0,0,0,2,0,0,1,1,4.5574,0,1,0,1,http://free-host-41.info//www.facebook.com/update?token=384138
35,7,21,1,2,0,0,0,3,0,0,0,0.0,0,1,0,0,0,0,0,0,4.2617,0,1,0,1,http://cutt.ly/HDPnHMWT-chase-alert
61,42,12,2,4,0,0,0,3,0,0,1,0.0164,0,0,0,4,0,0,1,0,4.2767,1,0,0,1,http://secure-binanc3-security-update-center.buzz/signin.html
113,27,10,2,2,0,1,2,3,0,1,34,0.3009,0,0,0,3,0,0,1,0,4.9681,1,1,0,1,http://portal-facebook-verify.club/index.php?token=43dd308a67698f66e082f1cf36d2c574a70f29a772248a42&auth=required
63,44,12,2,4,0,0,0,3,0,0,0,0.0,0,0,0,3,0,0,1,0,4.1961,1,1,0,1,http://secure-instagram-billing-resolve-center.club/signin.html
62,14,32,4,1,0,1,1,4,0,0,16,0.2581,1,0,0,1,0,0,0,0,4.7045,0,1,0,1,http://116.195.97.171/bankofamerica/account-alert.php?id=37862
35,7,21,1,2,0,0,0,3,0,0,1,0.0286,0,1,0,0,0,0,0,0,4.2402,0,1,0,1,http://cutt.ly/zB2LAcCv-chase-alert
30,14,8,2,0,0,0,0,3,0,0,0,0.0,0,0,1,0,1,0,0,0,3.9899,0,0,0,0,https://dev.kaggle.com/contact
35,5,23,1,2,0,0,0,3,0,0,2,0.0571,0,1,0,0,0,0,0,0,4.5147,0,0,0,1,http://rb.gy/zwHkY0V2-binance-alert
21,9,4,1,0,0,0,0,3,0,0,0,0.0,0,0,0,0,1,0,0,0,3.5178,0,0,0,0,https://twitch.tv/faq
62,43,12,2,4,0,0,0,3,0,0,0,0.0,0,0,0,3,0,0,1,0,4.1874,0,1,0,1,http://secure-amazon-billing-resolve-center.online/signin.html
35,7,21,1,2,0,0,0,3,0,0,1,0.0286,0,1,0,0,0,0,0,0,4.3189,0,1,0,1,http://cutt.ly/Jgm9DwPx-chase-alert
57,13,28,4,1,0,1,1,4,0,0,15,0.2632,1,0,0,1,0,0,0,0,4.7273,0,1,0,1,http://74.232.68.119/netflix/billing-resolve.php?id=25469
58,36,6,3,2,0,1,1,3,0,0,7,0.1207,0,0,2,2,0,0,1,0,4.647,0,1,1,1,http://amazon.com.suspended-notice-189.info/login?ref=1707
37,7,23,1,2,0,0,0,3,0,0,1,0.027,0,1,0,0,0,0,0,0,4.3711,0,1,0,1,http://cutt.ly/ZorEKAQ4-netflix-alert
59,37,6,3,2,0,1,1,3,0,0,7,0.1186,0,0,2,2,0,0,1,0,4.6344,0,0,1,1,http://binance.com.suspended-notice-770.live/login?ref=4175
34,6,21,1,2,0,0,0,3,0,0,1,0.0294,0,1,0,0,0,0,0,0,4.0575,0,1,0,1,http://bit.ly/G8rPHXPP-apple-alert
38,5,26,1,2,0,0,0,3,0,0,2,0.0526,0,1,0,0,0,0,0,0,4.4118,0,0,0,1,http://rb.gy/bn16xqde-wellsfargo-alert
36,14,14,2,0,0,0,0,5,0,0,1,0.0278,0,0,1,0,1,0,0,0,4.0067,0,0,0,0,https://help.adobe.com/api/v1/status
39,10,21,2,1,0,0,0,4,0,0,6,0.1538,0,0,1,0,1,0,0,0,4.3043,0,0,0,0,https://my.zoom.us/products/item-129481
65,13,31,4,1,0,1,1,4,0,0,19,0.2923,1,0,0,1,0,1,0,0,4.5418,0,1,0,1,http://111.58.19.181:4444/microsoft/confirm-identity.php?id=59676
54,15,23,4,1,0,1,1,4,0,0,17,0.3148,1,0,0,1,0,0,0,0,4.4767,0,1,0,1,http://163.253.139.245/google/auth-portal.php?id=14501
118,32,10,2,2,0,1,2,3,0,1,29,0.2458,0,0,0,3,0,0,1,0,4.9577,1,1,0,1,http://portal-bankofamerica-verify.club/index.php?token=da6dac2a6d7ab78d49720181d94778de5cfbb303b792269a&auth=required
61,13,27,4,1,0,1,1,4,0,0,19,0.3115,1,0,0,1,0,1,0,0,4.5982,0,1,0,1,http://94.136.168.24:8080/chase/suspended-notice.php?id=34327
45,17,20,2,0,0,0,0,4,0,0,0,0.0,0,0,1,1,1,0,0,0,4.0579,0,0,0,0,https://login.shopify.com/category/technology
56,34,6,3,2,0,1,1,3,0,0,7,0.125,0,0,2,1,0,0,1,0,4.5906,1,1,1,1,http://netflix.com.session-unlock-918.top/login?ref=3593
62,16,26,3,2,0,1,1,5,0,0,8,0.129,0,0,0,2,0,0,1,1,4.5382,1,1,0,1,http://free-host-50.top//www.microsoft.com/update?token=177792
43,11,25,1,2,0,0,0,3,0,0,2,0.0465,0,1,0,0,0,0,0,0,4.499,0,1,0,1,http://tinyurl.com/o5PA0TZy-instagram-alert
111,25,10,2,2,0,1,2,3,0,1,32,0.2883,0,0,0,3,0,0,1,0,4.9506,1,1,0,1,http://portal-apple-verify.click/index.php?token=53357d68ab5218ad00be456c47981d1a47ab3f5493a71ed5&auth=required
112,26,10,2,2,0,1,2,3,0,1,25,0.2232,0,0,0,4,0,0,1,0,4.9125,1,1,0,1,http://portal-paypal-verify.click/index.php?token=56c5584b04df4e566cebae8fbdeab9f73ec2687cd7215d6f&auth=required
59,17,22,3,2,0,1,1,5,0,0,8,0.1356,0,0,0,2,0,0,1,1,4.6455,0,1,0,1,http://free-host-10.live//www.apple.com/update?token=847738
24,10,6,2,0,0,0,0,3,0,0,0,0.0,0,0,1,0,1,0,0,0,3.8554,0,0,0,0,https://dev.un.org/terms
69,15,33,4,1,0,1,1,4,0,0,21,0.3043,1,0,0,0,0,1,0,0,4.7622,0,1,0,1,http://157.177.188.115:8080/bankofamerica/session-unlock.php?id=24407
118,32,10,2,2,0,1,2,3,0,1,26,0.2203,0,0,0,3,0,0,1,0,4.8945,1,1,0,1,http://portal-bankofamerica-verify.club/index.php?token=d1dd4cd389b896ae9f8dd8feb2290b15ea3d52c9bc2022c5&auth=required
35,26,1,3,0,0,0,0,3,0,0,0,0.0,0,0,2,0,1,0,0,0,4.036,0,0,0,0,https://blog.developer.mozilla.org/
111,25,10,2,2,0,1,2,3,0,1,24,0.2162,0,0,0,3,0,0,1,0,4.9148,1,1,0,1,http://portal-netflix-verify.top/index.php?token=4cfd3dcf441ff9f667ea8f7abd8df55a3352d357cbc8b0a1&auth=required
34,5,22,1,2,0,0,0,3,0,0,2,0.0588,0,1,0,0,0,0,0,0,4.3738,0,1,0,1,http://rb.gy/5el7iYzk-amazon-alert
58,36,6,3,2,0,1,1,3,0,0,7,0.1207,0,0,2,2,0,0,1,0,4.552,0,1,1,1,http://microsoft.com.account-alert-569.live/login?ref=5469
111,25,10,2,2,0,1,2,3,0,1,26,0.2342,0,0,0,3,0,0,1,0,4.8815,1,1,0,1,http://portal-netflix-verify.icu/index.php?token=6f079cebde149d61acf1705540eb301daec1a42fe43d6af6&auth=required
36,7,22,1,2,0,0,0,3,0,0,1,0.0278,0,1,0,0,0,0,0,0,4.1944,0,1,0,1,http://cutt.ly/YGG7mmJa-google-alert
51,32,12,2,3,0,0,0,3,0,0,1,0.0196,0,0,0,3,0,0,1,0,4.2392,1,0,0,1,http://secure-binanc3-verify-center.icu/signin.html
51,22,21,2,0,0,0,0,6,0,0,6,0.1176,0,0,1,0,1,0,0,0,4.4464,0,0,0,0,https://blog.stackoverflow.com/news/2026/08/article
68,15,32,4,1,0,1,1,4,0,0,21,0.3088,1,0,0,1,0,1,0,0,4.8261,0,0,0,1,http://214.139.156.148:8080/wellsfargo/suspended-notice.php?id=45632
56,13,27,4,1,0,1,1,4,0,0,15,0.2679,1,0,0,1,0,0,0,0,4.6241,0,0,0,1,http://74.127.150.41/wellsfargo/auth-portal.php?id=19280
41,11,23,1,2,0,0,0,3,0,0,1,0.0244,0,1,0,0,0,0,0,0,4.3571,0,0,0,1,http://tinyurl.com/Ybbr1xoj-binance-alert
22,8,6,1,0,0,0,0,3,0,0,0,0.0,0,0,0,0,1,0,0,0,3.7544,0,0,0,0,https://ebay.com/terms
56,12,28,4,1,0,1,1,4,0,0,14,0.25,1,0,0,2,0,0,0,0,4.6358,0,1,0,1,http://24.98.93.146/paypal/confirm-identity.php?id=81352
38,5,26,1,2,0,0,0,3,0,0,1,0.0263,0,1,0,0,0,0,0,0,4.1089,0,0,0,1,http://rb.gy/ah8thkeg-wellsfargo-alert
63,17,26,3,2,0,1,1,5,0,0,8,0.127,0,0,0,2,0,0,1,1,4.725,1,1,0,1,http://free-host-30.club//www.instagram.com/update?token=773756
45,17,20,2,0,0,0,0,4,0,0,0,0.0,0,0,1,0,1,0,0,0,4.125,0,0,0,0,https://www.microsoft.com/dashboard/analytics
20,11,1,1,0,0,0,0,3,0,0,0,0.0,0,0,0,0,1,0,0,0,3.6464,0,0,0,0,https://youtube.com/
111,25,10,2,2,0,1,2,3,0,1,33,0.2973,0,0,0,3,0,0,1,0,4.8778,1,1,0,1,http://portal-facebook-verify.tk/index.php?token=ad8cf9e8249d642c4285111da4e1646de7445a769ab12401&auth=required
58,16,22,3,2,0,1,1,5,0,0,8,0.1379,0,0,0,2,0,0,1,1,4.5175,1,1,0,1,http://free-host-13.top//www.chase.com/update?token=668455
115,29,10,2,2,0,1,2,3,0,1,22,0.1913,0,0,0,3,0,0,1,0,5.0,1,0,0,1,http://portal-wellsfargo-verify.buzz/index.php?token=3670efb1fbab0ab7906bd3cbf5babacfe28a27a2ca8b9495&auth=required
30,15,8,2,0,0,0,0,3,0,0,0,0.0,0,0,1,1,0,0,0,0,4.1232,0,0,0,0,http://login.quora.com/privacy
35,5,23,1,2,0,0,0,3,0,0,1,0.0286,0,1,0,0,0,0,0,0,4.4791,0,1,0,1,http://rb.gy/FoZ3uhLH-netflix-alert
38,7,24,1,2,0,0,0,3,0,0,2,0.0526,0,1,0,0,0,0,0,0,4.4489,0,1,0,1,http://cutt.ly/GT3s8XEr-facebook-alert
26,17,1,2,0,0,0,0,3,0,0,0,0.0,0,0,1,0,1,0,0,0,3.7193,0,0,0,0,https://portal.google.com/
32,19,6,2,0,0,0,0,3,0,0,0,0.0,0,0,1,0,0,0,0,0,4.0153,0,0,0,0,http://blog.salesforce.com/about
62,19,23,3,2,0,1,1,5,0,0,8,0.129,0,0,0,3,0,0,1,1,4.6663,0,1,0,1,http://free-host-87.online//www.paypal.com/update?token=864527
58,13,29,4,1,0,1,1,4,0,0,15,0.2586,1,0,0,1,0,0,0,0,4.7307,0,1,0,1,http://148.18.142.31/facebook/billing-resolve.php?id=90319
60,38,6,3,2,0,1,1,3,0,0,7,0.1167,0,0,2,2,0,0,1,0,4.5444,0,1,1,1,http://amazon.com.confirm-identity-155.online/login?ref=3739
24,10,6,1,0,0,0,0,3,0,0,0,0.0,0,0,0,0,1,0,0,0,3.9387,0,0,0,0,https://kaggle.com/about
59,37,6,3,2,0,1,1,3,0,0,7,0.1186,0,0,2,2,0,0,1,0,4.4905,0,1,1,1,http://google.com.billing-resolve-145.online/login?ref=6807
62,18,24,3,2,0,1,1,5,0,0,8,0.129,0,0,0,2,0,0,1,1,4.6558,1,1,0,1,http://free-host-91.click//www.netflix.com/update?token=619984
62,12,34,4,1,0,1,1,4,0,0,14,0.2258,1,0,0,1,0,0,0,0,4.7828,0,1,0,1,http://52.200.75.35/bankofamerica/billing-resolve.php?id=56865
112,26,10,2,2,0,1,2,3,0,1,30,0.2679,0,0,0,4,0,0,1,0,4.9352,1,1,0,1,http://portal-paypal-verify.click/index.php?token=c368ae456bd19376ae5c411df5b85f52861d936f5ab60e5f&auth=required
60,41,12,2,4,0,0,0,3,0,0,4,0.0667,0,0,0,3,0,0,1,0,4.3237,0,0,0,1,http://secure-g00g13-billing-resolve-center.info/signin.html
39,12,20,2,0,0,0,0,4,0,0,0,0.0,0,0,1,0,0,0,0,0,3.8621,0,0,0,0,http://api.pypi.org/category/technology
54,35,12,2,3,0,0,0,3,0,0,0,0.0,0,0,0,3,0,0,1,0,4.269,1,1,0,1,http://secure-microsoft-verify-center.club/signin.html
53,24,21,3,1,0,0,0,4,0,0,6,0.1132,0,0,2,0,1,0,0,0,4.5246,0,0,0,0,https://my.developer.mozilla.org/products/item-129481
45,13,24,3,1,0,0,0,5,0,0,1,0.0222,0,0,1,0,1,0,0,0,4.1663,0,0,0,0,https://dev.cam.ac.uk/docs/v2/getting-started
44,14,22,2,0,0,0,0,5,0,0,0,0.0,0,0,1,0,1,0,0,0,3.9174,0,0,0,0,https://portal.irs.gov/user/profile/settings
61,39,6,3,2,0,1,1,3,0,0,7,0.1148,0,0,2,2,0,0,1,0,4.7869,1,1,1,1,http://instagram.com.suspended-notice-851.buzz/login?ref=2549
57,35,6,3,2,0,1,1,3,0,0,7,0.1228,0,0,2,4,0,0,1,0,4.7008,0,1,1,1,http://paypal.com.security-update-345.info/login?ref=4836
37,7,23,1,2,0,0,0,3,0,0,4,0.1081,0,1,0,0,0,0,0,0,4.2603,0,0,0,1,http://cutt.ly/A719hh9P-binance-alert
51,29,6,3,2,0,1,1,3,0,0,7,0.1373,0,0,2,2,0,0,1,0,4.5305,1,1,1,1,http://google.com.auth-portal-316.tk/login?ref=7267
48,20,20,2,0,0,0,0,4,0,0,0,0.0,0,0,1,1,1,0,0,0,4.244,0,0,0,0,https://login.wellsfargo.com/dashboard/analytics
27,11,8,2,0,0,0,0,3,0,0,0,0.0,0,0,1,0,1,0,0,0,3.9121,0,0,0,0,https://mail.un.org/contact
59,16,23,3,2,0,1,1,5,0,0,8,0.1356,0,0,0,2,0,0,1,1,4.6632,1,1,0,1,http://free-host-85.icu//www.google.com/update?token=298503
57,15,26,4,1,0,1,1,4,0,0,17,0.2982,1,0,0,1,0,0,0,0,4.5938,0,1,0,1,http://124.134.196.164/apple/billing-resolve.php?id=73389
27,18,1,2,0,0,0,0,3,0,0,0,0.0,0,0,1,0,1,0,0,0,4.0043,0,0,0,0,https://dev.aliexpress.com/
61,42,12,2,4,0,0,0,3,0,0,1,0.0164,0,0,0,3,0,0,1,0,4.2467,0,0,0,1,http://secure-paypa1-suspended-notice-center.live/signin.html
56,34,6,3,2,0,1,1,3,0,0,7,0.125,0,0,2,2,0,0,1,0,4.6468,0,1,1,1,http://microsoft.com.auth-portal-670.live/login?ref=4568
67,17,30,3,2,0,1,1,5,0,0,8,0.1194,0,0,0,2,0,0,1,1,4.7476,1,1,0,1,http://free-host-39.buzz//www.bankofamerica.com/update?token=593412
57,13,28,4,1,0,1,1,4,0,0,15,0.2632,1,0,0,1,0,0,0,0,4.5523,0,1,0,1,http://76.19.171.164/microsoft/account-alert.php?id=61222
58,14,28,4,1,0,1,1,4,0,0,16,0.2759,1,0,0,1,0,0,0,0,4.573,0,1,0,1,http://126.65.226.131/netflix/billing-resolve.php?id=29959
46,16,22,2,0,0,0,0,4,0,0,0,0.0,0,0,1,0,1,0,0,0,4.1243,0,0,0,0,https://blog.spotify.com/resources/whitepapers
113,27,10,2,2,0,1,2,3,0,1,33,0.292,0,0,0,3,0,0,1,0,4.885,1,1,0,1,http://portal-netflix-verify.click/index.php?token=08597390002691a9c67ba23c70ffc6e0c3caf52f3f709270&auth=required
42,6,29,1,2,0,0,0,3,0,0,0,0.0,0,1,0,0,0,0,0,0,4.404,0,1,0,1,http://bit.ly/lgxOTghT-bankofamerica-alert
113,27,10,2,2,0,1,2,3,0,1,29,0.2566,0,0,0,3,0,0,1,0,5.0376,1,1,0,1,http://portal-microsoft-verify.xyz/index.php?token=49847abb6014bda4e6a240af1f1da18ef4292d35b3c0c341&auth=required
113,27,10,2,2,0,1,2,3,0,1,33,0.292,0,0,0,4,0,0,1,0,4.9068,0,1,0,1,http://portal-paypal-verify.online/index.php?token=e6074455e88a4f81c12d5709728a4c1a989ca8e1d6ca6357&auth=required
60,38,6,3,2,0,1,1,3,0,0,7,0.1167,0,0,2,2,0,0,1,0,4.6127,1,1,1,1,http://instagram.com.confirm-identity-650.icu/login?ref=1058
43,13,22,2,0,0,0,0,4,0,0,0,0.0,0,0,1,0,1,0,0,0,3.8767,0,0,0,0,https://help.pypi.org/resources/whitepapers
53,13,24,4,1,0,1,1,4,0,0,15,0.283,1,0,0,1,0,0,0,0,4.5624,0,0,0,1,http://42.104.54.215/binance/auth-portal.php?id=16835
62,43,12,2,4,0,0,0,3,0,0,0,0.0,0,0,0,3,0,0,1,0,4.1518,1,1,0,1,http://secure-microsoft-confirm-identity-center.tk/signin.html
29,15,6,2,0,0,0,0,3,0,0,0,0.0,0,0,1,0,1,0,0,0,3.8664,0,0,0,0,https://api.walmart.com/about
63,14,28,4,1,0,1,1,4,0,0,20,0.3175,1,0,0,2,0,1,0,0,4.5896,0,1,0,1,http://187.226.150.80:8888/paypal/suspended-notice.php?id=69458
40,10,22,1,0,0,0,0,5,0,0,0,0.0,0,0,0,0,1,0,0,0,4.0939,0,0,0,0,https://amazon.com/user/profile/settings
60,38,6,3,2,0,1,1,3,0,0,7,0.1167,0,0,2,3,0,0,1,0,4.5903,0,1,1,1,http://paypal.com.suspended-notice-719.online/login?ref=7100
56,37,12,2,4,0,0,0,3,0,0,0,0.0,0,0,0,3,0,0,1,0,4.126,1,0,0,1,http://secure-binance-auth-portal-center.top/signin.html
55,33,6,3,2,0,1,1,3,0,0,7,0.1273,0,0,2,2,0,0,1,0,4.5806,1,1,1,1,http://chase.com.account-alert-855.click/login?ref=3864
59,40,12,2,4,0,0,0,3,0,0,0,0.0,0,0,0,3,0,0,1,0,4.2031,1,1,0,1,http://secure-chase-suspended-notice-center.xyz/signin.html
41,5,29,1,2,0,0,0,3,0,0,2,0.0488,0,1,0,0,0,0,0,0,4.5706,0,1,0,1,http://rb.gy/pP28mGUW-bankofamerica-alert
25,16,1,2,0,0,0,0,3,0,0,0,0.0,0,0,1,0,1,0,0,0,3.9435,0,0,0,0,https://mail.netflix.com/
65,12,32,4,1,0,1,1,4,0,0,18,0.2769,1,0,0,1,0,1,0,0,4.8243,0,0,0,1,http://82.68.205.31:4444/wellsfargo/confirm-identity.php?id=12194
62,12,29,4,1,0,1,1,4,0,0,18,0.2903,1,0,0,1,0,1,0,0,4.5817,0,1,0,1,http://87.40.210.19:4444/netflix/confirm-identity.php?id=89278
58,13,29,4,1,0,1,1,4,0,0,15,0.2586,1,0,0,1,0,0,0,0,4.7845,0,0,0,1,http://126.18.140.62/wellsfargo/account-alert.php?id=91553
55,13,26,4,1,0,1,1,4,0,0,15,0.2727,1,0,0,1,0,0,0,0,4.5246,0,1,0,1,http://172.23.74.176/instagram/auth-portal.php?id=95137
43,15,20,2,0,0,0,0,4,0,0,0,0.0,0,0,1,0,1,0,0,0,4.0224,0,0,0,0,https://app.spotify.com/dashboard/analytics
111,25,10,2,2,0,1,2,3,0,1,31,0.2793,0,0,0,3,0,0,1,0,5.0062,0,1,0,1,http://portal-amazon-verify.info/index.php?token=d7484a7089d0f0334525a2babb928cf5d698307970ccdf7b&auth=required
112,26,10,2,2,0,1,2,3,0,1,25,0.2232,0,0,0,3,0,0,1,0,4.8466,1,1,0,1,http://portal-netflix-verify.work/index.php?token=2b5a4cfed9b3ae8be3905e308805e3ce35ce77a3f0a50dcf&auth=required
61,42,12,2,4,0,0,0,3,0,0,0,0.0,0,0,0,3,0,0,1,0,4.2868,1,1,0,1,http://secure-facebook-billing-resolve-center.icu/signin.html
52,22,22,2,0,0,0,0,5,0,0,0,0.0,0,0,1,0,1,0,0,0,4.2198,0,0,0,0,https://help.bankofamerica.com/user/profile/settings
65,15,34,4,1,0,1,1,4,0,0,17,0.2615,1,0,0,1,0,0,0,0,4.8566,0,1,0,1,http://165.105.146.207/bankofamerica/billing-resolve.php?id=46632
67,17,30,3,2,0,1,1,5,0,0,8,0.1194,0,0,0,2,0,0,1,1,4.6526,1,1,0,1,http://free-host-87.work//www.bankofamerica.com/update?token=502102
57,14,27,4,1,0,1,1,4,0,0,16,0.2807,1,0,0,1,0,0,0,0,4.4753,0,1,0,1,http://11.164.187.246/chase/suspended-notice.php?id=35331
27,11,8,2,0,0,0,0,3,0,0,0,0.0,0,0,1,0,1,0,0,0,3.764,0,0,0,0,https://api.irs.gov/contact
48,26,6,3,1,0,1,1,3,0,0,7,0.1458,0,0,2,2,0,0,1,0,4.5582,1,1,1,1,http://netflix.com.verify-335.top/login?ref=7316
39,7,24,1,1,0,0,0,5,0,0,1,0.0256,0,0,0,0,1,0,0,0,4.1091,0,0,0,0,https://zoom.us/docs/v2/getting-started
68,13,34,4,1,0,1,1,4,0,0,19,0.2794,1,0,0,1,0,1,0,0,4.8261,0,1,0,1,http://102.18.79.122:4444/bankofamerica/billing-resolve.php?id=20031
54,35,12,2,3,0,0,0,3,0,0,0,0.0,0,0,0,3,0,0,1,0,4.1364,0,1,0,1,http://secure-netflix-verify-center.online/signin.html
52,13,18,4,0,0,1,1,4,0,0,19,0.3654,1,0,0,2,0,1,0,0,4.4702,0,1,0,1,http://139.70.48.128:4444/paypal/verify.php?id=67393
28,14,6,2,0,0,0,0,3,0,0,0,0.0,0,0,1,0,1,0,0,0,3.9677,0,0,0,0,https://api.kaggle.com/terms
42,11,24,1,2,0,0,0,3,0,0,2,0.0476,0,1,0,0,0,0,0,0,4.5109,0,1,0,1,http://tinyurl.com/0ueKcPq8-facebook-alert
108,22,10,2,2,0,1,2,3,0,1,28,0.2593,0,0,0,3,0,0,1,0,4.9732,1,1,0,1,http://portal-chase-verify.tk/index.php?token=d94d4a2f7a05d79db8351b3862d19082d1ba2eec2a6bcb45&auth=required
111,25,10,2,2,0,1,2,3,0,1,31,0.2793,0,0,0,4,0,0,1,0,4.9393,1,1,0,1,http://portal-paypal-verify.club/index.php?token=824a199b41d4af78aa85fa13b5cf780b780524436aaf5c54&auth=required
42,14,20,1,0,0,0,0,4,0,0,0,0.0,0,0,0,0,1,0,0,0,3.9551,0,0,0,0,https://salesforce.com/category/technology
56,34,6,3,2,0,1,1,3,0,0,7,0.125,0,0,2,2,0,0,1,0,4.7025,1,1,1,1,http://amazon.com.confirm-identity-671.tk/login?ref=5932
35,5,23,1,2,0,0,0,3,0,0,1,0.0286,0,1,0,0,0,0,0,0,4.4791,0,1,0,1,http://rb.gy/RFoXcx9H-netflix-alert
52,12,19,4,0,0,1,1,4,0,0,18,0.3462,1,0,0,1,0,1,0,0,4.4336,0,1,0,1,http://103.92.33.22:3000/netflix/verify.php?id=65207
30,16,6,2,0,0,0,0,3,0,0,0,0.0,0,0,1,0,1,0,0,0,3.8314,0,0,0,0,https://portal.chase.com/about
25,12,5,2,0,0,0,0,3,0,0,0,0.0,0,0,1,0,1,0,0,0,3.9737,0,0,0,0,https://my.quora.com/help
65,14,35,4,1,0,1,1,4,0,0,16,0.2462,1,0,0,1,0,0,0,0,4.6466,0,1,0,1,http://141.11.138.116/bankofamerica/suspended-notice.php?id=49673
59,15,24,3,2,0,1,1,5,0,0,8,0.1356,0,0,0,2,0,0,1,1,4.677,1,1,0,1,http://free-host-61.tk//www.netflix.com/update?token=381572
41,13,20,3,0,0,0,0,4,0,0,0,0.0,0,0,1,0,1,0,0,0,4.0057,0,0,0,0,https://app.cam.ac.uk/dashboard/analytics
49,30,12,2,3,0,0,0,3,0,0,0,0.0,0,0,0,3,0,0,1,0,4.2087,1,1,0,1,http://secure-apple-verify-center.top/signin.html
114,28,10,2,2,0,1,2,3,0,1,36,0.3158,0,0,0,3,0,0,1,0,5.0826,1,1,0,1,http://portal-instagram-verify.buzz/index.php?token=97f892b3de7085297e0c9c535334982670310b61e79f60ed&auth=required
114,28,10,2,2,0,1,2,3,0,1,33,0.2895,0,0,0,3,0,0,1,0,5.0501,1,1,0,1,http://portal-instagram-verify.work/index.php?token=97c3e629bfe00bb107168c0b950043232aa949bc99f389b7&auth=required
60,14,30,4,1,0,1,1,4,0,0,16,0.2667,1,0,0,2,0,0,0,0,4.5882,0,1,0,1,http://126.85.216.225/instagram/security-update.php?id=85359
45,16,21,2,1,0,0,0,4,0,0,6,0.1333,0,0,1,0,1,0,0,0,4.3369,0,0,0,0,https://portal.yahoo.com/products/item-129481
35,7,20,1,0,0,0,0,4,0,0,0,0.0,0,0,0,0,1,0,0,0,3.9649,0,0,0,0,https://irs.gov/category/technology
44,14,22,2,0,0,0,0,4,0,0,0,0.0,0,0,1,0,1,0,0,0,3.9474,0,0,0,0,https://mail.twitch.tv/resources/whitepapers
60,17,23,3,2,0,1,1,5,0,0,8,0.1333,0,0,0,2,0,0,1,1,4.6302,0,1,0,1,http://free-host-99.info//www.google.com/update?token=364951
56,41,8,3,2,0,0,0,3,0,0,0,0.0,0,0,2,1,0,0,1,0,4.2914,1,1,1,1,http://instagram.com.copyright-appeal-center.xyz/confirm
42,14,20,2,0,0,0,0,4,0,0,0,0.0,0,0,1,0,1,0,0,0,4.0323,0,0,0,0,https://help.chase.com/dashboard/analytics
58,36,6,3,2,0,1,1,3,0,0,7,0.1207,0,0,2,3,0,0,1,0,4.5713,0,1,1,1,http://paypal.com.confirm-identity-141.info/login?ref=3903
50,31,12,2,3,0,0,0,3,0,0,1,0.02,0,0,0,3,0,0,1,0,4.386,1,0,0,1,http://secure-chas3-verify-center.work/signin.html
113,27,10,2,2,0,1,2,3,0,1,32,0.2832,0,0,0,3,0,0,1,0,4.9057,1,0,0,1,http://portal-binance-verify.click/index.php?token=630cb603d28849f6e94889f28dd6d5e760ec7f4095e4ea09&auth=required
61,42,12,2,4,0,0,0,3,0,0,1,0.0164,0,0,0,3,0,0,1,0,4.1717,0,0,0,1,http://secure-binanc3-billing-resolve-center.live/signin.html
33,19,6,2,0,0,0,0,3,0,0,0,0.0,0,0,1,0,1,0,0,0,4.1044,0,0,0,0,https://blog.aliexpress.com/about
112,26,10,2,2,0,1,2,3,0,1,33,0.2946,0,0,0,3,0,0,1,0,4.986,1,1,0,1,http://portal-facebook-verify.top/index.php?token=50d7b53761bc1c2691855a208c96a43785e4ae7fb24fb684&auth=required
58,36,6,3,2,0,1,1,3,0,0,7,0.1207,0,0,2,3,0,0,1,0,4.7521,1,1,1,1,http://netflix.com.security-update-756.club/login?ref=5648
37,5,25,1,2,0,0,0,3,0,0,2,0.0541,0,1,0,0,0,0,0,0,4.3915,0,1,0,1,http://rb.gy/6Jj8siFq-instagram-alert
61,39,6,3,2,0,1,1,3,0,0,7,0.1148,0,0,2,2,0,0,1,0,4.6555,1,0,1,1,http://wellsfargo.com.billing-resolve-287.loan/login?ref=5091
59,40,12,2,4,0,0,0,3,0,0,0,0.0,0,0,0,3,0,0,1,0,4.0948,1,1,0,1,http://secure-instagram-account-alert-center.tk/signin.html
115,29,10,2,2,0,1,2,3,0,1,26,0.2261,0,0,0,3,0,0,1,0,4.9972,1,0,0,1,http://portal-wellsfargo-verify.buzz/index.php?token=978cc7fa4d29fa663f66ebd042ebf29b2b04a76db7ec87d8&auth=required
53,31,6,3,2,0,1,1,3,0,0,7,0.1321,0,0,2,2,0,0,1,0,4.6471,1,0,1,1,http://binance.com.auth-portal-295.icu/login?ref=8464
51,32,12,2,3,0,0,0,3,0,0,0,0.0,0,0,0,4,0,0,1,0,4.3068,1,1,0,1,http://secure-paypal-verify-center.club/signin.html
51,32,12,2,3,0,0,0,3,0,0,4,0.0784,0,0,0,3,0,0,1,0,4.4296,1,0,0,1,http://secure-g00g13-verify-center.loan/signin.html
33,5,21,1,2,0,0,0,3,0,0,1,0.0303,0,1,0,0,0,0,0,0,4.3926,0,1,0,1,http://rb.gy/Cxd0fwUC-chase-alert
112,26,10,2,2,0,1,2,3,0,1,29,0.2589,0,0,0,3,0,0,1,0,4.9017,1,1,0,1,http://portal-google-verify.click/index.php?token=4eccec806403ef192a3a2400685f06fe6d43478f9d1aee4e&auth=required
51,29,6,3,1,0,1,1,3,0,0,7,0.1373,0,0,2,2,0,0,1,0,4.8533,1,1,1,1,http://instagram.com.verify-856.buzz/login?ref=3215
57,35,6,3,1,0,1,1,3,0,0,7,0.1228,0,0,2,2,0,0,1,0,4.6439,0,1,1,1,http://bankofamerica.com.verify-894.online/login?ref=9700
28,14,6,2,0,0,0,0,3,0,0,0,0.0,0,0,1,0,1,0,0,0,3.8963,0,0,0,0,https://www.github.com/terms
56,13,27,4,1,0,1,1,4,0,0,15,0.2679,1,0,0,1,0,0,0,0,4.5356,0,1,0,1,http://93.232.81.252/apple/confirm-identity.php?id=66582
110,24,10,2,2,0,1,2,3,0,1,33,0.3,0,0,0,4,0,0,1,0,4.9447,1,1,0,1,http://portal-paypal-verify.top/index.php?token=425a6b1913461aafab4656247fad28821e954a887fd930c0&auth=required
112,26,10,2,2,0,1,2,3,0,1,28,0.25,0,0,0,3,0,0,1,0,4.9108,1,1,0,1,http://portal-amazon-verify.click/index.php?token=7392e7aade6bfcfb49990c81990696fa0a7c8ba768e089ef&auth=required
60,17,23,3,2,0,1,1,5,0,0,8,0.1333,0,0,0,2,0,0,1,1,4.6427,1,1,0,1,http://free-host-36.loan//www.google.com/update?token=430295
57,35,6,3,2,0,1,1,3,0,0,7,0.1228,0,0,2,2,0,0,1,0,4.6858,1,1,1,1,http://apple.com.suspended-notice-651.work/login?ref=7191
56,34,6,3,2,0,1,1,3,0,0,7,0.125,0,0,2,2,0,0,1,0,4.6088,1,1,1,1,http://instagram.com.auth-portal-227.work/login?ref=1010
54,32,6,3,2,0,1,1,3,0,0,7,0.1296,0,0,2,2,0,0,1,0,4.5599,1,1,1,1,http://apple.com.account-alert-725.club/login?ref=2519
30,9,14,1,0,0,0,0,5,0,0,1,0.0333,0,0,0,0,0,0,0,0,3.8947,0,0,0,0,http://adobe.com/api/v1/status
67,17,30,3,2,0,1,1,5,0,0,8,0.1194,0,0,0,2,0,0,1,1,4.7363,1,1,0,1,http://free-host-27.club//www.bankofamerica.com/update?token=989325
68,49,12,2,4,0,0,0,3,0,0,0,0.0,0,0,0,3,0,0,1,0,4.3318,1,1,0,1,http://secure-bankofamerica-suspended-notice-center.work/signin.html
43,11,25,1,2,0,0,0,3,0,0,1,0.0233,0,1,0,0,0,0,0,0,4.4173,0,1,0,1,http://tinyurl.com/xeVSicN3-microsoft-alert
111,25,10,2,2,0,1,2,3,0,1,27,0.2432,0,0,0,3,0,0,1,0,4.9141,1,1,0,1,http://portal-netflix-verify.top/index.php?token=6efa1031989fe25894f08f7be919d107bccbfab402ee4d5a&auth=required
29,7,14,1,0,0,0,0,5,0,0,1,0.0345,0,0,0,0,1,0,0,0,3.6175,0,0,0,0,https://mit.edu/api/v1/status
110,24,10,2,2,0,1,2,3,0,1,34,0.3091,0,0,0,3,0,0,1,0,4.8612,1,1,0,1,http://portal-apple-verify.buzz/index.php?token=4658716b116fc296c79e585ae86865188a93562ee7ca15ee&auth=required
51,32,12,2,3,0,0,0,3,0,0,0,0.0,0,0,0,3,0,0,1,0,4.346,1,1,0,1,http://secure-facebook-verify-center.tk/signin.html
32,16,8,2,0,0,0,0,3,0,0,0,0.0,0,0,1,0,1,0,0,0,3.7806,0,0,0,0,https://portal.twitch.tv/privacy
23,15,0,2,0,0,0,0,2,0,0,0,0.0,0,0,1,0,1,0,0,0,3.7951,0,0,0,0,https://api.reuters.com
44,11,26,1,2,0,0,0,3,0,0,2,0.0455,0,1,0,0,0,0,0,0,4.6978,0,0,0,1,http://tinyurl.com/1VzjqL0Q-wellsfargo-alert
61,16,25,3,2,0,1,1,5,0,0,8,0.1311,0,0,0,2,0,0,1,1,4.6733,1,1,0,1,http://free-host-50.icu//www.facebook.com/update?token=298153
37,7,23,1,2,0,0,0,3,0,0,0,0.0,0,1,0,0,0,0,0,0,4.2062,0,0,0,1,http://cutt.ly/eqhqkVNV-binance-alert
59,37,6,3,2,0,1,1,3,0,0,7,0.1186,0,0,2,2,0,0,1,0,4.531,1,1,1,1,http://google.com.confirm-identity-227.click/login?ref=4534
44,16,20,2,0,0,0,0,4,0,0,0,0.0,0,0,1,1,1,0,0,0,4.1635,0,0,0,0,https://login.github.com/dashboard/analytics
56,13,27,4,1,0,1,1,4,0,0,15,0.2679,1,0,0,2,0,0,0,0,4.7159,0,1,0,1,http://209.112.45.97/paypal/billing-resolve.php?id=69367
45,17,20,2,0,0,0,0,4,0,0,0,0.0,0,0,1,0,1,0,0,0,4.028,0,0,0,0,https://app.microsoft.com/category/technology
35,5,23,1,2,0,0,0,3,0,0,1,0.0286,0,1,0,0,0,0,0,0,4.2973,0,1,0,1,http://rb.gy/XIetNh4T-netflix-alert
43,11,25,1,2,0,0,0,3,0,0,2,0.0465,0,1,0,0,0,0,0,0,4.499,0,1,0,1,http://tinyurl.com/OVNsb51h-instagram-alert
59,37,6,3,2,0,1,1,3,0,0,7,0.1186,0,0,2,2,0,0,1,0,4.6033,0,1,1,1,http://netflix.com.suspended-notice-720.info/login?ref=1804
59,40,12,2,4,0,0,0,3,0,0,0,0.0,0,0,0,3,0,0,1,0,4.2875,1,1,0,1,http://secure-paypal-session-unlock-center.work/signin.html
112,26,10,2,2,0,1,2,3,0,1,27,0.2411,0,0,0,3,0,0,1,0,4.9025,1,1,0,1,http://portal-facebook-verify.icu/index.php?token=dda94ef9619f9331e34799fb12844fd6e86dcb5daff5c60a&auth=required
111,25,10,2,2,0,1,2,3,0,1,33,0.2973,0,0,0,3,0,0,1,0,5.047,1,1,0,1,http://portal-google-verify.work/index.php?token=50f8aa60152fcd1f99d1cb07579c73f9300c47ab59807273&auth=required
60,13,31,4,1,0,1,1,4,0,0,15,0.25,1,0,0,1,0,0,0,0,4.5903,0,1,0,1,http://207.39.113.86/microsoft/confirm-identity.php?id=18686
21,13,0,2,0,0,0,0,2,0,0,0,0.0,0,0,1,0,1,0,0,0,3.8209,0,0,0,0,https://help.ebay.com
60,38,6,3,2,0,1,1,3,0,0,7,0.1167,0,0,2,2,0,0,1,0,4.6522,1,1,1,1,http://facebook.com.confirm-identity-623.loan/login?ref=2078
59,16,23,3,2,0,1,1,5,0,0,8,0.1356,0,0,0,3,0,0,1,1,4.6794,1,1,0,1,http://free-host-55.xyz//www.paypal.com/update?token=367050
57,35,6,3,2,0,1,1,3,0,0,7,0.1228,0,0,2,1,0,0,1,0,4.5523,0,1,1,1,http://chase.com.session-unlock-812.online/login?ref=8051
42,11,24,1,2,0,0,0,3,0,0,1,0.0238,0,1,0,0,0,0,0,0,4.425,0,1,0,1,http://tinyurl.com/HltmcGw2-facebook-alert
30,14,8,1,0,0,0,0,3,0,0,0,0.0,0,0,0,0,1,0,0,0,3.9647,0,0,0,0,https://wellsfargo.com/contact
56,34,6,3,2,0,1,1,3,0,0,7,0.125,0,0,2,2,0,0,1,0,4.5174,1,1,1,1,http://google.com.account-alert-204.click/login?ref=1129
112,26,10,2,2,0,1,2,3,0,1,27,0.2411,0,0,0,3,0,0,1,0,4.9532,0,1,0,1,http://portal-netflix-verify.info/index.php?token=1351a4eae95c8ef7b34c3976424da1a2dcb0c285d8fe6fd7&auth=required
32,16,8,2,0,0,0,0,3,0,0,0,0.0,0,0,1,0,1,0,0,0,3.7928,0,0,0,0,https://my.instagram.com/contact
44,15,21,2,0,0,0,0,6,0,0,6,0.1364,0,0,1,0,1,0,0,0,4.209,0,0,0,0,https://api.reuters.com/news/2026/08/article
54,36,11,2,4,0,0,0,3,0,0,1,0.0185,0,0,0,2,0,0,1,0,4.306,0,0,0,1,http://app1e-id-locked-account-restore.info/verify.php
65,19,26,3,2,0,1,1,5,0,0,8,0.1231,0,0,0,2,0,0,1,1,4.6416,0,1,0,1,http://free-host-98.online//www.instagram.com/update?token=323000
30,8,14,1,0,0,0,0,5,0,0,1,0.0333,0,0,0,0,1,0,0,0,3.6947,0,0,0,0,https://pypi.org/api/v1/status
48,26,6,3,1,0,1,1,3,0,0,7,0.1458,0,0,2,2,0,0,1,0,4.6415,1,0,1,1,http://binance.com.verify-419.top/login?ref=7498
62,43,12,2,4,0,0,0,3,0,0,0,0.0,0,0,0,3,0,0,1,0,4.1096,1,0,0,1,http://secure-binance-suspended-notice-center.loan/signin.html
59,17,22,3,2,0,1,1,5,0,0,8,0.1356,0,0,0,2,0,0,1,1,4.5677,1,1,0,1,http://free-host-34.work//www.apple.com/update?token=951635
33,17,8,1,0,0,0,0,3,0,0,0,0.0,0,0,0,0,1,0,0,0,4.165,0,0,0,0,https://stackoverflow.com/privacy
34,5,22,1,2,0,0,0,3,0,0,1,0.0294,0,1,0,1,0,0,0,0,4.0575,0,1,0,1,http://rb.gy/AVvvyY2y-paypal-alert
23,15,0,2,0,0,0,0,2,0,0,0,0.0,0,0,1,0,1,0,0,0,3.9149,0,0,0,0,https://dev.shopify.com
24,11,5,1,0,0,0,0,3,0,0,0,0.0,0,0,0,0,1,0,0,0,3.7721,0,0,0,0,https://nytimes.com/help
22,14,0,2,0,0,0,0,2,0,0,0,0.0,0,0,1,0,1,0,0,0,3.8797,0,0,0,0,https://www.kaggle.com
27,15,4,2,0,0,0,0,3,0,0,0,0.0,0,0,1,0,1,0,0,0,4.0603,0,0,0,0,https://dev.shopify.com/faq
110,24,10,2,2,0,1,2,3,0,1,30,0.2727,0,0,0,3,0,0,1,0,4.964,1,1,0,1,http://portal-chase-verify.work/index.php?token=f40a5d78d676157bfe56e7222a2493404b492de5f7bea1fa&auth=required
38,6,25,1,2,0,0,0,3,0,0,1,0.0263,0,1,0,0,0,0,0,0,4.3962,0,1,0,1,http://bit.ly/G8pvzzsR-microsoft-alert
59,40,12,2,4,0,0,0,3,0,0,1,0.0169,0,0,0,4,0,0,1,0,4.3099,1,0,0,1,http://secure-chas3-security-update-center.work/signin.html
25,9,8,1,0,0,0,0,3,0,0,0,0.0,0,0,0,0,1,0,0,0,4.0537,0,0,0,0,https://adobe.com/privacy
63,44,12,2,4,0,0,0,3,0,0,0,0.0,0,0,0,4,0,0,1,0,4.1688,0,1,0,1,http://secure-instagram-security-update-center.live/signin.html
60,38,6,3,2,0,1,1,3,0,0,7,0.1167,0,0,2,1,0,0,1,0,4.7029,0,0,1,1,http://wellsfargo.com.session-unlock-538.live/login?ref=6671
59,16,23,3,2,0,1,1,5,0,0,8,0.1356,0,0,0,3,0,0,1,1,4.7133,1,1,0,1,http://free-host-31.xyz//www.paypal.com/update?token=353260
38,6,25,1,2,0,0,0,3,0,0,0,0.0,0,1,0,0,0,0,0,0,4.2711,0,1,0,1,http://bit.ly/iccaFLJj-instagram-alert
59,40,12,2,4,0,0,0,3,0,0,0,0.0,0,0,0,3,0,0,1,0,4.2598,1,1,0,1,http://secure-amazon-billing-resolve-center.icu/signin.html
35,7,21,1,2,0,0,0,3,0,0,2,0.0571,0,1,0,0,0,0,0,0,4.1043,0,1,0,1,http://cutt.ly/zTyZQ2c3-apple-alert
65,14,35,4,1,0,1,1,4,0,0,16,0.2462,1,0,0,1,0,0,0,0,4.7072,0,1,0,1,http://99.209.114.171/bankofamerica/confirm-identity.php?id=93158
52,13,23,4,1,0,1,1,4,0,0,15,0.2885,1,0,0,1,0,0,0,0,4.3952,0,1,0,1,http://210.211.140.9/google/auth-portal.php?id=98071
64,45,12,2,4,0,0,0,3,0,0,2,0.0312,0,0,0,4,0,0,1,0,4.2415,1,0,0,1,http://secure-micr0s0ft-security-update-center.click/signin.html
59,13,25,4,1,0,1,1,4,0,0,19,0.322,1,0,0,0,0,1,0,0,4.6644,0,1,0,1,http://35.225.166.58:4444/apple/session-unlock.php?id=79311
21,13,0,2,0,0,0,0,2,0,0,0,0.0,0,0,1,0,1,0,0,0,3.5945,0,0,0,0,https://api.yahoo.com
39,11,21,1,2,0,0,0,3,0,0,2,0.0513,0,1,0,0,0,0,0,0,4.4068,0,1,0,1,http://tinyurl.com/CqdIq98u-apple-alert
60,17,23,3,2,0,1,1,5,0,0,8,0.1333,0,0,0,3,0,0,1,1,4.7696,1,1,0,1,http://free-host-68.buzz//www.paypal.com/update?token=925197
64,17,27,3,2,0,1,1,5,0,0,8,0.125,0,0,0,2,0,0,1,1,4.7565,1,0,0,1,http://free-host-22.buzz//www.wellsfargo.com/update?token=368056
57,35,6,3,2,0,1,1,3,0,0,7,0.1228,0,0,2,2,0,0,1,0,4.5805,1,1,1,1,http://google.com.billing-resolve-867.club/login?ref=8534
63,16,27,3,2,0,1,1,5,0,0,8,0.127,0,0,0,2,0,0,1,1,4.6464,1,0,0,1,http://free-host-48.top//www.wellsfargo.com/update?token=615276
52,30,6,3,2,0,1,1,3,0,0,7,0.1346,0,0,2,2,0,0,1,0,4.445,0,1,1,1,http://apple.com.auth-portal-800.live/login?ref=3033
56,13,27,4,1,0,1,1,4,0,0,15,0.2679,1,0,0,1,0,0,0,0,4.5257,0,1,0,1,http://169.254.53.26/chase/suspended-notice.php?id=55076
44,16,20,2,0,0,0,0,4,0,0,0,0.0,0,0,1,0,1,0,0,0,4.0838,0,0,0,0,https://blog.shopify.com/category/technology
62,19,23,3,2,0,1,1,5,0,0,8,0.129,0,0,0,2,0,0,1,1,4.5912,0,1,0,1,http://free-host-86.online//www.google.com/update?token=381164
59,17,22,3,2,0,1,1,5,0,0,8,0.1356,0,0,0,2,0,0,1,1,4.6182,1,1,0,1,http://free-host-63.club//www.chase.com/update?token=131462
60,17,23,3,2,0,1,1,5,0,0,8,0.1333,0,0,0,2,0,0,1,1,4.5427,1,1,0,1,http://free-host-55.loan//www.google.com/update?token=259457
58,36,6,3,2,0,1,1,3,0,0,7,0.1207,0,0,2,3,0,0,1,0,4.7194,1,1,1,1,http://instagram.com.security-update-909.tk/login?ref=6411
111,25,10,2,2,0,1,2,3,0,1,26,0.2342,0,0,0,3,0,0,1,0,4.937,0,1,0,1,http://portal-amazon-verify.live/index.php?token=3e09f9a72e1724dfb5dd35ecfcc77faed258a677c327bf53&auth=required
42,11,24,1,2,0,0,0,3,0,0,3,0.0714,0,1,0,0,0,0,0,0,4.4992,0,1,0,1,http://tinyurl.com/7vourj43-facebook-alert
40,11,22,1,2,0,0,0,3,0,0,2,0.05,0,1,0,1,0,0,0,0,4.3587,0,1,0,1,http://tinyurl.com/syr3Cqf9-paypal-alert
111,25,10,2,2,0,1,2,3,0,1,33,0.2973,0,0,0,4,0,0,1,0,4.9447,0,1,0,1,http://portal-paypal-verify.info/index.php?token=37a441e0437fc13334d89cab254cf9c69738ede01a906636&auth=required
22,11,4,2,0,0,0,0,3,0,0,0,0.0,0,0,1,0,0,0,0,0,3.6635,0,0,0,0,http://app.nih.gov/faq
112,26,10,2,2,0,1,2,3,0,1,31,0.2768,0,0,0,3,0,0,1,0,4.933,1,1,0,1,http://portal-facebook-verify.icu/index.php?token=48e9ac10709b93a0e18eda41d2f9ef47ae46265e783b8739&auth=required
39,6,26,1,2,0,0,0,3,0,0,0,0.0,0,1,0,0,0,0,0,0,4.2823,0,0,0,1,http://bit.ly/CkIjrlwf-wellsfargo-alert
63,44,12,2,4,0,0,0,3,0,0,0,0.0,0,0,0,3,0,0,1,0,4.0944,1,1,0,1,http://secure-microsoft-suspended-notice-center.icu/signin.html
109,23,10,2,2,0,1,2,3,0,1,28,0.2569,0,0,0,3,0,0,1,0,4.8991,1,1,0,1,http://portal-google-verify.tk/index.php?token=26e62dfe54e064e7428e3dc6ef5d49811ca6ad6ac9576ca0&auth=required
113,27,10,2,2,0,1,2,3,0,1,30,0.2655,0,0,0,3,0,0,1,0,4.9104,1,0,0,1,http://portal-binance-verify.click/index.php?token=096f4cf9f95a42cc9c20e9d1a7750c8dc8a124d444913be4&auth=required
58,36,6,3,2,0,1,1,3,0,0,7,0.1207,0,0,2,3,0,0,1,0,4.7159,1,1,1,1,http://facebook.com.security-update-990.top/login?ref=8842
63,41,6,3,2,0,1,1,3,0,0,7,0.1111,0,0,2,2,0,0,1,0,4.7052,1,1,1,1,http://bankofamerica.com.billing-resolve-348.icu/login?ref=4166
114,28,10,2,2,0,1,2,3,0,1,31,0.2719,0,0,0,3,0,0,1,0,5.0003,0,1,0,1,http://portal-instagram-verify.live/index.php?token=b05d3e1b390a7017c109c981d056ec5d6d671cb9b6b649f7&auth=required
32,19,5,2,0,0,0,0,3,0,0,0,0.0,0,0,1,0,1,0,0,0,4.0389,0,0,0,0,https://mail.wellsfargo.com/help
111,25,10,2,2,0,1,2,3,0,1,32,0.2883,0,0,0,3,0,0,1,0,5.008,1,1,0,1,http://portal-google-verify.buzz/index.php?token=68f60677c1462b8ecb29ae7196572aa9fea3e442210a62b0&auth=required
59,16,23,3,2,0,1,1,5,0,0,8,0.1356,0,0,0,2,0,0,1,1,4.6971,1,1,0,1,http://free-host-39.icu//www.google.com/update?token=466087
39,11,20,1,0,0,0,0,4,0,0,0,0.0,0,0,0,0,1,0,0,0,4.0353,0,0,0,0,https://spotify.com/dashboard/analytics
34,6,21,1,2,0,0,0,3,0,0,4,0.1176,0,1,0,0,0,0,0,0,4.1385,0,1,0,1,http://bit.ly/0P9yPW24-apple-alert
114,28,10,2,2,0,1,2,3,0,1,35,0.307,0,0,0,3,0,0,1,0,4.9134,0,0,0,1,http://portal-binance-verify.online/index.php?token=25a1f17995059661a6556b6f62ae753ccf3178b809e31a78&auth=required
56,34,6,3,2,0,1,1,3,0,0,7,0.125,0,0,2,3,0,0,1,0,4.4834,1,1,1,1,http://paypal.com.account-alert-606.click/login?ref=3363
34,12,14,2,0,0,0,0,5,0,0,1,0.0294,0,0,1,0,1,0,0,0,3.8414,0,0,0,0,https://help.zoom.us/api/v1/status
47,15,24,2,1,0,0,0,5,0,0,1,0.0213,0,0,1,0,1,0,0,0,4.219,0,0,0,0,https://blog.github.com/docs/v2/getting-started
28,14,6,2,0,0,0,0,3,0,0,0,0.0,0,0,1,0,1,0,0,0,3.7979,0,0,0,0,https://blog.twitch.tv/about
61,42,12,2,4,0,0,0,3,0,0,0,0.0,0,0,0,3,0,0,1,0,4.2416,1,0,0,1,http://secure-binance-billing-resolve-center.work/signin.html
59,37,6,3,2,0,1,1,3,0,0,7,0.1186,0,0,2,2,0,0,1,0,4.576,0,1,1,1,http://amazon.com.billing-resolve-497.online/login?ref=3077
48,20,20,2,0,0,0,0,4,0,0,0,0.0,0,0,1,1,1,0,0,0,4.2385,0,0,0,0,https://login.cloudflare.com/dashboard/analytics
114,28,10,2,2,0,1,2,3,0,1,29,0.2544,0,0,0,3,0,0,1,0,5.029,1,1,0,1,http://portal-instagram-verify.buzz/index.php?token=cd80ffd95ce2ce2042383ca5ea50d3170fc1327356af30d6&auth=required
43,15,20,2,0,0,0,0,4,0,0,0,0.0,0,0,1,0,1,0,0,0,4.1353,0,0,0,0,https://www.spotify.com/dashboard/analytics
34,18,8,2,0,0,0,0,3,0,0,0,0.0,0,0,1,0,1,0,0,0,3.9147,0,0,0,0,https://help.instagram.com/contact
42,12,22,2,0,0,0,0,5,0,0,0,0.0,0,0,1,0,1,0,0,0,4.062,0,0,0,0,https://my.vimeo.com/user/profile/settings
46,18,20,2,0,0,0,0,4,0,0,0,0.0,0,0,1,0,1,0,0,0,4.1785,0,0,0,0,https://api.cloudflare.com/category/technology
59,16,23,3,2,0,1,1,5,0,0,8,0.1356,0,0,0,2,0,0,1,1,4.5954,1,1,0,1,http://free-host-68.icu//www.google.com/update?token=978838
65,13,31,4,1,0,1,1,4,0,0,19,0.2923,1,0,0,1,0,1,0,0,4.6048,0,1,0,1,http://140.48.222.36:8888/microsoft/suspended-notice.php?id=29403
43,7,29,1,2,0,0,0,3,0,0,4,0.093,0,1,0,0,0,0,0,0,4.6271,0,1,0,1,http://cutt.ly/Q1gx9F74-bankofamerica-alert
63,17,26,3,2,0,1,1,5,0,0,8,0.127,0,0,0,2,0,0,1,1,4.598,1,1,0,1,http://free-host-68.loan//www.microsoft.com/update?token=808121
63,14,28,4,1,0,1,1,4,0,0,20,0.3175,1,0,0,1,0,1,0,0,4.6673,0,1,0,1,http://104.107.250.21:3000/google/confirm-identity.php?id=58263
61,15,26,3,2,0,1,1,5,0,0,8,0.1311,0,0,0,2,0,0,1,1,4.6147,1,1,0,1,http://free-host-37.tk//www.instagram.com/update?token=525371
117,31,10,2,2,0,1,2,3,0,1,30,0.2564,0,0,0,3,0,0,1,0,4.9134,1,1,0,1,http://portal-bankofamerica-verify.top/index.php?token=4d77684519414175aaff2f7441c2f10b9d8ebe8f3d12f4ec&auth=required
113,27,10,2,2,0,1,2,3,0,1,23,0.2035,0,0,0,3,0,0,1,0,5.0096,1,1,0,1,http://portal-instagram-verify.icu/index.php?token=90e16f8c4065af3d342dbb7df87bdac0ccbafd2f4bf2e957&auth=required
59,40,12,2,4,0,0,0,3,0,0,1,0.0169,0,0,0,4,0,0,1,0,4.3182,1,0,0,1,http://secure-amaz0n-security-update-center.xyz/signin.html
25,13,4,2,0,0,0,0,3,0,0,0,0.0,0,0,1,0,1,0,0,0,3.9435,0,0,0,0,https://api.adobe.com/faq
56,34,6,3,2,0,1,1,3,0,0,7,0.125,0,0,2,2,0,0,1,0,4.7177,1,0,1,1,http://binance.com.billing-resolve-489.tk/login?ref=1705
60,17,23,3,2,0,1,1,5,0,0,8,0.1333,0,0,0,2,0,0,1,1,4.6094,1,1,0,1,http://free-host-58.loan//www.amazon.com/update?token=117210
112,26,10,2,2,0,1,2,3,0,1,30,0.2679,0,0,0,3,0,0,1,0,4.9593,1,0,0,1,http://portal-binance-verify.work/index.php?token=8d3cbe3166d9a187da6a7e1fcbff5c13a4372264f9331957&auth=required
64,19,25,3,2,0,1,1,5,0,0,8,0.125,0,0,0,2,0,0,1,1,4.6484,0,1,0,1,http://free-host-45.online//www.facebook.com/update?token=104691
56,34,6,3,2,0,1,1,3,0,0,7,0.125,0,0,2,2,0,0,1,0,4.7757,1,1,1,1,http://amazon.com.billing-resolve-272.xyz/login?ref=6570
45,17,20,1,0,0,0,0,4,0,0,0,0.0,0,0,0,0,1,0,0,0,4.1169,0,0,0,0,https://stackoverflow.com/category/technology
56,34,6,3,2,0,1,1,3,0,0,7,0.125,0,0,2,1,0,0,1,0,4.6638,1,1,1,1,http://netflix.com.session-unlock-767.xyz/login?ref=6857
42,13,21,1,0,0,0,0,6,0,0,6,0.1429,0,0,0,0,1,0,0,0,4.2072,0,0,0,0,https://microsoft.com/news/2026/08/article
25,16,1,2,0,0,0,0,3,0,0,0,0.0,0,0,1,0,1,0,0,0,3.9435,0,0,0,0,https://api.linkedin.com/
112,26,10,2,2,0,1,2,3,0,1,29,0.2589,0,0,0,3,0,0,1,0,5.0068,1,1,0,1,http://portal-facebook-verify.xyz/index.php?token=7a61cb3859d8475ca15461cf2e7e21f845fb336ef6d0bc1c&auth=required
42,12,22,2,0,0,0,0,5,0,0,0,0.0,0,0,1,0,1,0,0,0,4.0406,0,0,0,0,https://my.twitch.tv/user/profile/settings
50,28,6,3,1,0,1,1,3,0,0,7,0.14,0,0,2,2,0,0,1,0,4.7133,1,1,1,1,http://microsoft.com.verify-627.xyz/login?ref=1158
42,13,22,1,0,0,0,0,5,0,0,0,0.0,0,0,0,0,0,0,0,0,4.0237,0,0,0,0,http://wikipedia.org/user/profile/settings
43,14,21,1,1,0,0,0,4,0,0,6,0.1395,0,0,0,0,1,0,0,0,4.3679,0,0,0,0,https://aliexpress.com/products/item-129481
59,37,6,3,2,0,1,1,3,0,0,7,0.1186,0,0,2,1,0,0,1,0,4.6872,1,1,1,1,http://instagram.com.session-unlock-351.club/login?ref=7030
61,18,23,3,2,0,1,1,5,0,0,8,0.1311,0,0,0,2,0,0,1,1,4.6733,1,1,0,1,http://free-host-69.click//www.google.com/update?token=602405
59,16,23,3,2,0,1,1,5,0,0,8,0.1356,0,0,0,2,0,0,1,1,4.4843,1,1,0,1,http://free-host-76.top//www.amazon.com/update?token=516511
54,32,6,3,2,0,1,1,3,0,0,7,0.1296,0,0,2,2,0,0,1,0,4.634,1,1,1,1,http://chase.com.billing-resolve-581.tk/login?ref=1212
59,40,12,2,4,0,0,0,3,0,0,0,0.0,0,0,0,2,0,0,1,0,4.0945,1,0,0,1,http://secure-binance-session-unlock-center.icu/signin.html
34,5,22,1,2,0,0,0,3,0,0,2,0.0588,0,1,0,1,0,0,0,0,4.2928,0,1,0,1,http://rb.gy/GIjP1sE9-paypal-alert
58,14,28,4,1,0,1,1,4,0,0,16,0.2759,1,0,0,2,0,0,0,0,4.5927,0,1,0,1,http://112.31.167.145/paypal/suspended-notice.php?id=38892
62,13,33,4,1,0,1,1,4,0,0,15,0.2419,1,0,0,0,0,0,0,0,4.6833,0,1,0,1,http://141.130.70.10/bankofamerica/session-unlock.php?id=14139
57,14,27,4,1,0,1,1,4,0,0,16,0.2807,1,0,0,2,0,0,0,0,4.7037,0,1,0,1,http://150.228.239.27/amazon/security-update.php?id=50926
53,31,6,3,1,0,1,1,3,0,0,7,0.1321,0,0,2,2,0,0,1,0,4.7695,1,1,1,1,http://bankofamerica.com.verify-529.tk/login?ref=8603
30,14,8,2,0,0,0,0,3,0,0,0,0.0,0,0,1,0,1,0,0,0,4.1232,0,0,0,0,https://mail.adobe.com/privacy
46,18,20,2,0,0,0,0,4,0,0,0,0.0,0,0,1,1,1,0,0,0,4.1435,0,0,0,0,https://login.stanford.edu/category/technology
48,20,20,2,0,0,0,0,4,0,0,0,0.0,0,0,1,0,1,0,0,0,4.0034,0,0,0,0,https://portal.microsoft.com/category/technology
20,7,5,1,0,0,0,0,3,0,0,0,0.0,0,0,0,0,1,0,0,0,3.5464,0,0,0,0,https://mit.edu/help
37,10,20,1,0,0,0,0,4,0,0,0,0.0,0,0,0,0,0,0,0,0,3.9696,0,0,0,0,http://github.com/category/technology
26,10,8,1,0,0,0,0,3,0,0,0,0.0,0,0,0,0,1,0,0,0,3.5074,0,0,0,0,https://amazon.com/contact
62,19,23,3,2,0,1,1,5,0,0,8,0.129,0,0,0,3,0,0,1,1,4.6986,0,1,0,1,http://free-host-15.online//www.paypal.com/update?token=765284
37,5,25,1,2,0,0,0,3,0,0,2,0.0541,0,1,0,0,0,0,0,0,4.52,0,1,0,1,http://rb.gy/x8B3BDZh-microsoft-alert
45,15,22,2,0,0,0,0,4,0,0,0,0.0,0,0,1,0,1,0,0,0,3.9413,0,0,0,0,https://help.google.com/resources/whitepapers
53,31,6,3,2,0,1,1,3,0,0,7,0.1321,0,0,2,3,0,0,1,0,4.6001,1,1,1,1,http://paypal.com.auth-portal-445.work/login?ref=8640
55,12,27,4,1,0,1,1,4,0,0,14,0.2545,1,0,0,1,0,0,0,0,4.5628,0,0,0,1,http://166.138.2.35/wellsfargo/auth-portal.php?id=17671
23,11,4,1,0,0,0,0,3,0,0,0,0.0,0,0,0,0,1,0,0,0,3.8492,0,0,0,0,https://reuters.com/faq
36,6,23,1,2,0,0,0,3,0,0,0,0.0,0,1,0,0,0,0,0,0,4.3712,0,0,0,1,http://bit.ly/EskGPqsA-binance-alert
58,15,22,4,1,0,1,1,4,0,0,21,0.3621,1,0,0,1,0,1,0,0,4.4481,0,1,0,1,http://105.220.113.165:4444/apple/auth-portal.php?id=68392
53,31,6,3,2,0,1,1,3,0,0,7,0.1321,0,0,2,3,0,0,1,0,4.6521,1,1,1,1,http://paypal.com.auth-portal-705.work/login?ref=1746
62,18,24,3,2,0,1,1,5,0,0,8,0.129,0,0,0,2,0,0,1,1,4.6219,1,0,0,1,http://free-host-22.click//www.binance.com/update?token=880801
59,40,12,2,4,0,0,0,3,0,0,2,0.0339,0,0,0,3,0,0,1,0,4.3148,1,0,0,1,http://secure-n3tf1ix-billing-resolve-center.tk/signin.html
37,6,24,1,2,0,0,0,3,0,0,1,0.027,0,1,0,0,0,0,0,0,4.4119,0,1,0,1,http://bit.ly/bBGjQQE0-facebook-alert
110,24,10,2,2,0,1,2,3,0,1,35,0.3182,0,0,0,3,0,0,1,0,4.8398,0,1,0,1,http://portal-apple-verify.live/index.php?token=2b00ff524427f40e80b70a99e88452ed54f84865389d039e&auth=required
67,17,30,3,2,0,1,1,5,0,0,8,0.1194,0,0,0,2,0,0,1,1,4.6173,1,1,0,1,http://free-host-99.loan//www.bankofamerica.com/update?token=131398
43,11,24,1,1,0,0,0,5,0,0,1,0.0233,0,0,0,0,1,0,0,0,4.1525,0,0,0,0,https://walmart.com/docs/v2/getting-started
47,11,29,1,2,0,0,0,3,0,0,2,0.0426,0,1,0,0,0,0,0,0,4.5116,0,1,0,1,http://tinyurl.com/G3iGn2jN-bankofamerica-alert
110,24,10,2,2,0,1,2,3,0,1,30,0.2727,0,0,0,3,0,0,1,0,4.9834,0,1,0,1,http://portal-chase-verify.info/index.php?token=7efd23030b4ab6341f960862eb4da53e41ebc53785e9c24c&auth=required
59,14,29,4,1,0,1,1,4,0,0,16,0.2712,1,0,0,1,0,0,0,0,4.6372,0,1,0,1,http://209.169.89.135/netflix/confirm-identity.php?id=62429
24,11,5,2,0,0,0,0,3,0,0,0,0.0,0,0,1,0,1,0,0,0,3.9702,0,0,0,0,https://mail.un.org/help
38,7,24,1,2,0,0,0,3,0,0,1,0.0263,0,1,0,0,0,0,0,0,4.291,0,1,0,1,http://cutt.ly/yx1WVcLc-facebook-alert
53,31,6,3,1,0,1,1,3,0,0,7,0.1321,0,0,2,2,0,0,1,0,4.5412,0,1,1,1,http://microsoft.com.verify-468.online/login?ref=4963
56,13,27,4,1,0,1,1,4,0,0,15,0.2679,1,0,0,1,0,0,0,0,4.6241,0,1,0,1,http://45.145.106.36/chase/confirm-identity.php?id=74696
35,5,23,1,2,0,0,0,3,0,0,3,0.0857,0,1,0,0,0,0,0,0,4.3789,0,0,0,1,http://rb.gy/HcbEd295-binance-alert
32,16,8,2,0,0,0,0,3,0,0,0,0.0,0,0,1,0,1,0,0,0,4.1167,0,0,0,0,https://dev.stanford.edu/privacy
63,44,12,2,4,0,0,0,3,0,0,0,0.0,0,0,0,4,0,0,1,0,4.1789,0,1,0,1,http://secure-netflix-security-update-center.online/signin.html
57,14,27,4,1,0,1,1,4,0,0,16,0.2807,1,0,0,1,0,0,0,0,4.4419,0,1,0,1,http://12.166.222.142/chase/suspended-notice.php?id=95302
27,14,6,2,0,0,0,0,3,0,0,0,0.0,0,0,1,0,0,0,0,0,3.8282,0,0,0,0,http://aws.amazon.com/terms
27,13,6,2,0,0,0,0,3,0,0,0,0.0,0,0,1,0,1,0,0,0,3.8282,0,0,0,0,https://dev.apple.com/terms
23,14,1,1,0,0,0,0,3,0,0,0,0.0,0,0,0,0,1,0,0,0,3.969,0,0,0,0,https://wellsfargo.com/
66,15,30,4,1,0,1,1,4,0,0,21,0.3182,1,0,0,1,0,1,0,0,4.7015,0,1,0,1,http://138.184.214.245:3000/bankofamerica/auth-portal.php?id=82278
22,14,0,2,0,0,0,0,2,0,0,0,0.0,0,0,1,0,1,0,0,0,3.6978,0,0,0,0,https://www.target.com
61,16,25,3,2,0,1,1,5,0,0,8,0.1311,0,0,0,2,0,0,1,1,4.6733,1,1,0,1,http://free-host-52.icu//www.facebook.com/update?token=806481
21,13,0,1,0,0,0,0,2,0,0,0,0.0,0,0,0,0,1,0,0,0,3.7849,0,0,0,0,https://instagram.com
110,24,10,2,2,0,1,2,3,0,1,30,0.2727,0,0,0,3,0,0,1,0,4.9709,1,1,0,1,http://portal-google-verify.icu/index.php?token=f4d12d28aba9fb036d31da30c4a520b8202e6cc40963c324&auth=required
52,11,7,3,0,0,1,2,3,0,1,1,0.0192,0,0,1,0,1,0,0,0,4.5584,0,0,0,0,https://my.ox.ac.uk/search?q=machine+learning&page=2
22,13,1,2,0,0,0,0,3,0,0,0,0.0,0,0,1,1,1,0,0,0,3.6635,0,0,0,0,https://login.cnn.com/
62,43,12,2,4,0,0,0,3,0,0,4,0.0645,0,0,0,3,0,0,1,0,4.422,1,0,0,1,http://secure-w311sfarg0-account-alert-center.work/signin.html
114,28,10,2,2,0,1,2,3,0,1,32,0.2807,0,0,0,3,0,0,1,0,5.0437,1,1,0,1,http://portal-instagram-verify.buzz/index.php?token=60881196db377a248bc73191284a1e6fa6207019cdc8eaaf&auth=required
31,15,8,2,0,0,0,0,3,0,0,0,0.0,0,0,1,0,1,0,0,0,3.9378,0,0,0,0,https://dev.dropbox.com/contact
39,11,20,2,0,0,0,0,4,0,0,0,0.0,0,0,1,0,1,0,0,0,4.1604,0,0,0,0,https://www.mit.edu/category/technology
57,13,28,4,1,0,1,1,4,0,0,15,0.2632,1,0,0,1,0,0,0,0,4.7405,0,1,0,1,http://67.235.60.144/amazon/confirm-identity.php?id=39948
114,28,10,2,2,0,1,2,3,0,1,30,0.2632,0,0,0,3,0,0,1,0,4.9537,1,1,0,1,http://portal-facebook-verify.click/index.php?token=9d53868c53f5d8723f927cb0572140015eeff3eab7ff7a9d&auth=required
62,43,12,2,4,0,0,0,3,0,0,2,0.0323,0,0,0,2,0,0,1,0,4.2289,1,0,0,1,http://secure-micr0s0ft-session-unlock-center.club/signin.html
36,7,21,1,1,0,0,0,4,0,0,6,0.1667,0,0,0,0,1,0,0,0,4.2391,0,0,0,0,https://zoom.us/products/item-129481
31,17,6,1,0,0,0,0,3,0,0,0,0.0,0,0,0,0,1,0,0,0,3.9779,0,0,0,0,https://stackoverflow.com/terms
35,7,21,1,2,0,0,0,3,0,0,1,0.0286,0,1,0,0,0,0,0,0,4.1614,0,1,0,1,http://cutt.ly/kESaezD8-chase-alert
43,13,22,2,0,0,0,0,5,0,0,0,0.0,0,0,1,1,1,0,0,0,3.9873,0,0,0,0,https://login.cnn.com/user/profile/settings
51,11,7,2,0,0,1,2,3,0,1,1,0.0196,0,0,1,0,0,0,0,0,4.3756,0,0,0,0,http://api.irs.gov/search?q=machine+learning&page=2
60,12,27,4,1,0,1,1,4,0,0,18,0.3,1,0,0,0,0,1,0,0,4.6729,0,1,0,1,http://84.37.12.129:4444/netflix/session-unlock.php?id=85048
61,17,24,3,2,0,1,1,5,0,0,8,0.1311,0,0,0,2,0,0,1,1,4.7013,1,1,0,1,http://free-host-70.loan//www.netflix.com/update?token=629478
44,12,24,1,1,0,0,0,5,0,0,1,0.0227,0,0,0,0,1,0,0,0,4.2007,0,0,0,0,https://facebook.com/docs/v2/getting-started
21,12,1,2,0,0,0,0,3,0,0,0,0.0,0,0,1,0,1,0,0,0,3.4273,0,0,0,0,https://api.citi.com/
60,38,6,3,2,0,1,1,3,0,0,7,0.1167,0,0,2,2,0,0,1,0,4.4968,0,1,1,1,http://netflix.com.billing-resolve-755.online/login?ref=6882
58,36,6,3,2,0,1,1,3,0,0,7,0.1207,0,0,2,2,0,0,1,0,4.634,1,1,1,1,http://amazon.com.suspended-notice-858.loan/login?ref=4628
27,18,1,2,0,0,0,0,3,0,0,0,0.0,0,0,1,0,1,0,0,0,3.8101,0,0,0,0,https://app.aliexpress.com/
64,14,34,4,1,0,1,1,4,0,0,16,0.25,1,0,0,1,0,0,0,0,4.8355,0,1,0,1,http://100.227.233.32/bankofamerica/billing-resolve.php?id=80458
59,17,22,3,2,0,1,1,5,0,0,8,0.1356,0,0,0,2,0,0,1,1,4.5438,0,1,0,1,http://free-host-77.live//www.apple.com/update?token=838774
67,17,30,3,2,0,1,1,5,0,0,8,0.1194,0,0,0,2,0,0,1,1,4.6115,1,1,0,1,http://free-host-50.work//www.bankofamerica.com/update?token=961090
26,13,5,2,0,0,0,0,3,0,0,0,0.0,0,0,1,0,1,0,0,0,3.6903,0,0,0,0,https://api.chase.com/help
64,18,26,3,2,0,1,1,5,0,0,8,0.125,0,0,0,2,0,0,1,1,4.6187,1,1,0,1,http://free-host-91.click//www.instagram.com/update?token=194494
29,16,5,2,0,0,0,0,3,0,0,0,0.0,0,0,1,1,1,0,0,0,3.9523,0,0,0,0,https://login.github.com/help
113,27,10,2,2,0,1,2,3,0,1,31,0.2743,0,0,0,3,0,0,1,0,4.8873,0,1,0,1,http://portal-facebook-verify.info/index.php?token=b7e71e7da2b53fc261b70176737d1b252a955a382cab93b3&auth=required
57,35,6,3,2,0,1,1,3,0,0,7,0.1228,0,0,2,2,0,0,1,0,4.6024,0,1,1,1,http://chase.com.suspended-notice-535.info/login?ref=9129
38,10,20,2,0,0,0,0,4,0,0,0,0.0,0,0,1,0,1,0,0,0,4.1228,0,0,0,0,https://my.irs.gov/dashboard/analytics
114,28,10,2,2,0,1,2,3,0,1,23,0.2018,0,0,0,3,0,0,1,0,4.9363,1,0,0,1,http://portal-wellsfargo-verify.top/index.php?token=c957d934b777c232be6bbb99ae5c6e0fec49d2cbf8f9afea&auth=required
58,36,6,3,2,0,1,1,3,0,0,7,0.1207,0,0,2,2,0,0,1,0,4.5192,0,1,1,1,http://microsoft.com.account-alert-980.info/login?ref=7096
60,13,31,4,1,0,1,1,4,0,0,15,0.25,1,0,0,1,0,0,0,0,4.5172,0,1,0,1,http://114.163.71.48/instagram/suspended-notice.php?id=31844
22,14,0,1,0,0,0,0,2,0,0,0,0.0,0,0,0,0,1,0,0,0,3.7888,0,0,0,0,https://salesforce.com
57,35,6,3,2,0,1,1,3,0,0,7,0.1228,0,0,2,3,0,0,1,0,4.6306,0,1,1,1,http://paypal.com.billing-resolve-672.live/login?ref=4465
62,43,12,2,4,0,0,0,3,0,0,0,0.0,0,0,0,3,0,0,1,0,4.1452,1,0,0,1,http://secure-binance-billing-resolve-center.click/signin.html
115,29,10,2,2,0,1,2,3,0,1,32,0.2783,0,0,0,3,0,0,1,0,4.9956,1,0,0,1,http://portal-wellsfargo-verify.buzz/index.php?token=578074d948b274e195d0e7f9f9d180b57e9dab581a6b145d&auth=required
53,31,6,3,2,0,1,1,3,0,0,7,0.1321,0,0,2,2,0,0,1,0,4.6972,1,1,1,1,http://netflix.com.auth-portal-105.xyz/login?ref=9108
118,32,10,2,2,0,1,2,3,0,1,27,0.2288,0,0,0,3,0,0,1,0,4.9109,0,1,0,1,http://portal-bankofamerica-verify.live/index.php?token=9d5d0ccd440b7ccc78789e3a15f1a9279ee427bb4b9cc9f4&auth=required
54,26,20,3,0,0,0,0,4,0,0,0,0.0,0,0,2,0,1,0,0,0,4.167,0,0,0,0,https://mail.developer.mozilla.org/category/technology
57,38,12,2,4,0,0,0,3,0,0,0,0.0,0,0,0,4,0,0,1,0,4.1384,1,1,0,1,http://secure-apple-security-update-center.tk/signin.html
20,12,0,2,0,0,0,0,2,0,0,0,0.0,0,0,1,0,1,0,0,0,3.6219,0,0,0,0,https://my.chase.com
39,10,21,1,0,0,0,0,6,0,0,6,0.1538,0,0,0,0,1,0,0,0,4.2336,0,0,0,0,https://amazon.com/news/2026/08/article
25,9,8,1,0,0,0,0,3,0,0,0,0.0,0,0,0,0,1,0,0,0,3.4937,0,0,0,0,https://chase.com/contact
62,40,6,3,2,0,1,1,3,0,0,7,0.1129,0,0,2,2,0,0,1,0,4.7261,1,0,1,1,http://wellsfargo.com.suspended-notice-664.club/login?ref=9134
39,11,21,1,2,0,0,0,3,0,0,3,0.0769,0,1,0,0,0,0,0,0,4.4068,0,1,0,1,http://tinyurl.com/73ThiI5W-apple-alert
63,16,27,3,2,0,1,1,5,0,0,8,0.127,0,0,0,2,0,0,1,1,4.6703,1,0,0,1,http://free-host-66.icu//www.wellsfargo.com/update?token=476542
34,7,20,1,0,0,0,0,4,0,0,0,0.0,0,0,0,0,0,0,0,0,3.962,0,0,0,0,http://cnn.com/dashboard/analytics
114,28,10,2,2,0,1,2,3,0,1,29,0.2544,0,0,0,3,0,0,1,0,4.9086,0,1,0,1,http://portal-microsoft-verify.info/index.php?token=ee789d5027455c8d307f5007ff26bf796f4cddd47e3ac7d0&auth=required
37,7,23,1,2,0,0,0,3,0,0,2,0.0541,0,1,0,0,0,0,0,0,4.263,0,1,0,1,http://cutt.ly/66vhuqTX-netflix-alert
61,17,24,3,2,0,1,1,5,0,0,8,0.1311,0,0,0,2,0,0,1,1,4.6685,1,1,0,1,http://free-host-75.club//www.netflix.com/update?token=772897
59,40,12,2,4,0,0,0,3,0,0,0,0.0,0,0,0,3,0,0,1,0,4.2591,1,1,0,1,http://secure-microsoft-auth-portal-center.work/signin.html
35,5,23,1,2,0,0,0,3,0,0,1,0.0286,0,1,0,0,0,0,0,0,4.2861,0,1,0,1,http://rb.gy/VYb7vpYr-netflix-alert
39,7,24,1,1,0,0,0,5,0,0,1,0.0256,0,0,0,0,1,0,0,0,4.0191,0,0,0,0,https://cnn.com/docs/v2/getting-started
45,15,22,2,0,0,0,0,4,0,0,0,0.0,0,0,1,0,1,0,0,0,4.0003,0,0,0,0,https://portal.ebay.com/resources/whitepapers
43,15,21,2,0,0,0,0,6,0,0,6,0.1395,0,0,1,1,0,0,0,0,4.2687,0,0,0,0,http://login.chase.com/news/2026/08/article
61,16,25,3,2,0,1,1,5,0,0,8,0.1311,0,0,0,2,0,0,1,1,4.6529,1,1,0,1,http://free-host-76.xyz//www.facebook.com/update?token=586587
61,42,12,2,4,0,0,0,3,0,0,0,0.0,0,0,0,4,0,0,1,0,4.26,0,1,0,1,http://secure-paypal-confirm-identity-center.live/signin.html
57,38,12,2,4,0,0,0,3,0,0,1,0.0175,0,0,0,2,0,0,1,0,4.3067,1,0,0,1,http://secure-chas3-session-unlock-center.xyz/signin.html
21,7,6,1,0,0,0,0,3,0,0,0,0.0,0,0,0,0,1,0,0,0,3.5585,0,0,0,0,https://cnn.com/terms
58,36,6,3,2,0,1,1,3,0,0,7,0.1207,0,0,2,2,0,0,1,0,4.5995,0,1,1,1,http://amazon.com.suspended-notice-727.info/login?ref=1741
55,13,26,4,1,0,1,1,4,0,0,15,0.2727,1,0,0,0,0,0,0,0,4.6129,0,1,0,1,http://114.56.219.35/google/session-unlock.php?id=41777
63,44,12,2,4,0,0,0,3,0,0,3,0.0476,0,0,0,3,0,0,1,0,4.3836,0,0,0,1,http://secure-fac3b00k-confirm-identity-center.info/signin.html
57,35,6,3,2,0,1,1,3,0,0,7,0.1228,0,0,2,1,0,0,1,0,4.5207,1,1,1,1,http://google.com.session-unlock-120.click/login?ref=6031
34,18,8,2,0,0,0,0,3,0,0,0,0.0,0,0,1,0,1,0,0,0,4.1163,0,0,0,0,https://www.salesforce.com/privacy
113,27,10,2,2,0,1,2,3,0,1,31,0.2743,0,0,0,3,0,0,1,0,4.9202,0,1,0,1,http://portal-facebook-verify.live/index.php?token=06a25ca067f7575ea7fa927400aba798c08bdd9a237151a2&auth=required
39,11,21,1,2,0,0,0,3,0,0,0,0.0,0,1,0,0,0,0,0,0,4.4068,0,1,0,1,http://tinyurl.com/HHMzWYbn-apple-alert
59,37,6,3,2,0,1,1,3,0,0,7,0.1186,0,0,2,2,0,0,1,0,4.5549,0,1,1,1,http://amazon.com.billing-resolve-933.online/login?ref=2727
62,40,6,3,2,0,1,1,3,0,0,7,0.1129,0,0,2,1,0,0,1,0,4.7061,1,1,1,1,http://bankofamerica.com.session-unlock-520.icu/login?ref=7435
59,17,22,3,2,0,1,1,5,0,0,8,0.1356,0,0,0,2,0,0,1,1,4.6649,1,1,0,1,http://free-host-75.buzz//www.chase.com/update?token=227104
59,17,22,3,2,0,1,1,5,0,0,8,0.1356,0,0,0,2,0,0,1,1,4.6438,1,1,0,1,http://free-host-23.club//www.apple.com/update?token=251437
26,14,4,2,0,0,0,0,3,0,0,0,0.0,0,0,1,0,1,0,0,0,3.8253,0,0,0,0,https://aws.amazon.com/faq
55,33,6,3,2,0,1,1,3,0,0,7,0.1273,0,0,2,2,0,0,1,0,4.5354,1,1,1,1,http://instagram.com.auth-portal-376.top/login?ref=9887
63,44,12,2,4,0,0,0,3,0,0,0,0.0,0,0,0,4,0,0,1,0,4.209,0,1,0,1,http://secure-instagram-security-update-center.info/signin.html
59,40,12,2,4,0,0,0,3,0,0,1,0.0169,0,0,0,2,0,0,1,0,4.3342,1,0,0,1,http://secure-paypa1-session-unlock-center.work/signin.html
28,12,8,3,0,0,0,0,3,0,0,0,0.0,0,0,1,0,1,0,0,0,4.1106,0,0,0,0,https://dev.ox.ac.uk/privacy
60,38,6,3,2,0,1,1,3,0,0,7,0.1167,0,0,2,2,0,0,1,0,4.6461,0,1,1,1,http://facebook.com.suspended-notice-929.info/login?ref=6604
51,21,22,2,0,0,0,0,4,0,0,0,0.0,0,0,1,0,1,0,0,0,4.0895,0,0,0,0,https://api.stackoverflow.com/resources/whitepapers
118,32,10,2,2,0,1,2,3,0,1,33,0.2797,0,0,0,3,0,0,1,0,5.0013,1,1,0,1,http://portal-bankofamerica-verify.buzz/index.php?token=58222ec43cf2d2d9d65250089bcd1e3961929b3f56461fc9&auth=required
58,36,6,3,2,0,1,1,3,0,0,7,0.1207,0,0,2,1,0,0,1,0,4.7194,1,1,1,1,http://facebook.com.session-unlock-926.buzz/login?ref=9732
60,17,23,3,2,0,1,1,5,0,0,8,0.1333,0,0,0,3,0,0,1,1,4.7696,1,1,0,1,http://free-host-42.buzz//www.paypal.com/update?token=937218
65,46,12,2,4,0,0,0,3,0,0,0,0.0,0,0,0,3,0,0,1,0,4.1607,1,1,0,1,http://secure-instagram-suspended-notice-center.click/signin.html
61,18,23,3,2,0,1,1,5,0,0,8,0.1311,0,0,0,2,0,0,1,1,4.6609,1,1,0,1,http://free-host-60.click//www.google.com/update?token=474894
113,27,10,2,2,0,1,2,3,0,1,33,0.292,0,0,0,3,0,0,1,0,4.9652,1,1,0,1,http://portal-facebook-verify.work/index.php?token=0e359d95d3d4f570b85878b6a1506d8980829cca84ce0a39&auth=required
64,13,35,4,1,0,1,1,4,0,0,15,0.2344,1,0,0,1,0,0,0,0,4.6049,0,1,0,1,http://109.79.91.117/bankofamerica/suspended-notice.php?id=16981
60,41,12,2,4,0,0,0,3,0,0,0,0.0,0,0,0,3,0,0,1,0,4.2111,1,0,0,1,http://secure-wellsfargo-auth-portal-center.loan/signin.html
51,32,12,2,3,0,0,0,3,0,0,1,0.0196,0,0,0,3,0,0,1,0,4.4296,1,0,0,1,http://secure-paypa1-verify-center.work/signin.html
67,17,30,3,2,0,1,1,5,0,0,8,0.1194,0,0,0,2,0,0,1,1,4.7178,1,1,0,1,http://free-host-16.buzz//www.bankofamerica.com/update?token=414625
38,6,25,1,2,0,0,0,3,0,0,2,0.0526,0,1,0,0,0,0,0,0,4.5015,0,1,0,1,http://bit.ly/q4mvC5OH-microsoft-alert
116,30,10,2,2,0,1,2,3,0,1,28,0.2414,0,0,0,3,0,0,1,0,5.0135,0,1,0,1,http://portal-instagram-verify.online/index.php?token=11981c7be975bfbd6fd051605c8fec74b58a31d573ccca64&auth=required
49,27,6,3,1,0,1,1,3,0,0,7,0.1429,0,0,2,2,0,0,1,0,4.5835,0,0,1,1,http://binance.com.verify-686.info/login?ref=3146
54,35,12,2,3,0,0,0,3,0,0,2,0.037,0,0,0,3,0,0,1,0,4.269,1,0,0,1,http://secure-micr0s0ft-verify-center.club/signin.html
111,25,10,2,2,0,1,2,3,0,1,21,0.1892,0,0,0,3,0,0,1,0,4.8014,1,0,0,1,http://portal-binance-verify.icu/index.php?token=cc0552aa8ccd0b0dbfd08af4ed798dee8da62e9a127fc4ea&auth=required
44,14,22,2,0,0,0,0,5,0,0,0,0.0,0,0,1,0,1,0,0,0,4.2239,0,0,0,0,https://dev.amazon.com/user/profile/settings
19,7,4,1,0,0,0,0,3,0,0,0,0.0,0,0,0,0,1,0,0,0,3.6819,0,0,0,0,https://bbc.com/faq
52,11,7,2,0,0,1,2,3,0,1,1,0.0192,0,0,1,0,1,0,0,0,4.445,0,0,0,0,https://dev.mit.edu/search?q=machine+learning&page=2
110,24,10,2,2,0,1,2,3,0,1,29,0.2636,0,0,0,3,0,0,1,0,4.9375,0,1,0,1,http://portal-apple-verify.info/index.php?token=8cc4daf09be7f30a2001cd2a61b51b1a44a7b17903632ad1&auth=required
38,25,5,3,0,0,0,0,3,0,0,0,0.0,0,0,2,0,1,0,0,0,3.9682,0,0,0,0,https://dev.developer.mozilla.org/help
58,14,28,4,1,0,1,1,4,0,0,16,0.2759,1,0,0,1,0,0,0,0,4.5645,0,1,0,1,http://199.235.162.33/amazon/confirm-identity.php?id=32665
118,32,10,2,2,0,1,2,3,0,1,35,0.2966,0,0,0,3,0,0,1,0,4.9827,1,1,0,1,http://portal-bankofamerica-verify.loan/index.php?token=e42b48d2a1e5f7226b793467431066c9d9a2ac26550f9026&auth=required
63,17,26,3,2,0,1,1,5,0,0,8,0.127,0,0,0,2,0,0,1,1,4.6417,1,1,0,1,http://free-host-15.loan//www.microsoft.com/update?token=716224
25,9,8,1,0,0,0,0,3,0,0,0,0.0,0,0,0,0,1,0,0,0,3.4635,0,0,0,0,https://yahoo.com/contact
113,27,10,2,2,0,1,2,3,0,1,33,0.292,0,0,0,3,0,0,1,0,5.0587,1,0,0,1,http://portal-wellsfargo-verify.tk/index.php?token=5abe455780f9eb9112f87a174ad4d12a26f790f35c033657&auth=required
43,21,14,2,0,0,0,0,5,0,0,1,0.0233,0,0,1,0,1,0,0,0,4.0894,0,0,0,0,https://portal.wellsfargo.com/api/v1/status
41,25,8,3,0,0,0,0,3,0,0,0,0.0,0,0,2,0,1,0,0,0,4.0948,0,0,0,0,https://app.developer.mozilla.org/contact
35,7,21,1,2,0,0,0,3,0,0,3,0.0857,0,1,0,0,0,0,0,0,4.1614,0,1,0,1,http://cutt.ly/62n0dwPd-apple-alert
115,29,10,2,2,0,1,2,3,0,1,32,0.2783,0,0,0,3,0,0,1,0,4.9834,1,1,0,1,http://portal-instagram-verify.click/index.php?token=c9379e3e75199411456a9dfd693ef78067f880aeeb3ac957&auth=required
45,15,22,2,0,0,0,0,5,0,0,0,0.0,0,0,1,0,1,0,0,0,4.0789,0,0,0,0,https://my.stanford.edu/user/profile/settings
62,43,12,2,4,0,0,0,3,0,0,0,0.0,0,0,0,3,0,0,1,0,4.1778,1,1,0,1,http://secure-microsoft-billing-resolve-center.top/signin.html
44,16,20,2,0,0,0,0,4,0,0,0,0.0,0,0,1,1,1,0,0,0,4.1352,0,0,0,0,https://login.reddit.com/dashboard/analytics
39,9,22,1,0,0,0,0,4,0,0,0,0.0,0,0,0,0,1,0,0,0,3.8847,0,0,0,0,https://vimeo.com/resources/whitepapers
38,7,24,1,2,0,0,0,3,0,0,1,0.0263,0,1,0,0,0,0,0,0,4.1658,0,1,0,1,http://cutt.ly/ay7uuxuH-facebook-alert
37,21,8,2,0,0,0,0,3,0,0,0,0.0,0,0,1,0,1,0,0,0,3.936,0,0,0,0,https://api.bankofamerica.com/contact
50,28,6,3,1,0,1,1,3,0,0,7,0.14,0,0,2,2,0,0,1,0,4.708,1,0,1,1,http://wellsfargo.com.verify-731.tk/login?ref=7487
56,34,6,3,2,0,1,1,3,0,0,7,0.125,0,0,2,2,0,0,1,0,4.6041,1,1,1,1,http://microsoft.com.account-alert-197.tk/login?ref=4381
55,33,6,3,1,0,1,1,3,0,0,7,0.1273,0,0,2,2,0,0,1,0,4.7172,1,1,1,1,http://bankofamerica.com.verify-933.work/login?ref=9764
42,12,22,2,0,0,0,0,5,0,0,0,0.0,0,0,1,0,1,0,0,0,4.012,0,0,0,0,https://mail.who.int/user/profile/settings
41,11,23,1,2,0,0,0,3,0,0,1,0.0244,0,1,0,0,0,0,0,0,4.4059,0,0,0,1,http://tinyurl.com/vsFojc0o-binance-alert
27,14,5,2,0,0,0,0,3,0,0,0,0.0,0,0,1,0,1,0,0,0,3.7821,0,0,0,0,https://my.shopify.com/help
24,12,4,2,0,0,0,0,3,0,0,0,0.0,0,0,1,0,1,0,0,0,3.7364,0,0,0,0,https://my.twitch.tv/faq
67,17,30,3,2,0,1,1,5,0,0,8,0.1194,0,0,0,2,0,0,1,1,4.7363,1,1,0,1,http://free-host-87.club//www.bankofamerica.com/update?token=184969
43,15,20,1,0,0,0,0,4,0,0,0,0.0,0,0,0,0,1,0,0,0,4.0918,0,0,0,0,https://theguardian.com/category/technology
41,11,23,1,2,0,0,0,3,0,0,1,0.0244,0,1,0,0,0,0,0,0,4.3571,0,0,0,1,http://tinyurl.com/ec7ETEGG-binance-alert
110,24,10,2,2,0,1,2,3,0,1,31,0.2818,0,0,0,3,0,0,1,0,4.9705,1,1,0,1,http://portal-chase-verify.club/index.php?token=4552ca62fb12dc6cb6e1f96f266f9be17c4780c76874e337&auth=required
62,14,27,4,1,0,1,1,4,0,0,20,0.3226,1,0,0,1,0,1,0,0,4.7182,0,1,0,1,http://168.39.145.129:8888/facebook/account-alert.php?id=21034
46,14,24,2,1,0,0,0,5,0,0,1,0.0217,0,0,1,0,1,0,0,0,4.0991,0,0,0,0,https://www.reddit.com/docs/v2/getting-started
40,18,14,2,0,0,0,0,5,0,0,1,0.025,0,0,1,1,1,0,0,0,4.1939,0,0,0,0,https://login.facebook.com/api/v1/status
58,14,28,4,1,0,1,1,4,0,0,16,0.2759,1,0,0,1,0,0,0,0,4.668,0,1,0,1,http://184.208.54.142/netflix/billing-resolve.php?id=43655
42,11,24,1,2,0,0,0,3,0,0,0,0.0,0,1,0,0,0,0,0,0,4.5945,0,1,0,1,http://tinyurl.com/AEiIDkgW-facebook-alert
60,41,12,2,4,0,0,0,3,0,0,0,0.0,0,0,0,3,0,0,1,0,4.3193,1,1,0,1,http://secure-apple-confirm-identity-center.buzz/signin.html
59,16,23,3,2,0,1,1,5,0,0,8,0.1356,0,0,0,3,0,0,1,1,4.6455,1,1,0,1,http://free-host-72.icu//www.paypal.com/update?token=557174
28,15,5,2,0,0,0,0,3,0,0,0,0.0,0,0,1,0,1,0,0,0,3.8963,0,0,0,0,https://mail.reddit.com/help
60,13,26,4,1,0,1,1,4,0,0,19,0.3167,1,0,0,1,0,1,0,0,4.7062,0,1,0,1,http://183.75.223.18:3000/chase/billing-resolve.php?id=48287
59,17,22,3,2,0,1,1,5,0,0,8,0.1356,0,0,0,2,0,0,1,1,4.5549,1,1,0,1,http://free-host-29.work//www.chase.com/update?token=544162
52,38,7,4,1,0,0,0,3,0,0,0,0.0,0,0,3,4,0,0,1,0,4.1354,1,1,1,1,http://appleid.apple.com.account-recovery.top/verify
58,15,23,3,2,0,1,1,5,0,0,8,0.1379,0,0,0,2,0,0,1,1,4.5583,1,1,0,1,http://free-host-66.tk//www.amazon.com/update?token=340703
60,41,12,2,4,0,0,0,3,0,0,0,0.0,0,0,0,2,0,0,1,0,4.1628,1,1,0,1,http://secure-netflix-session-unlock-center.loan/signin.html
110,24,10,2,2,0,1,2,3,0,1,25,0.2273,0,0,0,3,0,0,1,0,4.9526,1,1,0,1,http://portal-chase-verify.buzz/index.php?token=409725e4fa0a7a0fc380aa6e7d3d125eabd6efe094bfb8b2&auth=required
40,11,22,1,2,0,0,0,3,0,0,1,0.025,0,1,0,0,0,0,0,0,4.4653,0,1,0,1,http://tinyurl.com/BV4fvWcv-google-alert
54,32,6,3,2,0,1,1,3,0,0,7,0.1296,0,0,2,2,0,0,1,0,4.4998,1,1,1,1,http://chase.com.account-alert-328.loan/login?ref=1821
56,13,27,4,1,0,1,1,4,0,0,15,0.2679,1,0,0,2,0,0,0,0,4.6375,0,1,0,1,http://93.214.48.234/amazon/security-update.php?id=71249
51,10,7,1,0,0,1,2,3,0,1,1,0.0196,0,0,0,0,1,0,0,0,4.4,0,0,0,0,https://reddit.com/search?q=machine+learning&page=2
59,17,22,3,2,0,1,1,5,0,0,8,0.1356,0,0,0,2,0,0,1,1,4.7005,0,1,0,1,http://free-host-92.live//www.chase.com/update?token=758362
39,11,20,2,0,0,0,0,4,0,0,0,0.0,0,0,1,0,1,0,0,0,4.0259,0,0,0,0,https://app.irs.gov/dashboard/analytics
63,17,26,3,2,0,1,1,5,0,0,8,0.127,0,0,0,2,0,0,1,1,4.5543,0,1,0,1,http://free-host-48.info//www.microsoft.com/update?token=422047
59,17,22,3,2,0,1,1,5,0,0,8,0.1356,0,0,0,2,0,0,1,1,4.6794,0,1,0,1,http://free-host-76.live//www.apple.com/update?token=491289
39,11,20,1,0,0,0,0,4,0,0,0,0.0,0,0,0,0,1,0,0,0,4.0866,0,0,0,0,https://reuters.com/dashboard/analytics
109,23,10,2,2,0,1,2,3,0,1,30,0.2752,0,0,0,3,0,0,1,0,4.8827,1,1,0,1,http://portal-chase-verify.top/index.php?token=bca54ef69020540d1679bc261c761ac19ec21dc92d5a0a55&auth=required
60,16,24,3,2,0,1,1,5,0,0,8,0.1333,0,0,0,2,0,0,1,1,4.6444,1,0,0,1,http://free-host-89.top//www.binance.com/update?token=576380
58,16,22,3,2,0,1,1,5,0,0,8,0.1379,0,0,0,2,0,0,1,1,4.5242,1,1,0,1,http://free-host-33.icu//www.chase.com/update?token=344599
112,26,10,2,2,0,1,2,3,0,1,30,0.2679,0,0,0,3,0,0,1,0,4.8862,0,0,0,1,http://portal-binance-verify.info/index.php?token=9a3eaf4c6660a1da5c06ec6567269638f5eb512ff9a9a734&auth=required
111,25,10,2,2,0,1,2,3,0,1,26,0.2342,0,0,0,4,0,0,1,0,4.8804,1,1,0,1,http://portal-paypal-verify.loan/index.php?token=def7e6d2d2c7976e567c060cc813439f1000ecce1c4debae&auth=required
63,13,29,4,1,0,1,1,4,0,0,19,0.3016,1,0,0,1,0,1,0,0,4.7807,0,0,0,1,http://125.205.67.36:8888/wellsfargo/account-alert.php?id=43238
61,42,12,2,4,0,0,0,3,0,0,0,0.0,0,0,0,3,0,0,1,0,4.1808,1,1,0,1,http://secure-instagram-account-alert-center.work/signin.html
61,15,30,4,1,0,1,1,4,0,0,17,0.2787,1,0,0,1,0,0,0,0,4.6869,0,1,0,1,http://207.171.244.177/facebook/confirm-identity.php?id=99837
57,14,27,4,1,0,1,1,4,0,0,16,0.2807,1,0,0,1,0,0,0,0,4.6922,0,1,0,1,http://107.115.196.35/amazon/billing-resolve.php?id=36353
57,35,6,3,2,0,1,1,3,0,0,7,0.1228,0,0,2,3,0,0,1,0,4.8279,1,1,1,1,http://amazon.com.security-update-738.buzz/login?ref=8096
67,17,30,3,2,0,1,1,5,0,0,8,0.1194,0,0,0,2,0,0,1,1,4.7192,0,1,0,1,http://free-host-59.live//www.bankofamerica.com/update?token=594330
62,17,25,3,2,0,1,1,5,0,0,8,0.129,0,0,0,2,0,0,1,1,4.5758,1,1,0,1,http://free-host-77.club//www.facebook.com/update?token=599229
48,19,21,2,0,0,0,0,6,0,0,6,0.125,0,0,1,0,1,0,0,0,4.3239,0,0,0,0,https://mail.wellsfargo.com/news/2026/08/article
110,24,10,2,2,0,1,2,3,0,1,33,0.3,0,0,0,3,0,0,1,0,4.9138,1,1,0,1,http://portal-apple-verify.work/index.php?token=d04509716e5b7fb4fa70746a064f26af713242480ae8f4f3&auth=required
48,19,21,2,1,0,0,0,4,0,0,6,0.125,0,0,1,0,1,0,0,0,4.4961,0,0,0,0,https://blog.aliexpress.com/products/item-129481
110,24,10,2,2,0,1,2,3,0,1,30,0.2727,0,0,0,3,0,0,1,0,4.919,0,1,0,1,http://portal-apple-verify.live/index.php?token=d0219694b0e4a716f7b8fd9743ce3a8dee91d8707cc2b237&auth=required
44,14,22,3,0,0,0,0,4,0,0,0,0.0,0,0,1,0,1,0,0,0,4.1292,0,0,0,0,https://blog.cam.ac.uk/resources/whitepapers
50,10,7,1,0,0,1,2,3,0,1,1,0.02,0,0,0,0,0,0,0,0,4.2889,0,0,0,0,http://target.com/search?q=machine+learning&page=2
54,35,12,2,3,0,0,0,3,0,0,2,0.037,0,0,0,3,0,0,1,0,4.3363,1,0,0,1,http://secure-micr0s0ft-verify-center.work/signin.html
47,18,21,2,1,0,0,0,4,0,0,6,0.1277,0,0,1,0,1,0,0,0,4.3979,0,0,0,0,https://portal.shopify.com/products/item-129481
41,11,23,1,2,0,0,0,3,0,0,2,0.0488,0,1,0,0,0,0,0,0,4.4243,0,0,0,1,http://tinyurl.com/eDADzX44-binance-alert
25,11,6,1,0,0,0,0,3,0,0,0,0.0,0,0,0,0,1,0,0,0,3.7035,0,0,0,0,https://spotify.com/terms
28,14,6,2,0,0,0,0,3,0,0,0,0.0,0,0,1,0,1,0,0,0,3.8388,0,0,0,0,https://www.target.com/about
64,17,27,3,2,0,1,1,5,0,0,8,0.125,0,0,0,2,0,0,1,1,4.5889,1,0,0,1,http://free-host-71.work//www.wellsfargo.com/update?token=524544
63,44,12,2,4,0,0,0,3,0,0,4,0.0635,0,0,0,3,0,0,1,0,4.3995,1,0,0,1,http://secure-w311sfarg0-suspended-notice-center.tk/signin.html
58,36,6,3,2,0,1,1,3,0,0,7,0.1207,0,0,2,3,0,0,1,0,4.8144,1,0,1,1,http://binance.com.security-update-603.buzz/login?ref=9183
63,44,12,2,4,0,0,0,3,0,0,0,0.0,0,0,0,4,0,0,1,0,4.2585,1,1,0,1,http://secure-microsoft-security-update-center.club/signin.html
35,7,21,1,2,0,0,0,3,0,0,3,0.0857,0,1,0,0,0,0,0,0,4.183,0,1,0,1,http://cutt.ly/3Ye8ybj4-chase-alert
61,39,6,3,2,0,1,1,3,0,0,7,0.1148,0,0,2,2,0,0,1,0,4.5203,0,1,1,1,http://microsoft.com.suspended-notice-603.info/login?ref=9899
60,38,6,3,2,0,1,1,3,0,0,7,0.1167,0,0,2,2,0,0,1,0,4.5193,0,1,1,1,http://instagram.com.account-alert-288.online/login?ref=1980
42,14,20,2,0,0,0,0,4,0,0,0,0.0,0,0,1,0,1,0,0,0,4.0237,0,0,0,0,https://blog.yahoo.com/dashboard/analytics
60,14,25,4,1,0,1,1,4,0,0,20,0.3333,1,0,0,2,0,1,0,0,4.494,0,1,0,1,http://111.219.138.86:3000/paypal/account-alert.php?id=13719
110,24,10,2,2,0,1,2,3,0,1,32,0.2909,0,0,0,3,0,0,1,0,5.0154,1,1,0,1,http://portal-chase-verify.work/index.php?token=8d440b91e3968274469156d0ccfa5f3f21e2d68e3c84ad32&auth=required
61,42,12,2,4,0,0,0,3,0,0,0,0.0,0,0,0,3,0,0,1,0,4.163,0,0,0,1,http://secure-binance-billing-resolve-center.info/signin.html
44,12,24,2,1,0,0,0,5,0,0,1,0.0227,0,0,1,0,1,0,0,0,4.1692,0,0,0,0,https://mail.who.int/docs/v2/getting-started
40,7,26,1,2,0,0,0,3,0,0,1,0.025,0,1,0,0,0,0,0,0,4.4628,0,0,0,1,http://cutt.ly/zW2WkOSK-wellsfargo-alert
20,6,6,1,0,0,0,0,3,0,0,0,0.0,0,0,0,0,1,0,0,0,3.6464,0,0,0,0,https://un.org/terms
50,11,18,4,0,0,1,1,4,0,0,17,0.34,1,0,0,2,0,1,0,0,4.3644,0,1,0,1,http://23.27.10.18:8888/paypal/verify.php?id=24470
45,15,22,2,0,0,0,0,4,0,0,0,0.0,0,0,1,0,1,0,0,0,4.0171,0,0,0,0,https://api.dropbox.com/resources/whitepapers
29,13,8,2,0,0,0,0,3,0,0,0,0.0,0,0,1,1,1,0,0,0,3.7454,0,0,0,0,https://login.nih.gov/contact
34,6,21,1,2,0,0,0,3,0,0,1,0.0294,0,1,0,0,0,0,0,0,4.1973,0,1,0,1,http://bit.ly/5CrvfWTE-apple-alert
20,12,0,2,0,0,0,0,2,0,0,0,0.0,0,0,1,0,1,0,0,0,3.6219,0,0,0,0,https://help.cnn.com
34,6,21,1,2,0,0,0,3,0,0,4,0.1176,0,1,0,0,0,0,0,0,4.3594,0,1,0,1,http://bit.ly/b38mvG57-chase-alert
60,17,23,3,2,0,1,1,5,0,0,8,0.1333,0,0,0,2,0,0,1,1,4.6346,1,1,0,1,http://free-host-47.work//www.amazon.com/update?token=259609
56,34,6,3,2,0,1,1,3,0,0,7,0.125,0,0,2,2,0,0,1,0,4.5326,0,1,1,1,http://apple.com.billing-resolve-536.info/login?ref=1633
36,7,21,1,0,0,0,0,6,0,0,6,0.1667,0,0,0,0,1,0,0,0,4.2181,0,0,0,0,https://nih.gov/news/2026/08/article
69,13,35,4,1,0,1,1,4,0,0,19,0.2754,1,0,0,1,0,1,0,0,4.6643,0,1,0,1,http://186.61.73.190:8888/bankofamerica/suspended-notice.php?id=86171
61,42,12,2,4,0,0,0,3,0,0,0,0.0,0,0,0,3,0,0,1,0,4.2359,1,1,0,1,http://secure-facebook-suspended-notice-center.tk/signin.html
65,19,26,3,2,0,1,1,5,0,0,8,0.1231,0,0,0,2,0,0,1,1,4.6724,0,1,0,1,http://free-host-22.online//www.instagram.com/update?token=498261
26,12,6,2,0,0,0,0,3,0,0,0,0.0,0,0,1,0,1,0,0,0,3.7193,0,0,0,0,https://api.pypi.org/about
60,17,23,3,2,0,1,1,5,0,0,8,0.1333,0,0,0,2,0,0,1,1,4.6427,0,1,0,1,http://free-host-69.info//www.google.com/update?token=861804
40,11,21,1,0,0,0,0,6,0,0,6,0.15,0,0,0,0,1,0,0,0,4.1653,0,0,0,0,https://walmart.com/news/2026/08/article
54,35,12,2,4,0,0,0,3,0,0,0,0.0,0,0,0,3,0,0,1,0,4.0781,1,1,0,1,http://secure-chase-auth-portal-center.top/signin.html
61,39,6,3,2,0,1,1,3,0,0,7,0.1148,0,0,2,2,0,0,1,0,4.6621,1,1,1,1,http://microsoft.com.suspended-notice-284.club/login?ref=9633
56,34,6,3,2,0,1,1,3,0,0,7,0.125,0,0,2,4,0,0,1,0,4.7265,1,1,1,1,http://paypal.com.security-update-250.xyz/login?ref=2211
63,13,29,4,1,0,1,1,4,0,0,19,0.3016,1,0,0,1,0,1,0,0,4.5381,0,1,0,1,http://69.116.90.173:4444/netflix/suspended-notice.php?id=24447
114,28,10,2,2,0,1,2,3,0,1,28,0.2456,0,0,0,3,0,0,1,0,4.8995,0,1,0,1,http://portal-instagram-verify.live/index.php?token=8a21a3be110f46521f2a32ecb28b5bb4bdf8a8f50188e8b5&auth=required
34,5,22,1,2,0,0,0,3,0,0,0,0.0,0,1,0,1,0,0,0,0,4.2339,0,1,0,1,http://rb.gy/HkCqkixu-paypal-alert
55,33,6,3,2,0,1,1,3,0,0,7,0.1273,0,0,2,2,0,0,1,0,4.4924,1,1,1,1,http://apple.com.account-alert-605.click/login?ref=5252
58,13,24,4,1,0,1,1,4,0,0,19,0.3276,1,0,0,1,0,1,0,0,4.5667,0,1,0,1,http://109.33.20.177:8888/chase/account-alert.php?id=17806
23,11,4,1,0,0,0,0,3,0,0,0,0.0,0,0,0,0,1,0,0,0,3.7951,0,0,0,0,https://shopify.com/faq
35,7,21,1,2,0,0,0,3,0,0,1,0.0286,0,1,0,0,0,0,0,0,4.1259,0,1,0,1,http://cutt.ly/ROwpTH6V-apple-alert
42,11,24,1,2,0,0,0,3,0,0,1,0.0238,0,1,0,0,0,0,0,0,4.4516,0,1,0,1,http://tinyurl.com/lM0kEfoF-facebook-alert
52,13,32,3,0,0,0,0,5,0,0,10,0.1923,1,0,0,2,0,0,0,0,4.4721,0,1,0,1,http://185.220.101.5/netflix/billing/confirm_payment
56,34,6,3,2,0,1,1,3,0,0,7,0.125,0,0,2,2,0,0,1,0,4.5771,1,1,1,1,http://apple.com.billing-resolve-599.work/login?ref=5859
63,44,12,2,4,0,0,0,3,0,0,0,0.0,0,0,0,3,0,0,1,0,4.1782,1,0,0,1,http://secure-binance-confirm-identity-center.click/signin.html
29,16,5,2,0,0,0,0,3,0,0,0,0.0,0,0,1,0,1,0,0,0,3.9783,0,0,0,0,https://www.linkedin.com/help
59,37,6,3,2,0,1,1,3,0,0,7,0.1186,0,0,2,1,0,0,1,0,4.5116,0,1,1,1,http://netflix.com.session-unlock-265.online/login?ref=7366
111,25,10,2,2,0,1,2,3,0,1,33,0.2973,0,0,0,3,0,0,1,0,5.0051,1,1,0,1,http://portal-google-verify.club/index.php?token=f8a73c3f136e0f00a22f6155445d8e5e7835a589bec98871&auth=required
61,12,33,4,1,0,1,1,4,0,0,14,0.2295,1,0,0,0,0,0,0,0,4.8729,0,1,0,1,http://190.152.13.7/bankofamerica/session-unlock.php?id=46518
27,18,1,2,0,0,0,0,3,0,0,0,0.0,0,0,1,0,1,0,0,0,4.0603,0,0,0,0,https://api.cloudflare.com/
60,38,6,3,2,0,1,1,3,0,0,7,0.1167,0,0,2,2,0,0,1,0,4.6444,0,1,1,1,http://amazon.com.suspended-notice-533.online/login?ref=1867
40,11,22,1,2,0,0,0,3,0,0,3,0.075,0,1,0,1,0,0,0,0,4.3464,0,1,0,1,http://tinyurl.com/v40YQrr2-paypal-alert
27,11,8,1,0,0,0,0,3,0,0,0,0.0,0,0,0,0,1,0,0,0,3.9303,0,0,0,0,https://reuters.com/privacy
51,14,21,4,0,0,1,1,4,0,0,16,0.3137,1,0,0,1,0,0,0,0,4.5248,0,1,0,1,http://87.138.180.234/microsoft/verify.php?id=27431
35,6,22,1,2,0,0,0,3,0,0,1,0.0286,0,1,0,1,0,0,0,0,4.0004,0,1,0,1,http://bit.ly/pcHAlu7c-paypal-alert
54,12,26,4,1,0,1,1,4,0,0,14,0.2593,1,0,0,2,0,0,0,0,4.5138,0,1,0,1,http://58.42.87.242/chase/security-update.php?id=91504
60,15,25,3,2,0,1,1,5,0,0,8,0.1333,0,0,0,2,0,0,1,1,4.5635,1,1,0,1,http://free-host-58.tk//www.facebook.com/update?token=998276
110,24,10,2,2,0,1,2,3,0,1,33,0.3,0,0,0,3,0,0,1,0,4.9995,1,1,0,1,http://portal-chase-verify.buzz/index.php?token=e4a5720552a83737db72bfdf66f225b791b6850f79b932d9&auth=required
38,10,20,1,0,0,0,0,4,0,0,0,0.0,0,0,0,0,1,0,0,0,3.8328,0,0,0,0,https://target.com/category/technology
30,14,8,2,0,0,0,0,3,0,0,0,0.0,0,0,1,0,1,0,0,0,4.0151,0,0,0,0,https://blog.yahoo.com/privacy
114,28,10,2,2,0,1,2,3,0,1,25,0.2193,0,0,0,3,0,0,1,0,4.9891,1,1,0,1,http://portal-microsoft-verify.buzz/index.php?token=9fa61497bdb129a8ae8ab23e437b9ba91af5cb6a08edd4d8&auth=required
32,18,6,2,0,0,0,0,3,0,0,0,0.0,0,0,1,0,1,0,0,0,3.9528,0,0,0,0,https://mail.instagram.com/about
64,42,6,3,2,0,1,1,3,0,0,7,0.1094,0,0,2,2,0,0,1,0,4.7539,1,1,1,1,http://bankofamerica.com.suspended-notice-351.top/login?ref=7829
54,32,6,3,2,0,1,1,3,0,0,7,0.1296,0,0,2,2,0,0,1,0,4.4651,1,1,1,1,http://google.com.account-alert-211.top/login?ref=3996
49,13,29,4,1,0,0,0,4,0,0,10,0.2041,1,0,0,3,0,0,0,0,4.3286,0,1,0,1,http://91.240.118.12/appleid/recover-password.php
48,26,6,3,1,0,1,1,3,0,0,7,0.1458,0,0,2,3,0,0,1,0,4.6573,1,1,1,1,http://paypal.com.verify-708.loan/login?ref=5116
27,11,8,1,0,0,0,0,3,0,0,0,0.0,0,0,0,0,1,0,0,0,3.8562,0,0,0,0,https://spotify.com/privacy
54,32,6,3,2,0,1,1,3,0,0,7,0.1296,0,0,2,2,0,0,1,0,4.569,0,1,1,1,http://chase.com.auth-portal-785.online/login?ref=8481
111,25,10,2,2,0,1,2,3,0,1,35,0.3153,0,0,0,3,0,0,1,0,4.9971,0,1,0,1,http://portal-google-verify.live/index.php?token=917b2400917e53c7d75850a949a09d0a85302be3e6b1f498&auth=required
43,13,22,3,0,0,0,0,5,0,0,0,0.0,0,0,1,0,1,0,0,0,4.1734,0,0,0,0,https://www.cam.ac.uk/user/profile/settings
36,8,21,1,1,0,0,0,4,0,0,6,0.1667,0,0,0,0,0,0,0,0,4.3921,0,0,0,0,http://ebay.com/products/item-129481
113,27,10,2,2,0,1,2,3,0,1,32,0.2832,0,0,0,3,0,0,1,0,4.9896,1,1,0,1,http://portal-facebook-verify.buzz/index.php?token=747a8382657c77dd391de59f0ef49ddfeb665e1645206f05&auth=required
42,13,22,1,0,0,0,0,5,0,0,0,0.0,0,0,0,0,0,0,0,0,3.9284,0,0,0,0,http://microsoft.com/user/profile/settings
51,14,21,4,0,0,1,1,4,0,0,16,0.3137,1,0,0,1,0,0,0,0,4.6572,0,1,0,1,http://37.202.137.105/instagram/verify.php?id=48360
61,19,22,3,2,0,1,1,5,0,0,8,0.1311,0,0,0,2,0,0,1,1,4.603,0,1,0,1,http://free-host-90.online//www.apple.com/update?token=803548
44,15,21,2,1,0,0,0,4,0,0,6,0.1364,0,0,1,0,1,0,0,0,4.3431,0,0,0,0,https://app.walmart.com/products/item-129481
43,13,22,2,0,0,0,0,4,0,0,0,0.0,0,0,1,0,1,0,0,0,3.7662,0,0,0,0,https://www.twitch.tv/resources/whitepapers
59,13,30,4,1,0,1,1,4,0,0,15,0.2542,1,0,0,1,0,0,0,0,4.571,0,1,0,1,http://133.78.231.77/facebook/suspended-notice.php?id=63135
53,15,17,4,0,0,1,1,4,0,0,21,0.3962,1,0,0,1,0,1,0,0,4.4442,0,1,0,1,http://159.248.172.192:8888/chase/verify.php?id=97387
56,34,6,3,2,0,1,1,3,0,0,7,0.125,0,0,2,2,0,0,1,0,4.5906,1,1,1,1,http://chase.com.confirm-identity-695.top/login?ref=6168
56,34,6,3,2,0,1,1,3,0,0,7,0.125,0,0,2,3,0,0,1,0,4.7469,1,1,1,1,http://amazon.com.security-update-309.top/login?ref=8446
66,19,27,3,2,0,1,1,5,0,0,8,0.1212,0,0,0,2,0,0,1,1,4.6602,0,0,0,1,http://free-host-28.online//www.wellsfargo.com/update?token=509722
25,12,5,1,0,0,0,0,3,0,0,0,0.0,0,0,0,0,1,0,0,0,3.8635,0,0,0,0,https://facebook.com/help
24,10,6,1,0,0,0,0,3,0,0,0,0.0,0,0,0,0,1,0,0,0,3.7091,0,0,0,0,https://amazon.com/about
43,11,25,1,2,0,0,0,3,0,0,1,0.0233,0,1,0,0,0,0,0,0,4.322,0,1,0,1,http://tinyurl.com/JhaCnX2a-instagram-alert
59,40,12,2,4,0,0,0,3,0,0,0,0.0,0,0,0,3,0,0,1,0,4.1148,1,1,0,1,http://secure-google-account-alert-center.click/signin.html
35,5,23,1,2,0,0,0,3,0,0,0,0.0,0,1,0,0,0,0,0,0,4.2861,0,1,0,1,http://rb.gy/OgyNyhdw-netflix-alert
38,6,25,1,2,0,0,0,3,0,0,1,0.0263,0,1,0,0,0,0,0,0,4.4816,0,1,0,1,http://bit.ly/xEkOZT3Q-instagram-alert
66,16,30,3,2,0,1,1,5,0,0,8,0.1212,0,0,0,2,0,0,1,1,4.7968,1,1,0,1,http://free-host-22.xyz//www.bankofamerica.com/update?token=804764
51,32,12,2,3,0,0,0,3,0,0,2,0.0392,0,0,0,3,0,0,1,0,4.312,1,0,0,1,http://secure-n3tf1ix-verify-center.top/signin.html
52,33,12,2,3,0,0,0,3,0,0,2,0.0385,0,0,0,3,0,0,1,0,4.3132,0,0,0,1,http://secure-app13-verify-center.online/signin.html
114,28,10,2,2,0,1,2,3,0,1,30,0.2632,0,0,0,3,0,0,1,0,4.9553,1,1,0,1,http://portal-instagram-verify.loan/index.php?token=60a1412ffa1fe96652324d18469ecd6a52bca11d80901dca&auth=required
110,24,10,2,2,0,1,2,3,0,1,29,0.2636,0,0,0,3,0,0,1,0,4.8667,0,1,0,1,http://portal-apple-verify.info/index.php?token=548720f554e3c0efd84efbc48c530fb3092a3bf3f7a5c948&auth=required
61,42,12,2,4,0,0,0,3,0,0,0,0.0,0,0,0,2,0,0,1,0,4.1256,1,1,0,1,http://secure-instagram-session-unlock-center.icu/signin.html
22,10,4,2,0,0,0,0,3,0,0,0,0.0,0,0,1,0,1,0,0,0,3.7888,0,0,0,0,https://my.cnn.com/faq
42,12,22,3,0,0,0,0,5,0,0,0,0.0,0,0,1,0,1,0,0,0,4.08,0,0,0,0,https://app.ox.ac.uk/user/profile/settings
116,30,10,2,2,0,1,2,3,0,1,27,0.2328,0,0,0,3,0,0,1,0,4.957,0,1,0,1,http://portal-microsoft-verify.online/index.php?token=de63dcbc081ea8c4a09b020692e2a901a4c79ba8af48f3c6&auth=required
24,15,1,2,0,0,0,0,3,0,0,0,0.0,0,0,1,0,1,0,0,0,3.6054,0,0,0,0,https://app.spotify.com/
63,14,28,4,1,0,1,1,4,0,0,20,0.3175,1,0,0,2,0,1,0,0,4.6006,0,1,0,1,http://147.76.105.202:3000/paypal/confirm-identity.php?id=15227
65,14,30,4,1,0,1,1,4,0,0,20,0.3077,1,0,0,1,0,1,0,0,4.7411,0,1,0,1,http://193.239.90.135:3000/microsoft/billing-resolve.php?id=85154
64,18,26,3,2,0,1,1,5,0,0,8,0.125,0,0,0,2,0,0,1,1,4.7048,1,1,0,1,http://free-host-92.click//www.instagram.com/update?token=256767
47,19,20,2,0,0,0,0,4,0,0,0,0.0,0,0,1,0,1,0,0,0,3.9911,0,0,0,0,https://help.salesforce.com/category/technology
114,28,10,2,2,0,1,2,3,0,1,30,0.2632,0,0,0,3,0,0,1,0,5.0071,1,1,0,1,http://portal-microsoft-verify.buzz/index.php?token=2102902fc916f276fa84c90b8cd3aefd0d2a84188f9e8b93&auth=required
32,10,14,1,0,0,0,0,5,0,0,1,0.0312,0,0,0,0,1,0,0,0,3.9025,0,0,0,0,https://google.com/api/v1/status
64,17,27,3,2,0,1,1,5,0,0,8,0.125,0,0,0,2,0,0,1,1,4.6319,1,0,0,1,http://free-host-89.work//www.wellsfargo.com/update?token=498017
62,19,23,3,2,0,1,1,5,0,0,8,0.129,0,0,0,3,0,0,1,1,4.6219,0,1,0,1,http://free-host-55.online//www.paypal.com/update?token=775863
62,40,6,3,2,0,1,1,3,0,0,7,0.1129,0,0,2,2,0,0,1,0,4.7521,1,1,1,1,http://bankofamerica.com.billing-resolve-701.tk/login?ref=4683
17,9,0,1,0,0,0,0,2,0,0,0,0.0,0,0,0,0,1,0,0,0,3.4548,0,0,0,0,https://yahoo.com
41,11,23,1,2,0,0,0,3,0,0,3,0.0732,0,1,0,0,0,0,0,0,4.4427,0,0,0,1,http://tinyurl.com/1op42IIJ-binance-alert
42,14,20,2,0,0,0,0,4,0,0,0,0.0,0,0,1,0,1,0,0,0,4.0979,0,0,0,0,https://dev.reddit.com/dashboard/analytics
39,9,22,2,0,0,0,0,5,0,0,0,0.0,0,0,0,0,1,0,0,0,4.0966,0,0,0,0,https://cam.ac.uk/user/profile/settings
66,16,30,3,2,0,1,1,5,0,0,8,0.1212,0,0,0,2,0,0,1,1,4.6413,1,1,0,1,http://free-host-89.top//www.bankofamerica.com/update?token=986730
67,17,30,3,2,0,1,1,5,0,0,8,0.1194,0,0,0,2,0,0,1,1,4.6413,0,1,0,1,http://free-host-18.info//www.bankofamerica.com/update?token=446991
63,13,29,4,1,0,1,1,4,0,0,19,0.3016,1,0,0,1,0,1,0,0,4.7943,0,0,0,1,http://194.163.22.36:8080/wellsfargo/account-alert.php?id=44998
61,42,12,2,4,0,0,0,3,0,0,0,0.0,0,0,0,3,0,0,1,0,4.1105,0,1,0,1,http://secure-instagram-account-alert-center.live/signin.html
39,6,26,1,2,0,0,0,3,0,0,0,0.0,0,1,0,0,0,0,0,0,4.3943,0,0,0,1,http://bit.ly/VuywIBUB-wellsfargo-alert
62,19,23,3,2,0,1,1,5,0,0,8,0.129,0,0,0,3,0,0,1,1,4.6341,0,1,0,1,http://free-host-27.online//www.paypal.com/update?token=723191
114,28,10,2,2,0,1,2,3,0,1,31,0.2719,0,0,0,3,0,0,1,0,4.9983,1,1,0,1,http://portal-microsoft-verify.buzz/index.php?token=d9c572e203ef7cac6b07e51ed00a05219ad17579c5803b85&auth=required
58,39,12,2,4,0,0,0,3,0,0,0,0.0,0,0,0,3,0,0,1,0,4.1314,1,1,0,1,http://secure-netflix-account-alert-center.top/signin.html
55,15,24,4,1,0,1,1,4,0,0,17,0.3091,1,0,0,1,0,0,0,0,4.5473,0,1,0,1,http://164.184.143.227/netflix/auth-portal.php?id=67204
62,13,28,4,1,0,1,1,4,0,0,19,0.3065,1,0,0,1,0,1,0,0,4.5731,0,1,0,1,http://51.46.111.113:4444/instagram/account-alert.php?id=78162
37,7,23,1,2,0,0,0,3,0,0,1,0.027,0,1,0,0,0,0,0,0,4.3711,0,1,0,1,http://cutt.ly/zTFKUL8K-netflix-alert
61,42,12,2,4,0,0,0,3,0,0,0,0.0,0,0,0,3,0,0,1,0,4.1373,1,0,0,1,http://secure-binance-billing-resolve-center.club/signin.html
37,7,23,1,2,0,0,0,3,0,0,1,0.027,0,1,0,0,0,0,0,0,4.3143,0,0,0,1,http://cutt.ly/ckkw3NUD-binance-alert
61,39,6,3,2,0,1,1,3,0,0,7,0.1148,0,0,2,3,0,0,1,0,4.7337,1,0,1,1,http://wellsfargo.com.security-update-314.loan/login?ref=5461
35,7,21,1,2,0,0,0,3,0,0,2,0.0571,0,1,0,0,0,0,0,0,4.1503,0,1,0,1,http://cutt.ly/t3yxJQ5R-chase-alert
115,29,10,2,2,0,1,2,3,0,1,38,0.3304,0,0,0,3,0,0,1,0,5.0257,1,0,0,1,http://portal-wellsfargo-verify.club/index.php?token=6dc1e5e76d8440116885a38141c21f2e053505048a359711&auth=required
44,14,22,2,0,0,0,0,4,0,0,0,0.0,0,0,1,0,1,0,0,0,3.8863,0,0,0,0,https://app.reddit.com/resources/whitepapers
38,10,20,1,0,0,0,0,4,0,0,0,0.0,0,0,0,0,1,0,0,0,3.9907,0,0,0,0,https://amazon.com/dashboard/analytics
37,9,20,1,0,0,0,0,4,0,0,0,0.0,0,0,0,0,1,0,0,0,3.9696,0,0,0,0,https://chase.com/dashboard/analytics
58,39,12,2,4,0,0,0,3,0,0,0,0.0,0,0,0,4,0,0,1,0,4.1382,0,1,0,1,http://secure-paypal-auth-portal-center.online/signin.html
111,25,10,2,2,0,1,2,3,0,1,27,0.2432,0,0,0,4,0,0,1,0,4.7995,0,1,0,1,http://portal-paypal-verify.info/index.php?token=74ab7187cff619d8d4648e6a7a12f8be1db2c44d714afed1&auth=required
60,18,22,3,2,0,1,1,5,0,0,8,0.1333,0,0,0,2,0,0,1,1,4.6302,1,1,0,1,http://free-host-92.click//www.chase.com/update?token=826472
48,18,22,2,0,0,0,0,5,0,0,0,0.0,0,0,1,0,1,0,0,0,4.0286,0,0,0,0,https://blog.microsoft.com/user/profile/settings
39,7,25,1,2,0,0,0,3,0,0,2,0.0513,0,1,0,0,0,0,0,0,4.5094,0,1,0,1,http://cutt.ly/jFgN69Sq-microsoft-alert
63,13,34,4,1,0,1,1,4,0,0,15,0.2381,1,0,0,2,0,0,0,0,4.723,0,1,0,1,http://191.22.86.108/bankofamerica/security-update.php?id=56218
60,41,12,2,4,0,0,0,3,0,0,0,0.0,0,0,0,2,0,0,1,0,4.2526,1,1,0,1,http://secure-netflix-session-unlock-center.buzz/signin.html
57,35,6,3,2,0,1,1,3,0,0,7,0.1228,0,0,2,2,0,0,1,0,4.5477,1,1,1,1,http://google.com.suspended-notice-522.icu/login?ref=4276
36,7,22,1,2,0,0,0,3,0,0,1,0.0278,0,1,0,0,0,0,0,0,4.3401,0,1,0,1,http://cutt.ly/QXeLv2fe-amazon-alert
109,23,10,2,2,0,1,2,3,0,1,31,0.2844,0,0,0,3,0,0,1,0,4.9515,1,1,0,1,http://portal-chase-verify.top/index.php?token=409a78e37acb126a1600c70921a23c3c64c581b3d8d27dea&auth=required
56,34,6,3,2,0,1,1,3,0,0,7,0.125,0,0,2,2,0,0,1,0,4.7979,1,1,1,1,http://paypal.com.session-unlock-958.buzz/login?ref=8771
43,11,25,1,2,0,0,0,3,0,0,2,0.0465,0,1,0,0,0,0,0,0,4.499,0,1,0,1,http://tinyurl.com/yxKG4KQ6-microsoft-alert
40,11,21,1,0,0,0,0,6,0,0,6,0.15,0,0,0,0,1,0,0,0,4.1464,0,0,0,0,https://reuters.com/news/2026/08/article
55,33,6,3,2,0,1,1,3,0,0,7,0.1273,0,0,2,1,0,0,1,0,4.7261,1,1,1,1,http://apple.com.session-unlock-185.buzz/login?ref=1613
58,39,12,2,4,0,0,0,3,0,0,0,0.0,0,0,0,3,0,0,1,0,4.2947,1,1,0,1,http://secure-chase-billing-resolve-center.xyz/signin.html
54,35,12,2,4,0,0,0,3,0,0,0,0.0,0,0,0,3,0,0,1,0,4.0807,1,1,0,1,http://secure-chase-auth-portal-center.icu/signin.html
53,34,12,2,3,0,0,0,3,0,0,0,0.0,0,0,0,3,0,0,1,0,4.3037,1,1,0,1,http://secure-instagram-verify-center.xyz/signin.html
41,12,21,2,1,0,0,0,4,0,0,6,0.1463,0,0,1,0,1,0,0,0,4.3267,0,0,0,0,https://my.chase.com/products/item-129481
61,39,6,3,2,0,1,1,3,0,0,7,0.1148,0,0,2,2,0,0,1,0,4.5846,1,1,1,1,http://microsoft.com.confirm-identity-974.club/login?ref=7731
57,16,7,2,0,0,1,2,3,0,1,1,0.0175,0,0,1,0,1,0,0,0,4.4556,0,0,0,0,https://blog.twitter.com/search?q=machine+learning&page=2
57,14,27,4,1,0,1,1,4,0,0,16,0.2807,1,0,0,2,0,0,0,0,4.6554,0,1,0,1,http://42.215.107.225/paypal/billing-resolve.php?id=47364
41,11,23,1,2,0,0,0,3,0,0,2,0.0488,0,1,0,0,0,0,0,0,4.501,0,1,0,1,http://tinyurl.com/8s3hzLAL-netflix-alert
118,32,10,2,2,0,1,2,3,0,1,23,0.1949,0,0,0,3,0,0,1,0,4.9435,1,1,0,1,http://portal-bankofamerica-verify.work/index.php?token=7aafe2582d59cc2e3d3a3ffb9cfd7b7c8061be47644dfaec&auth=required
65,13,31,4,1,0,1,1,4,0,0,19,0.2923,1,0,0,1,0,1,0,0,4.6008,0,1,0,1,http://212.13.143.27:4444/instagram/suspended-notice.php?id=66635
57,35,6,3,2,0,1,1,3,0,0,7,0.1228,0,0,2,1,0,0,1,0,4.6593,1,1,1,1,http://netflix.com.session-unlock-608.work/login?ref=8362
61,42,12,2,4,0,0,0,3,0,0,0,0.0,0,0,0,3,0,0,1,0,4.1497,0,1,0,1,http://secure-microsoft-auth-portal-center.online/signin.html
38,9,21,1,0,0,0,0,6,0,0,6,0.1579,0,0,0,0,1,0,0,0,4.2737,0,0,0,0,https://adobe.com/news/2026/08/article
34,6,21,1,2,0,0,0,3,0,0,0,0.0,0,1,0,0,0,0,0,0,4.3006,0,1,0,1,http://bit.ly/wxkGbFVk-chase-alert
57,13,28,4,1,0,1,1,4,0,0,15,0.2632,1,0,0,1,0,0,0,0,4.6289,0,1,0,1,http://196.7.210.113/netflix/billing-resolve.php?id=23251
59,17,22,3,2,0,1,1,5,0,0,8,0.1356,0,0,0,2,0,0,1,1,4.7116,1,1,0,1,http://free-host-23.buzz//www.apple.com/update?token=841501
31,19,4,2,0,0,0,0,3,0,0,0,0.0,0,0,1,0,1,0,0,0,4.1069,0,0,0,0,https://mail.cloudflare.com/faq
63,44,12,2,4,0,0,0,3,0,0,2,0.0317,0,0,0,3,0,0,1,0,4.1615,1,0,0,1,http://secure-micr0s0ft-confirm-identity-center.icu/signin.html
57,35,6,3,2,0,1,1,3,0,0,7,0.1228,0,0,2,1,0,0,1,0,4.6507,0,0,1,1,http://binance.com.session-unlock-107.live/login?ref=9313
28,16,4,2,0,0,0,0,3,0,0,0,0.0,0,0,1,0,1,0,0,0,4.0391,0,0,0,0,https://help.youtube.com/faq
36,6,23,1,2,0,0,0,3,0,0,0,0.0,0,1,0,0,0,0,0,0,4.3055,0,1,0,1,http://bit.ly/ZLFKrCdf-netflix-alert
59,40,12,2,4,0,0,0,3,0,0,0,0.0,0,0,0,3,0,0,1,0,4.1467,0,1,0,1,http://secure-netflix-account-alert-center.live/signin.html
58,36,6,3,2,0,1,1,3,0,0,7,0.1207,0,0,2,2,0,0,1,0,4.483,1,0,1,1,http://wellsfargo.com.account-alert-114.top/login?ref=5114
58,16,22,3,2,0,1,1,5,0,0,8,0.1379,0,0,0,2,0,0,1,1,4.7012,1,1,0,1,http://free-host-50.xyz//www.apple.com/update?token=271713
22,9,5,1,0,0,0,0,3,0,0,0,0.0,0,0,0,0,1,0,0,0,3.6292,0,0,0,0,https://yahoo.com/help
64,13,30,4,1,0,1,1,4,0,0,19,0.2969,1,0,0,2,0,1,0,0,4.5387,0,1,0,1,http://158.139.89.94:4444/instagram/security-update.php?id=98044
62,15,26,4,1,0,1,1,4,0,0,21,0.3387,1,0,0,0,0,1,0,0,4.6007,0,1,0,1,http://211.170.117.162:4444/google/session-unlock.php?id=87591
61,14,26,4,1,0,1,1,4,0,0,20,0.3279,1,0,0,1,0,1,0,0,4.718,0,1,0,1,http://24.203.105.126:4444/netflix/account-alert.php?id=92788
60,38,6,3,2,0,1,1,3,0,0,7,0.1167,0,0,2,2,0,0,1,0,4.7237,0,1,1,1,http://facebook.com.confirm-identity-946.live/login?ref=7053
35,23,4,2,0,0,0,0,3,0,0,0,0.0,0,0,1,1,1,0,0,0,4.229,0,0,0,0,https://login.bankofamerica.com/faq
61,42,12,2,4,0,0,0,3,0,0,1,0.0164,0,0,0,3,0,0,1,0,4.2724,0,0,0,1,http://secure-paypa1-confirm-identity-center.info/signin.html
53,13,24,4,1,0,1,1,4,0,0,15,0.283,1,0,0,1,0,0,0,0,4.6286,0,0,0,1,http://94.170.104.21/binance/auth-portal.php?id=65396
48,18,22,2,0,0,0,0,5,0,0,0,0.0,0,0,1,0,1,0,0,0,4.1969,0,0,0,0,https://www.cloudflare.com/user/profile/settings
111,25,10,2,2,0,1,2,3,0,1,28,0.2523,0,0,0,3,0,0,1,0,5.0016,1,1,0,1,http://portal-google-verify.work/index.php?token=bebd197cc9c2cc0d4c931b0506147b2b23db60ebca099874&auth=required
63,12,35,4,1,0,1,1,4,0,0,14,0.2222,1,0,0,1,0,0,0,0,4.7094,0,1,0,1,http://44.209.65.75/bankofamerica/confirm-identity.php?id=99879
55,14,7,2,0,0,1,2,3,0,1,1,0.0182,0,0,1,0,1,0,0,0,4.3106,0,0,0,0,https://mail.chase.com/search?q=machine+learning&page=2
35,5,23,1,2,0,0,0,3,0,0,1,0.0286,0,1,0,0,0,0,0,0,4.4791,0,1,0,1,http://rb.gy/NSuajok1-netflix-alert
64,17,27,3,2,0,1,1,5,0,0,8,0.125,0,0,0,2,0,0,1,1,4.7135,1,0,0,1,http://free-host-43.buzz//www.wellsfargo.com/update?token=363174
46,16,22,2,0,0,0,0,4,0,0,0,0.0,0,0,1,0,1,0,0,0,3.8662,0,0,0,0,https://portal.chase.com/resources/whitepapers
51,38,6,1,3,0,0,0,3,0,0,2,0.0392,0,0,0,2,0,0,1,0,4.2895,0,0,0,1,http://faceb00k-security-checkpoint-appeal.cc/login
40,11,22,1,2,0,0,0,3,0,0,0,0.0,0,1,0,0,0,0,0,0,4.5153,0,1,0,1,http://tinyurl.com/WxEmVYgv-amazon-alert
114,28,10,2,2,0,1,2,3,0,1,30,0.2632,0,0,0,3,0,0,1,0,5.092,1,1,0,1,http://portal-instagram-verify.buzz/index.php?token=1361a2b08cd8c9c4449d2a7d46719deb55fa0f87f75446bf&auth=required
34,5,22,1,2,0,0,0,3,0,0,1,0.0294,0,1,0,0,0,0,0,0,4.315,0,1,0,1,http://rb.gy/TV6ZKdkZ-google-alert
59,16,23,3,2,0,1,1,5,0,0,8,0.1356,0,0,0,2,0,0,1,1,4.6244,1,1,0,1,http://free-host-82.icu//www.amazon.com/update?token=707474
23,12,4,1,0,0,0,0,3,0,0,0,0.0,0,0,0,0,0,0,0,0,3.8492,0,0,0,0,http://stanford.edu/faq
110,24,10,2,2,0,1,2,3,0,1,33,0.3,0,0,0,3,0,0,1,0,4.9774,1,1,0,1,http://portal-chase-verify.loan/index.php?token=b458898b729e85308a3ddb668d94c3cedf726261633078ad&auth=required
50,21,21,2,1,0,0,0,4,0,0,6,0.12,0,0,1,0,1,0,0,0,4.4786,0,0,0,0,https://developer.mozilla.org/products/item-129481
56,34,6,3,2,0,1,1,3,0,0,7,0.125,0,0,2,2,0,0,1,0,4.6106,1,0,1,1,http://wellsfargo.com.auth-portal-402.icu/login?ref=4288
44,15,21,2,0,0,0,0,6,0,0,6,0.1364,0,0,1,0,1,0,0,0,4.3625,0,0,0,0,https://api.youtube.com/news/2026/08/article
59,40,12,2,4,0,0,0,3,0,0,0,0.0,0,0,0,2,0,0,1,0,4.1218,1,0,0,1,http://secure-binance-session-unlock-center.top/signin.html
63,17,26,3,2,0,1,1,5,0,0,8,0.127,0,0,0,2,0,0,1,1,4.6855,1,1,0,1,http://free-host-79.loan//www.instagram.com/update?token=274023
118,32,10,2,2,0,1,2,3,0,1,27,0.2288,0,0,0,3,0,0,1,0,4.8453,1,1,0,1,http://portal-bankofamerica-verify.loan/index.php?token=2feb2e1e570d2f5db3323b279db2ab5743fe98b4b2f7d75b&auth=required
58,36,6,3,2,0,1,1,3,0,0,7,0.1207,0,0,2,3,0,0,1,0,4.8471,1,1,1,1,http://netflix.com.security-update-581.buzz/login?ref=6400
61,42,12,2,4,0,0,0,3,0,0,0,0.0,0,0,0,3,0,0,1,0,4.1366,1,0,0,1,http://secure-binance-confirm-identity-center.icu/signin.html
113,27,10,2,2,0,1,2,3,0,1,31,0.2743,0,0,0,3,0,0,1,0,5.0286,1,1,0,1,http://portal-instagram-verify.xyz/index.php?token=b9c0c2b2151e06b1019f4bba5f16d40ce208641631fe63f1&auth=required
58,16,22,3,2,0,1,1,5,0,0,8,0.1379,0,0,0,2,0,0,1,1,4.5587,1,1,0,1,http://free-host-34.icu//www.chase.com/update?token=797713
57,12,29,4,1,0,1,1,4,0,0,14,0.2456,1,0,0,1,0,0,0,0,4.6006,0,1,0,1,http://118.5.53.106/netflix/confirm-identity.php?id=72256
55,33,6,3,2,0,1,1,3,0,0,7,0.1273,0,0,2,2,0,0,1,0,4.5354,1,1,1,1,http://instagram.com.auth-portal-886.top/login?ref=4299
26,14,4,2,0,0,0,0,3,0,0,0,0.0,0,0,1,0,1,0,0,0,3.7962,0,0,0,0,https://help.chase.com/faq
63,12,30,4,1,0,1,1,4,0,0,18,0.2857,1,0,0,2,0,1,0,0,4.7609,0,1,0,1,http://194.11.28.34:3000/instagram/security-update.php?id=55667
35,7,20,1,0,0,0,0,4,0,0,0,0.0,0,0,0,0,1,0,0,0,3.9433,0,0,0,0,https://who.int/dashboard/analytics
112,26,10,2,2,0,1,2,3,0,1,33,0.2946,0,0,0,3,0,0,1,0,4.8999,0,1,0,1,http://portal-apple-verify.online/index.php?token=1d5991042502f724f97d0ea73775f4c465a3258ed1c2fa1f&auth=required
64,17,27,3,2,0,1,1,5,0,0,8,0.125,0,0,0,2,0,0,1,1,4.6453,1,0,0,1,http://free-host-87.loan//www.wellsfargo.com/update?token=286393
45,12,17,4,0,0,1,1,4,0,0,14,0.3111,1,0,0,1,0,0,0,0,4.4171,0,1,0,1,http://100.68.55.38/apple/verify.php?id=22241
62,43,12,2,4,0,0,0,3,0,0,0,0.0,0,0,0,3,0,0,1,0,4.157,1,1,0,1,http://secure-netflix-suspended-notice-center.loan/signin.html
57,12,29,4,1,0,1,1,4,0,0,14,0.2456,1,0,0,1,0,0,0,0,4.5523,0,1,0,1,http://82.163.74.87/netflix/confirm-identity.php?id=86447
118,32,10,2,2,0,1,2,3,0,1,35,0.2966,0,0,0,3,0,0,1,0,5.0043,1,1,0,1,http://portal-bankofamerica-verify.loan/index.php?token=c3049f15008426efd6d9635d7781182c580a4f588335d9ec&auth=required
43,14,21,2,1,0,0,0,4,0,0,6,0.1395,0,0,1,0,1,0,0,0,4.3594,0,0,0,0,https://portal.cnn.com/products/item-129481
34,5,22,1,2,0,0,0,3,0,0,0,0.0,0,1,0,0,0,0,0,0,4.315,0,1,0,1,http://rb.gy/XExCXqAG-google-alert
112,26,10,2,2,0,1,2,3,0,1,35,0.3125,0,0,0,3,0,0,1,0,4.8742,1,1,0,1,http://portal-netflix-verify.loan/index.php?token=aeea7453ffe253913e40d47b254709152b04500b9320346a&auth=required
111,25,10,2,2,0,1,2,3,0,1,28,0.2523,0,0,0,3,0,0,1,0,5.0027,1,1,0,1,http://portal-google-verify.loan/index.php?token=f7cd6b10789d97fc3cd6ddd25fb6cac6471108c483c826a2&auth=required
25,13,4,1,0,0,0,0,3,0,0,0,0.0,0,0,0,0,1,0,0,0,3.7533,0,0,0,0,https://microsoft.com/faq
35,5,23,1,2,0,0,0,3,0,0,1,0.0286,0,1,0,0,0,0,0,0,4.3649,0,1,0,1,http://rb.gy/oMfxhE5w-netflix-alert
57,35,6,3,2,0,1,1,3,0,0,7,0.1228,0,0,2,2,0,0,1,0,4.4753,0,1,1,1,http://google.com.billing-resolve-648.info/login?ref=7483
60,38,6,3,2,0,1,1,3,0,0,7,0.1167,0,0,2,2,0,0,1,0,4.5318,0,1,1,1,http://instagram.com.account-alert-562.online/login?ref=1157
39,11,21,1,2,0,0,0,3,0,0,3,0.0769,0,1,0,0,0,0,0,0,4.4555,0,1,0,1,http://tinyurl.com/t9G7NG2O-chase-alert
113,27,10,2,2,0,1,2,3,0,1,33,0.292,0,0,0,3,0,0,1,0,4.9734,1,1,0,1,http://portal-facebook-verify.club/index.php?token=b39236981029a473bb568bd41539cc615af8bf32b1f9b309&auth=required
35,21,6,2,0,0,0,0,3,0,0,0,0.0,0,0,1,0,1,0,0,0,4.036,0,0,0,0,https://portal.wellsfargo.com/about
56,34,6,3,2,0,1,1,3,0,0,7,0.125,0,0,2,2,0,0,1,0,4.6175,1,1,1,1,http://microsoft.com.auth-portal-980.work/login?ref=8244
59,18,7,2,0,0,1,2,3,0,1,1,0.0169,0,0,1,1,1,0,0,0,4.4888,0,0,0,0,https://login.facebook.com/search?q=machine+learning&page=2
112,26,10,2,2,0,1,2,3,0,1,29,0.2589,0,0,0,3,0,0,1,0,4.929,1,1,0,1,http://portal-facebook-verify.icu/index.php?token=3ba4ef0f3f8fc4c709d4fe664d63696ee5028b291dd6e775&auth=required
60,38,6,3,2,0,1,1,3,0,0,7,0.1167,0,0,2,3,0,0,1,0,4.6794,1,1,1,1,http://instagram.com.security-update-157.loan/login?ref=3677
62,17,25,3,2,0,1,1,5,0,0,8,0.129,0,0,0,2,0,0,1,1,4.5452,1,1,0,1,http://free-host-20.loan//www.facebook.com/update?token=922033
40,11,22,1,2,0,0,0,3,0,0,0,0.0,0,1,0,0,0,0,0,0,4.5342,0,1,0,1,http://tinyurl.com/RLiUsdQk-amazon-alert
58,13,29,4,1,0,1,1,4,0,0,15,0.2586,1,0,0,0,0,0,0,0,4.7929,0,1,0,1,http://177.25.204.69/instagram/session-unlock.php?id=70868
40,11,22,1,2,0,0,0,3,0,0,2,0.05,0,1,0,1,0,0,0,0,4.3964,0,1,0,1,http://tinyurl.com/QZNfE6u6-paypal-alert
57,35,6,3,2,0,1,1,3,0,0,7,0.1228,0,0,2,2,0,0,1,0,4.7359,1,1,1,1,http://chase.com.confirm-identity-730.work/login?ref=1647
54,13,25,4,1,0,1,1,4,0,0,15,0.2778,1,0,0,2,0,0,0,0,4.422,0,1,0,1,http://123.123.62.92/paypal/account-alert.php?id=53962
58,39,12,2,4,0,0,0,3,0,0,4,0.069,0,0,0,3,0,0,1,0,4.3728,1,0,0,1,http://secure-g00g13-account-alert-center.buzz/signin.html
118,32,10,2,2,0,1,2,3,0,1,34,0.2881,0,0,0,3,0,0,1,0,4.9923,1,1,0,1,http://portal-bankofamerica-verify.club/index.php?token=6d10248586e1e0357145fb880ab1acd521714f391ef9d505&auth=required
114,28,10,2,2,0,1,2,3,0,1,30,0.2632,0,0,0,3,0,0,1,0,5.004,1,1,0,1,http://portal-microsoft-verify.loan/index.php?token=31f6490366c6bb21c93871ae1acae7533f1fe24d85622afb&auth=required
115,29,10,2,2,0,1,2,3,0,1,26,0.2261,0,0,0,3,0,0,1,0,4.9835,1,0,0,1,http://portal-wellsfargo-verify.loan/index.php?token=7e96ab5ce40d064b96e1f78f12cb6abcea8494ffa7c2f981&auth=required
59,40,12,2,4,0,0,0,3,0,0,0,0.0,0,0,0,3,0,0,1,0,4.2636,1,1,0,1,http://secure-apple-billing-resolve-center.work/signin.html
43,14,21,2,0,0,0,0,6,0,0,6,0.1395,0,0,1,0,1,0,0,0,4.3328,0,0,0,0,https://dev.medium.com/news/2026/08/article
22,10,4,1,0,0,0,0,3,0,0,0,0.0,0,0,0,0,1,0,0,0,3.8454,0,0,0,0,https://google.com/faq
46,16,22,2,0,0,0,0,4,0,0,0,0.0,0,0,1,0,1,0,0,0,4.1435,0,0,0,0,https://blog.nytimes.com/resources/whitepapers
53,31,6,3,2,0,1,1,3,0,0,7,0.1321,0,0,2,2,0,0,1,0,4.6075,1,0,1,1,http://binance.com.auth-portal-984.top/login?ref=5214
47,15,24,2,1,0,0,0,5,0,0,1,0.0213,0,0,1,0,1,0,0,0,4.0623,0,0,0,0,https://app.harvard.edu/docs/v2/getting-started
50,36,7,3,2,0,0,0,3,0,0,0,0.0,0,0,2,2,0,0,1,0,4.142,1,1,1,1,http://microsoft.com.online-auth-portal.icu/signin
57,15,22,3,2,0,1,1,5,0,0,8,0.1404,0,0,0,2,0,0,1,1,4.4907,1,1,0,1,http://free-host-72.tk//www.chase.com/update?token=445655
55,14,25,4,0,0,1,1,4,0,0,16,0.2909,1,0,0,1,0,0,0,0,4.7673,0,1,0,1,http://136.238.90.103/bankofamerica/verify.php?id=79075
62,43,12,2,4,0,0,0,3,0,0,0,0.0,0,0,0,4,0,0,1,0,4.2416,1,1,0,1,http://secure-instagram-security-update-center.xyz/signin.html
37,7,23,1,2,0,0,0,3,0,0,0,0.0,0,1,0,0,0,0,0,0,4.2399,0,0,0,1,http://cutt.ly/vcSWgrse-binance-alert
17,10,0,1,0,0,0,0,2,0,0,0,0.0,0,0,0,0,0,0,0,0,3.4992,0,0,0,0,http://amazon.com
44,14,22,1,0,0,0,0,4,0,0,0,0.0,0,0,0,0,1,0,0,0,3.8676,0,0,0,0,https://salesforce.com/resources/whitepapers
113,27,10,2,2,0,1,2,3,0,1,26,0.2301,0,0,0,3,0,0,1,0,4.9072,1,1,0,1,http://portal-netflix-verify.click/index.php?token=f4b4ee01087b39d9baa76ba7a5b89e3f7b333c752b4f6eee&auth=required
24,15,1,2,0,0,0,0,3,0,0,0,0.0,0,0,1,0,1,0,0,0,3.4864,0,0,0,0,https://www.twitter.com/
35,5,23,1,2,0,0,0,3,0,0,2,0.0571,0,1,0,0,0,0,0,0,4.1287,0,0,0,1,http://rb.gy/g3tnbH0r-binance-alert
24,15,1,2,0,0,0,0,3,0,0,0,0.0,0,0,1,0,1,0,0,0,3.8035,0,0,0,0,https://help.amazon.com/
110,24,10,2,2,0,1,2,3,0,1,33,0.3,0,0,0,4,0,0,1,0,4.9234,1,1,0,1,http://portal-paypal-verify.icu/index.php?token=cb5580f1f8a746c3ca33da5118770a85e579ee15931b0476&auth=required
58,13,29,4,1,0,1,1,4,0,0,15,0.2586,1,0,0,1,0,0,0,0,4.6255,0,0,0,1,http://111.22.127.20/wellsfargo/account-alert.php?id=16325
60,38,6,3,2,0,1,1,3,0,0,7,0.1167,0,0,2,2,0,0,1,0,4.6379,1,1,1,1,http://facebook.com.confirm-identity-751.club/login?ref=5222
20,7,5,1,0,0,0,0,3,0,0,0,0.0,0,0,0,0,1,0,0,0,3.5842,0,0,0,0,https://bbc.com/help
59,40,12,2,4,0,0,0,3,0,0,0,0.0,0,0,0,2,0,0,1,0,4.247,1,1,0,1,http://secure-amazon-session-unlock-center.club/signin.html
34,18,8,2,0,0,0,0,3,0,0,0,0.0,0,0,1,0,1,0,0,0,3.9176,0,0,0,0,https://portal.netflix.com/contact
56,14,21,4,0,0,1,1,4,0,0,20,0.3571,1,0,0,1,0,1,0,0,4.6106,0,1,0,1,http://80.118.139.145:8080/instagram/verify.php?id=64204
119,33,10,2,2,0,1,2,3,0,1,36,0.3025,0,0,0,3,0,0,1,0,5.0095,1,1,0,1,http://portal-bankofamerica-verify.click/index.php?token=1c46530296c1f19eb086979bd77a762476102a6837df748c&auth=required
61,18,23,3,2,0,1,1,5,0,0,8,0.1311,0,0,0,2,0,0,1,1,4.7137,1,1,0,1,http://free-host-70.click//www.amazon.com/update?token=601472
33,5,21,1,2,0,0,0,3,0,0,3,0.0909,0,1,0,0,0,0,0,0,4.2942,0,1,0,1,http://rb.gy/H4G4Ftq9-chase-alert
58,17,7,1,0,0,1,2,3,0,1,1,0.0172,0,0,0,0,1,0,0,0,4.4263,0,0,0,0,https://bankofamerica.com/search?q=machine+learning&page=2
37,5,25,1,2,0,0,0,3,0,0,1,0.027,0,1,0,0,0,0,0,0,4.6281,0,1,0,1,http://rb.gy/AzIFkX2L-microsoft-alert
58,36,6,3,2,0,1,1,3,0,0,7,0.1207,0,0,2,2,0,0,1,0,4.578,0,1,1,1,http://amazon.com.suspended-notice-656.info/login?ref=6674
59,16,23,3,2,0,1,1,5,0,0,8,0.1356,0,0,0,2,0,0,1,1,4.5393,1,1,0,1,http://free-host-92.top//www.google.com/update?token=707673
111,25,10,2,2,0,1,2,3,0,1,31,0.2793,0,0,0,4,0,0,1,0,4.9519,1,1,0,1,http://portal-paypal-verify.work/index.php?token=8e0e233950231c1a3707f4d4ef4c85a6c0c74a5a45e2cf91&auth=required
61,17,24,3,2,0,1,1,5,0,0,8,0.1311,0,0,0,2,0,0,1,1,4.6217,1,0,0,1,http://free-host-91.loan//www.binance.com/update?token=277998
63,17,26,3,2,0,1,1,5,0,0,8,0.127,0,0,0,2,0,0,1,1,4.6735,1,1,0,1,http://free-host-41.buzz//www.instagram.com/update?token=644645
25,17,0,2,0,0,0,0,2,0,0,0,0.0,0,0,1,0,1,0,0,0,3.8635,0,0,0,0,https://www.instagram.com
59,37,6,3,2,0,1,1,3,0,0,7,0.1186,0,0,2,2,0,0,1,0,4.5521,1,1,1,1,http://microsoft.com.billing-resolve-886.icu/login?ref=1448
63,17,26,3,2,0,1,1,5,0,0,8,0.127,0,0,0,2,0,0,1,1,4.6599,1,1,0,1,http://free-host-27.buzz//www.microsoft.com/update?token=597271
67,17,30,3,2,0,1,1,5,0,0,8,0.1194,0,0,0,2,0,0,1,1,4.6712,0,1,0,1,http://free-host-80.info//www.bankofamerica.com/update?token=706859
109,23,10,2,2,0,1,2,3,0,1,25,0.2294,0,0,0,3,0,0,1,0,4.9295,1,1,0,1,http://portal-google-verify.tk/index.php?token=21aa0f8ed56b716b7dc40ba40364d2e4dac4894fafe46aec&auth=required
33,19,6,2,0,0,0,0,3,0,0,0,0.0,0,0,1,0,1,0,0,0,4.0815,0,0,0,0,https://mail.cloudflare.com/about
42,13,21,3,1,0,0,0,4,0,0,6,0.1429,0,0,1,0,1,0,0,0,4.5468,0,0,0,0,https://blog.ox.ac.uk/products/item-129481
57,35,6,3,2,0,1,1,3,0,0,7,0.1228,0,0,2,3,0,0,1,0,4.6876,1,1,1,1,http://netflix.com.security-update-465.top/login?ref=8224
108,22,10,2,2,0,1,2,3,0,1,33,0.3056,0,0,0,3,0,0,1,0,4.9957,1,1,0,1,http://portal-chase-verify.tk/index.php?token=b467b948d0c3453157f287412e81723d6af25eb1720a1dfd&auth=required
58,39,12,2,4,0,0,0,3,0,0,0,0.0,0,0,0,3,0,0,1,0,4.2539,1,0,0,1,http://secure-wellsfargo-auth-portal-center.tk/signin.html
35,6,22,1,2,0,0,0,3,0,0,2,0.0571,0,1,0,0,0,0,0,0,4.4004,0,1,0,1,http://bit.ly/1S6VJcLK-google-alert
59,37,6,3,2,0,1,1,3,0,0,7,0.1186,0,0,2,2,0,0,1,0,4.576,0,1,1,1,http://facebook.com.billing-resolve-139.live/login?ref=5933
61,17,24,3,2,0,1,1,5,0,0,8,0.1311,0,0,0,2,0,0,1,1,4.6562,0,1,0,1,http://free-host-57.info//www.netflix.com/update?token=663927
25,12,5,2,0,0,0,0,3,0,0,0,0.0,0,0,1,0,1,0,0,0,3.7035,0,0,0,0,https://mail.mit.edu/help
22,11,4,1,0,0,0,0,3,0,0,0,0.0,0,0,0,0,0,0,0,0,3.8454,0,0,0,0,http://dropbox.com/faq
110,24,10,2,2,0,1,2,3,0,1,30,0.2727,0,0,0,3,0,0,1,0,4.9405,1,1,0,1,http://portal-apple-verify.work/index.php?token=84e05ee35b117ff6a16b7ba611bc2d3273733bcd0206ca22&auth=required
26,12,6,2,0,0,0,0,3,0,0,0,0.0,0,0,1,0,1,0,0,0,3.8441,0,0,0,0,https://mail.bbc.com/terms
60,13,26,4,1,0,1,1,4,0,0,19,0.3167,1,0,0,2,0,1,0,0,4.5155,0,1,0,1,http://125.35.167.35:8888/apple/security-update.php?id=84505
63,16,27,3,2,0,1,1,5,0,0,8,0.127,0,0,0,2,0,0,1,1,4.6146,1,0,0,1,http://free-host-56.top//www.wellsfargo.com/update?token=274214
43,7,29,1,2,0,0,0,3,0,0,0,0.0,0,1,0,0,0,0,0,0,4.47,0,1,0,1,http://cutt.ly/hSZRlzKK-bankofamerica-alert
60,16,24,3,2,0,1,1,5,0,0,8,0.1333,0,0,0,2,0,0,1,1,4.6509,1,0,0,1,http://free-host-27.icu//www.binance.com/update?token=444036
36,7,22,1,2,0,0,0,3,0,0,1,0.0278,0,1,0,1,0,0,0,0,4.1524,0,1,0,1,http://cutt.ly/xnFR5MuA-paypal-alert
63,16,27,3,2,0,1,1,5,0,0,8,0.127,0,0,0,2,0,0,1,1,4.7458,1,0,0,1,http://free-host-16.xyz//www.wellsfargo.com/update?token=684199
34,6,21,1,2,0,0,0,3,0,0,1,0.0294,0,1,0,0,0,0,0,0,4.0912,0,1,0,1,http://bit.ly/XS1XGqst-apple-alert
49,11,22,4,0,0,1,1,4,0,0,13,0.2653,1,0,0,1,0,0,0,0,4.6277,0,0,0,1,http://57.194.77.7/wellsfargo/verify.php?id=78606
56,34,6,3,2,0,1,1,3,0,0,7,0.125,0,0,2,4,0,0,1,0,4.8114,1,1,1,1,http://paypal.com.security-update-331.xyz/login?ref=5604
42,12,22,2,0,0,0,0,4,0,0,0,0.0,0,0,1,0,1,0,0,0,4.062,0,0,0,0,https://blog.zoom.us/resources/whitepapers
52,24,20,2,0,0,0,0,4,0,0,0,0.0,0,0,1,0,1,0,0,0,4.2198,0,0,0,0,https://portal.stackoverflow.com/dashboard/analytics
55,14,25,4,1,0,1,1,4,0,0,16,0.2909,1,0,0,1,0,0,0,0,4.6767,0,1,0,1,http://74.100.238.221/amazon/account-alert.php?id=56827
61,17,24,3,2,0,1,1,5,0,0,8,0.1311,0,0,0,2,0,0,1,1,4.7217,1,1,0,1,http://free-host-33.buzz//www.netflix.com/update?token=291531
35,5,23,1,2,0,0,0,3,0,0,1,0.0286,0,1,0,0,0,0,0,0,4.3002,0,0,0,1,http://rb.gy/lexWMr9Z-binance-alert
32,10,14,1,0,0,0,0,5,0,0,1,0.0312,0,0,0,1,1,0,0,0,3.7386,0,0,0,0,https://paypal.com/api/v1/status
61,19,22,3,2,0,1,1,5,0,0,8,0.1311,0,0,0,2,0,0,1,1,4.4922,0,1,0,1,http://free-host-11.online//www.chase.com/update?token=140041
57,16,7,2,0,0,1,2,3,0,1,1,0.0175,0,0,1,0,1,0,0,0,4.3769,0,0,0,0,https://mail.nytimes.com/search?q=machine+learning&page=2
53,34,12,2,3,0,0,0,3,0,0,0,0.0,0,0,0,3,0,0,1,0,4.1836,1,1,0,1,http://secure-instagram-verify-center.icu/signin.html
35,14,14,1,0,0,0,0,5,0,0,1,0.0286,0,0,0,0,0,0,0,0,4.0903,0,0,0,0,http://cloudflare.com/api/v1/status
51,32,12,2,3,0,0,0,3,0,0,4,0.0784,0,0,0,3,0,0,1,0,4.3139,0,0,0,1,http://secure-g00g13-verify-center.live/signin.html
49,22,20,2,0,0,0,0,4,0,0,0,0.0,0,0,1,0,0,0,0,0,4.2133,0,0,0,0,http://help.bankofamerica.com/dashboard/analytics
40,11,22,1,2,0,0,0,3,0,0,1,0.025,0,1,0,1,0,0,0,0,4.3062,0,1,0,1,http://tinyurl.com/i1HUnKtD-paypal-alert
53,34,12,2,3,0,0,0,3,0,0,0,0.0,0,0,0,3,0,0,1,0,4.3129,1,1,0,1,http://secure-microsoft-verify-center.xyz/signin.html
63,17,26,3,2,0,1,1,5,0,0,8,0.127,0,0,0,2,0,0,1,1,4.5225,0,1,0,1,http://free-host-12.info//www.microsoft.com/update?token=144102
62,18,24,3,2,0,1,1,5,0,0,8,0.129,0,0,0,2,0,0,1,1,4.6558,1,1,0,1,http://free-host-74.click//www.netflix.com/update?token=148880
57,13,28,4,1,0,1,1,4,0,0,15,0.2632,1,0,0,1,0,0,0,0,4.6375,0,1,0,1,http://76.188.104.84/microsoft/account-alert.php?id=27467
26,18,0,2,0,0,0,0,2,0,0,0,0.0,0,0,1,0,1,0,0,0,4.162,0,0,0,0,https://dev.wellsfargo.com
61,17,24,3,2,0,1,1,5,0,0,8,0.1311,0,0,0,2,0,0,1,1,4.6465,0,0,0,1,http://free-host-67.info//www.binance.com/update?token=996845
62,43,12,2,4,0,0,0,3,0,0,1,0.0161,0,0,0,3,0,0,1,0,4.1795,1,0,0,1,http://secure-binanc3-suspended-notice-center.club/signin.html
61,15,26,3,2,0,1,1,5,0,0,8,0.1311,0,0,0,2,0,0,1,1,4.6474,1,1,0,1,http://free-host-44.tk//www.instagram.com/update?token=665903
57,12,24,4,1,0,1,1,4,0,0,18,0.3158,1,0,0,1,0,1,0,0,4.5852,0,0,0,1,http://14.24.44.180:8888/binance/auth-portal.php?id=72563
53,13,24,4,1,0,1,1,4,0,0,15,0.283,1,0,0,1,0,0,0,0,4.6286,0,0,0,1,http://30.128.224.70/binance/auth-portal.php?id=62509
55,13,26,4,1,0,1,1,4,0,0,15,0.2727,1,0,0,1,0,0,0,0,4.6582,0,1,0,1,http://127.163.248.8/chase/billing-resolve.php?id=34788
25,16,1,2,0,0,0,0,3,0,0,0,0.0,0,0,1,0,1,0,0,0,3.9435,0,0,0,0,https://mail.youtube.com/
61,42,12,2,4,0,0,0,3,0,0,0,0.0,0,0,0,4,0,0,1,0,4.2015,0,1,0,1,http://secure-paypal-suspended-notice-center.live/signin.html
50,21,21,2,0,0,0,0,6,0,0,6,0.12,0,0,1,0,1,0,0,0,4.3684,0,0,0,0,https://www.bankofamerica.com/news/2026/08/article
111,25,10,2,2,0,1,2,3,0,1,32,0.2883,0,0,0,3,0,0,1,0,4.9719,1,0,0,1,http://portal-binance-verify.xyz/index.php?token=e18ff602c6507cd1472ab9cd7827e16682132da89e8dd809&auth=required
23,11,4,2,0,0,0,0,3,0,0,0,0.0,0,0,1,0,1,0,0,0,3.6753,0,0,0,0,https://app.zoom.us/faq
68,18,30,3,2,0,1,1,5,0,0,8,0.1176,0,0,0,2,0,0,1,1,4.6485,1,1,0,1,http://free-host-92.click//www.bankofamerica.com/update?token=277962
47,15,24,2,1,0,0,0,5,0,0,1,0.0213,0,0,1,0,1,0,0,0,4.0301,0,0,0,0,https://www.twitter.com/docs/v2/getting-started
111,25,10,2,2,0,1,2,3,0,1,22,0.1982,0,0,0,4,0,0,1,0,4.8495,1,1,0,1,http://portal-paypal-verify.loan/index.php?token=ef9fcab52a0d2afc0bacd36df953f02f9b683b6b7c0bd5e0&auth=required
59,37,6,3,2,0,1,1,3,0,0,7,0.1186,0,0,2,2,0,0,1,0,4.6683,1,1,1,1,http://instagram.com.billing-resolve-362.icu/login?ref=7265
40,11,22,1,2,0,0,0,3,0,0,0,0.0,0,1,0,0,0,0,0,0,4.4653,0,1,0,1,http://tinyurl.com/KiTdxAxs-google-alert
37,15,14,2,0,0,0,0,5,0,0,1,0.027,0,0,1,0,1,0,0,0,3.8588,0,0,0,0,https://www.walmart.com/api/v1/status
56,34,6,3,2,0,1,1,3,0,0,7,0.125,0,0,2,2,0,0,1,0,4.7265,1,1,1,1,http://apple.com.confirm-identity-149.xyz/login?ref=7546
38,5,26,1,2,0,0,0,3,0,0,0,0.0,0,1,0,0,0,0,0,0,4.4316,0,0,0,1,http://rb.gy/SxzuihFi-wellsfargo-alert
59,40,12,2,4,0,0,0,3,0,0,0,0.0,0,0,0,3,0,0,1,0,4.302,1,1,0,1,http://secure-apple-confirm-identity-center.xyz/signin.html
61,39,6,3,2,0,1,1,3,0,0,7,0.1148,0,0,2,2,0,0,1,0,4.6374,1,1,1,1,http://bankofamerica.com.account-alert-969.xyz/login?ref=9366
27,11,8,2,0,0,0,0,3,0,0,0,0.0,0,0,1,0,1,0,0,0,3.9121,0,0,0,0,https://dev.irs.gov/contact
63,15,27,4,1,0,1,1,4,0,0,21,0.3333,1,0,0,2,0,1,0,0,4.6262,0,1,0,1,http://100.123.115.120:8888/amazon/security-update.php?id=56553
42,13,21,1,1,0,0,0,4,0,0,6,0.1429,0,0,0,0,1,0,0,0,4.2048,0,0,0,0,https://microsoft.com/products/item-129481
42,11,24,1,2,0,0,0,3,0,0,2,0.0476,0,1,0,0,0,0,0,0,4.404,0,1,0,1,http://tinyurl.com/ko06VcVm-facebook-alert
58,16,22,3,2,0,1,1,5,0,0,8,0.1379,0,0,0,2,0,0,1,1,4.5977,1,1,0,1,http://free-host-86.icu//www.apple.com/update?token=181647
112,26,10,2,2,0,1,2,3,0,1,26,0.2321,0,0,0,3,0,0,1,0,4.9313,1,1,0,1,http://portal-netflix-verify.work/index.php?token=b99eaa60f037f2a19338bd5cd8fe8fd6db2838891f7d6aca&auth=required
37,5,25,1,2,0,0,0,3,0,0,1,0.027,0,1,0,0,0,0,0,0,4.4455,0,1,0,1,http://rb.gy/ORPyx9Jj-instagram-alert
40,11,22,1,2,0,0,0,3,0,0,0,0.0,0,1,0,0,0,0,0,0,4.3464,0,1,0,1,http://tinyurl.com/ZyujGOuo-amazon-alert
66,15,30,4,1,0,1,1,4,0,0,21,0.3182,1,0,0,0,0,1,0,0,4.8113,0,0,0,1,http://159.147.216.236:8888/wellsfargo/session-unlock.php?id=29289
111,25,10,2,2,0,1,2,3,0,1,22,0.1982,0,0,0,4,0,0,1,0,4.8473,0,1,0,1,http://portal-paypal-verify.live/index.php?token=c0fdc3fd7973ddecb889f08400ba4ffd201eae2e95adb2fe&auth=required
53,31,6,3,2,0,1,1,3,0,0,7,0.1321,0,0,2,3,0,0,1,0,4.6286,0,1,1,1,http://paypal.com.auth-portal-648.live/login?ref=9423
35,21,6,2,0,0,0,0,3,0,0,0,0.0,0,0,1,0,1,0,0,0,4.0256,0,0,0,0,https://app.bankofamerica.com/about
59,40,12,2,4,0,0,0,3,0,0,0,0.0,0,0,0,2,0,0,1,0,4.1242,1,1,0,1,http://secure-google-session-unlock-center.club/signin.html
25,11,6,2,0,0,0,0,3,0,0,0,0.0,0,0,1,0,1,0,0,0,3.6537,0,0,0,0,https://api.who.int/about
62,16,26,3,2,0,1,1,5,0,0,8,0.129,0,0,0,2,0,0,1,1,4.7907,1,1,0,1,http://free-host-36.xyz//www.instagram.com/update?token=623970
40,11,22,1,2,0,0,0,3,0,0,1,0.025,0,1,0,0,0,0,0,0,4.4153,0,1,0,1,http://tinyurl.com/GGRumE3M-google-alert
19,10,1,1,0,0,0,0,3,0,0,0,0.0,0,0,0,0,1,0,0,0,3.5766,0,0,0,0,https://target.com/
19,11,0,2,0,0,0,0,2,0,0,0,0.0,0,0,1,0,1,0,0,0,3.5369,0,0,0,0,https://www.mit.edu
58,13,29,4,1,0,1,1,4,0,0,15,0.2586,1,0,0,1,0,0,0,0,4.6747,0,0,0,1,http://201.1.197.194/wellsfargo/account-alert.php?id=64901
110,24,10,2,2,0,1,2,3,0,1,32,0.2909,0,0,0,3,0,0,1,0,4.979,0,1,0,1,http://portal-chase-verify.live/index.php?token=aeb0b5e53403f472bb865d59ff95073e7927cf474133c14b&auth=required
63,17,26,3,2,0,1,1,5,0,0,8,0.127,0,0,0,2,0,0,1,1,4.7567,1,1,0,1,http://free-host-93.club//www.instagram.com/update?token=198492
61,12,28,4,1,0,1,1,4,0,0,18,0.2951,1,0,0,2,0,1,0,0,4.6277,0,1,0,1,http://21.57.77.142:8888/netflix/security-update.php?id=80137
51,21,22,2,0,0,0,0,5,0,0,0,0.0,0,0,1,0,1,0,0,0,4.0915,0,0,0,0,https://developer.mozilla.org/user/profile/settings
26,14,4,2,0,0,0,0,3,0,0,0,0.0,0,0,1,1,1,0,0,0,3.921,0,0,0,0,https://login.citi.com/faq
29,7,14,1,0,0,0,0,5,0,0,1,0.0345,0,0,0,0,1,0,0,0,3.742,0,0,0,0,https://cnn.com/api/v1/status
54,32,6,3,1,0,1,1,3,0,0,7,0.1296,0,0,2,2,0,0,1,0,4.583,0,0,1,1,http://wellsfargo.com.verify-784.online/login?ref=7171
62,18,24,3,2,0,1,1,5,0,0,8,0.129,0,0,0,2,0,0,1,1,4.6558,1,1,0,1,http://free-host-26.click//www.netflix.com/update?token=882180
31,15,8,2,0,0,0,0,3,0,0,0,0.0,0,0,1,0,1,0,0,0,3.9536,0,0,0,0,https://api.reuters.com/privacy
59,17,22,3,2,0,1,1,5,0,0,8,0.1356,0,0,0,2,0,0,1,1,4.6016,1,1,0,1,http://free-host-28.work//www.apple.com/update?token=869574
30,18,4,2,0,0,0,0,3,0,0,0,0.0,0,0,1,0,1,0,0,0,3.9647,0,0,0,0,https://app.aliexpress.com/faq
116,30,10,2,2,0,1,2,3,0,1,28,0.2414,0,0,0,3,0,0,1,0,4.8406,0,1,0,1,http://portal-microsoft-verify.online/index.php?token=7df4d27cdde232cfd7df0f63829577808737fc0e32e6ad0e&auth=required
18,9,1,2,0,0,0,0,3,0,0,0,0.0,0,0,0,0,1,0,0,0,3.4613,0,0,0,0,https://cam.ac.uk/
63,19,24,3,2,0,1,1,5,0,0,8,0.127,0,0,0,2,0,0,1,1,4.6781,0,0,0,1,http://free-host-48.online//www.binance.com/update?token=152371
57,13,28,4,1,0,1,1,4,0,0,15,0.2632,1,0,0,2,0,0,0,0,4.7255,0,1,0,1,http://203.109.84.56/netflix/security-update.php?id=46913
34,5,22,1,2,0,0,0,3,0,0,2,0.0588,0,1,0,0,0,0,0,0,4.4326,0,1,0,1,http://rb.gy/l2M8jVOm-amazon-alert
62,43,12,2,4,0,0,0,3,0,0,0,0.0,0,0,0,2,0,0,1,0,4.1676,0,1,0,1,http://secure-instagram-session-unlock-center.live/signin.html
35,6,22,1,2,0,0,0,3,0,0,0,0.0,0,1,0,0,0,0,0,0,4.3077,0,1,0,1,http://bit.ly/lHsDqIAU-google-alert
22,13,1,2,0,0,0,0,3,0,0,0,0.0,0,0,1,0,1,0,0,0,3.3176,0,0,0,0,https://app.twitch.tv/
30,14,8,2,0,0,0,0,3,0,0,0,0.0,0,0,1,0,1,0,0,0,3.7777,0,0,0,0,https://app.reddit.com/contact
52,12,24,4,1,0,1,1,4,0,0,14,0.2692,1,0,0,1,0,0,0,0,4.5894,0,1,0,1,http://38.140.75.16/chase/account-alert.php?id=83748
60,15,25,3,2,0,1,1,5,0,0,8,0.1333,0,0,0,2,0,0,1,1,4.5968,1,1,0,1,http://free-host-59.tk//www.facebook.com/update?token=704384
108,22,10,2,2,0,1,2,3,0,1,30,0.2778,0,0,0,3,0,0,1,0,4.9085,1,1,0,1,http://portal-chase-verify.tk/index.php?token=4a831afda80d1741f4ee41d6a30588bf133e0c5ff4c73669&auth=required
63,18,25,3,2,0,1,1,5,0,0,8,0.127,0,0,0,2,0,0,1,1,4.728,1,1,0,1,http://free-host-82.click//www.facebook.com/update?token=549170
58,36,6,3,2,0,1,1,3,0,0,7,0.1207,0,0,2,2,0,0,1,0,4.6402,1,1,1,1,http://netflix.com.suspended-notice-650.icu/login?ref=4571
60,12,27,4,1,0,1,1,4,0,0,18,0.3,1,0,0,2,0,1,0,0,4.7358,0,1,0,1,http://23.208.7.159:3000/amazon/security-update.php?id=27657
53,23,22,2,0,0,0,0,5,0,0,0,0.0,0,0,1,1,1,0,0,0,4.2209,0,0,0,0,https://login.bankofamerica.com/user/profile/settings
28,17,3,1,0,0,0,0,3,0,0,0,0.0,0,0,0,0,1,0,0,0,3.6995,0,0,0,1,https://pichinchamil.shop/ec
40,31,1,2,2,0,0,0,3,0,0,0,0.0,0,0,1,0,1,0,0,0,4.0628,0,1,0,1,https://facebook-seven-alpha.vercel.app/
40,26,6,2,0,0,0,0,3,0,0,0,0.0,0,0,1,0,1,0,0,0,4.1464,0,0,0,1,https://lnstagramchecker.github.io/reels
21,7,6,1,0,0,0,0,3,0,0,0,0.0,0,0,0,0,1,0,0,0,3.7849,0,0,0,1,https://lnk.ink/yiGJI
77,19,50,3,0,0,0,0,7,0,0,4,0.0519,0,0,1,0,1,0,0,0,4.4086,0,0,0,1,https://www.borderclick.com/BC/media/Borderclick/Files/tiktokfollower2026.htm
53,21,24,1,2,0,0,0,5,0,0,9,0.1698,0,0,0,0,1,0,1,0,4.5227,0,0,0,1,https://https-wvvw-roblox.com/users/338667923/profile
34,25,1,2,0,0,0,0,3,0,0,3,0.0882,0,0,1,0,1,0,0,0,3.962,0,0,0,1,https://shopeejkt811.blogspot.com/
40,27,1,3,0,0,1,1,3,0,0,5,0.125,0,0,2,0,1,0,0,0,4.2087,0,0,0,1,https://www.shopee0146.blogspot.com/?m=1
32,23,1,2,0,0,0,0,3,0,0,4,0.125,0,0,1,0,1,0,0,0,3.9681,0,0,0,1,https://shopee3589.blogspot.com/
32,23,1,2,0,0,0,0,3,0,0,4,0.125,0,0,1,0,1,0,0,0,3.9681,0,0,0,1,https://shopee0146.blogspot.com/
17,8,1,1,0,0,0,0,3,0,0,2,0.1176,0,0,0,0,1,0,0,0,3.4104,1,0,0,1,https://b53k.top/
33,24,1,2,0,0,0,0,3,0,0,0,0.0,0,0,1,0,1,0,0,0,4.0637,0,0,0,1,https://dsoiedkfmepew.vercel.app/
36,28,1,3,0,0,0,0,3,0,0,0,0.0,0,0,2,0,0,0,0,0,4.0277,0,0,0,1,http://www.dsoiedkfmepew.vercel.app/
37,29,1,3,2,0,0,0,3,0,0,0,0.0,0,0,2,0,0,0,0,0,4.1008,0,1,1,1,http://www.netflix-ui-two.vercel.app/
30,21,1,2,0,0,0,0,3,0,0,0,0.0,0,0,1,0,1,0,0,0,3.8981,0,0,0,1,https://nedionpsin.vercel.app/
47,39,1,3,3,0,0,0,3,0,0,0,0.0,0,0,2,0,0,0,0,0,4.1069,0,1,1,1,http://www.netflix-clone-pink-three.vercel.app/
39,30,1,3,2,0,0,0,3,0,0,2,0.0513,0,0,2,0,1,0,0,0,4.2655,0,0,0,1,https://www.info-resmi-34.blogspot.com/
40,31,1,3,2,0,0,0,3,0,0,0,0.0,0,0,2,0,1,0,0,0,4.2087,0,0,0,1,https://www.general-drab-six.vercel.app/
34,26,1,3,1,0,0,0,3,0,0,0,0.0,0,0,2,0,0,0,0,0,4.0575,0,0,0,1,http://www.bnimail-owa.vercel.app/
26,17,1,2,0,0,0,0,3,0,0,2,0.0769,0,0,1,0,1,0,0,0,3.7962,0,0,0,1,https://vzr4z4z.pages.dev/
29,20,1,2,0,0,0,0,3,0,0,5,0.1724,0,0,1,0,1,0,0,0,3.7454,0,0,0,1,https://exx3334x4x.pages.dev/
25,16,1,2,0,0,0,0,3,0,0,1,0.04,0,0,1,0,1,0,0,0,3.7533,0,0,0,1,https://ex4xwx.pages.dev/
54,45,1,2,0,0,0,0,3,0,0,0,0.0,0,0,1,0,1,0,0,0,3.8831,0,0,0,1,https://knkjhnkjhnkjghfvhghjvjhvbjkbkjbkj.netlify.app/
36,27,1,2,2,0,0,0,3,0,0,0,0.0,0,0,1,0,1,0,0,0,4.1416,0,0,0,1,https://general-drab-six.vercel.app/
26,17,1,2,0,0,0,0,3,0,0,5,0.1923,0,0,1,0,1,0,0,0,3.7962,0,0,0,1,https://7v6868v.pages.dev/
53,10,35,1,0,0,0,0,4,0,0,19,0.3585,0,0,0,0,1,0,0,0,4.386,0,0,0,1,https://rbcode.net/v/c2e2de4b7a0d3cffd3497130250c53e2
45,36,1,2,0,0,0,0,3,0,0,0,0.0,0,0,1,0,1,0,0,0,4.0665,0,0,0,1,https://nvenocovideo.fordchimneysweepers.com/
40,28,1,2,1,0,1,1,3,0,0,1,0.025,0,0,1,1,0,0,0,0,4.4439,0,1,0,1,http://facebook-verify.blogspot.com/?m=1
44,32,1,3,1,0,1,1,3,0,0,1,0.0227,0,0,2,1,0,0,0,0,4.4906,0,1,0,1,http://www.facebook-verify.blogspot.com/?m=1
38,29,1,3,1,0,0,0,3,0,0,0,0.0,0,0,2,0,1,0,0,0,4.0235,0,1,0,1,https://www.instagram-ssew.vercel.app/
49,17,24,3,0,0,0,0,5,0,0,9,0.1837,0,0,1,0,1,0,0,0,4.3774,0,0,0,1,https://www.roblox.com.mu/users/740111817/profile
30,19,4,2,1,0,0,0,4,0,0,0,0.0,0,0,1,0,0,0,0,0,4.0402,1,1,0,1,http://apple-hps.bvyqr.xyz/en/
30,22,1,3,0,0,0,0,3,0,0,0,0.0,0,0,2,0,0,0,0,0,4.0062,0,0,0,1,http://www.faicbok.vercel.app/
53,13,32,2,0,0,0,0,5,0,0,9,0.1698,0,0,1,0,1,0,0,0,4.5462,0,0,0,1,https://www.roblox.ly/communities/186058825/Lyclothes
56,17,31,3,0,0,0,0,5,0,0,10,0.1786,0,0,1,0,1,0,0,0,4.5374,0,0,0,1,https://www.roblox.com.mu/communities/5630533234/Wiggity
64,28,28,2,1,0,0,0,5,0,0,2,0.0312,0,0,1,0,1,0,0,0,4.4951,0,0,0,1,https://store.communitygamesapp.shop/workshop/AK47-EternalDecay/
84,54,23,3,6,0,0,0,3,1,0,26,0.3095,0,0,1,1,0,0,0,0,4.8538,0,0,0,1,http://fls-a29930f2-2691-4553-94de-9e113b0b444d.laravel.cloud/Secured%20MSN-ATT.html
48,39,1,2,4,0,0,0,3,0,0,8,0.1667,0,0,1,0,1,0,0,0,4.4702,0,0,0,1,https://enin-vtb021-g219v7-q4t-aqovuo.pages.dev/
25,17,1,1,0,0,0,0,3,0,0,0,0.0,0,0,0,0,0,0,0,0,3.5737,0,0,0,1,http://kaffeeoutlet.sale/
49,41,1,2,4,0,0,0,3,0,0,2,0.0408,0,0,1,0,0,0,0,0,4.5327,0,0,0,1,http://sp20ct-pradex-biz-kolqim-fersak.pages.dev/
53,10,35,1,0,0,0,0,4,0,0,20,0.3774,0,0,0,0,1,0,0,0,4.2913,0,0,0,1,https://rbcode.net/v/e6364ff67a3b43263f99b6fccd037e43
44,20,16,4,0,0,0,0,4,0,0,0,0.0,0,0,2,1,1,0,0,0,4.2805,0,0,0,1,https://www.servicos.cnps.cv/CNPS/login.aspx
22,13,1,2,1,0,0,0,3,0,0,0,0.0,0,0,1,0,1,0,1,0,3.8454,0,0,0,1,https://web.o-gate.cn/
51,42,1,3,3,0,0,0,3,0,0,0,0.0,0,0,2,0,1,0,0,0,4.1795,0,1,0,1,https://www.instagram-clone-eight-alpha.vercel.app/
47,38,1,2,3,0,0,0,3,0,0,0,0.0,0,0,1,0,1,0,0,0,4.0944,0,1,0,1,https://instagram-clone-eight-alpha.vercel.app/
32,23,1,2,1,0,0,0,3,0,0,1,0.0312,0,0,1,0,1,0,0,0,4.132,0,0,0,1,https://adsbot2-eauj.vercel.app/
57,20,29,2,1,0,0,0,5,0,0,0,0.0,0,0,0,0,1,0,0,0,4.4269,0,0,0,1,https://flyingolivefarms.com/wp-includes/lo/dmlkorea.html
107,17,29,3,1,0,1,1,5,0,0,41,0.3832,0,0,1,0,1,0,0,0,4.9912,0,0,0,1,https://www.roblox.com.ml/games/13772394625/Blade-Ball?privateServerLinkCode=528161705237571861621755557030
21,7,6,1,0,0,0,0,3,0,0,1,0.0476,0,0,0,0,1,0,0,0,3.7849,0,0,0,1,https://lnk.ink/os3qP
52,17,27,3,0,0,0,0,5,0,0,12,0.2308,0,0,1,0,1,0,0,0,4.6114,0,0,0,1,https://www.roblox.com.am/users/147013942575/profile
127,68,51,4,10,0,0,0,3,0,0,47,0.3701,0,0,2,0,1,0,0,0,4.738,0,0,0,1,https://2n6m0-4s3a3e3q0a1b3-4f460e93dc28a-6c8bcec.id-cgk-1.linodeobjects.com/f6ba0594-0290ddd-12096a-ad270d4-167b4d-4f3e39.html
52,35,9,3,0,0,0,0,3,0,0,0,0.0,0,0,1,0,1,0,0,0,3.8995,0,0,0,1,https://dieschweizerischepost.sviluppo.host/home.php
57,13,36,2,1,0,0,0,5,0,0,10,0.1754,0,0,1,0,1,0,0,0,4.7341,0,0,0,1,https://www.roblox.ly/communities/8692908357/Shy-clothing
37,28,1,3,1,0,0,0,3,0,0,2,0.0541,0,0,2,0,1,0,0,0,4.06,0,0,0,1,https://www.shopeeid-99.blogspot.com/
46,37,1,2,4,0,0,0,3,0,0,8,0.1739,0,0,1,0,1,0,0,0,4.6048,0,0,0,1,https://aw9y-h61lsm-8yd85-qbm-buc80.pages.dev/
22,13,1,1,0,0,0,0,3,0,0,0,0.0,0,0,0,0,1,0,0,0,3.7544,0,0,0,1,https://sondakika.cam/
24,15,1,1,0,0,0,0,3,0,0,0,0.0,0,0,0,0,1,0,0,0,3.9387,1,0,0,1,https://fortgives.click/
63,33,22,2,3,0,0,0,4,0,0,4,0.0635,0,0,1,0,1,0,0,0,4.4892,0,1,0,1,https://diyasudhera2007-netizen.github.io/amazon-website-clone/
49,40,1,2,4,0,0,0,3,0,0,2,0.0408,0,0,1,0,1,0,0,0,4.5227,0,0,0,1,https://sp0ct0-pelvok-biz-trasno-jimfu.pages.dev/
67,37,22,2,2,0,0,0,4,0,0,4,0.0597,0,0,1,0,1,0,0,0,4.3227,0,0,0,1,https://activoformulario2026hgtghmn.github.io/cautious-octo-dollop/
51,25,18,2,2,0,0,0,3,0,0,1,0.0196,0,0,1,0,1,0,0,0,4.2843,0,0,0,1,https://omhinge3-dotcom.github.io/Frontend-Projects
27,8,1,1,0,0,1,1,3,0,0,5,0.1852,0,0,0,0,1,0,0,0,4.2084,0,0,0,1,https://zenin.cc/?ref=10516
36,27,1,3,0,0,0,0,3,0,0,2,0.0556,0,0,2,0,1,0,0,0,4.0441,0,0,0,1,https://www.shopeeid79.blogspot.com/
52,43,1,2,3,0,0,0,3,0,0,7,0.1346,0,0,1,0,1,0,0,0,4.7287,0,0,0,1,https://lhjnd72lowi-yktpmyk-7h8g5g-lhq13c.pages.dev/
53,10,35,1,0,0,0,0,4,0,0,20,0.3774,0,0,0,0,1,0,0,0,4.3291,0,0,0,1,https://rbcode.net/v/c02a532f97a7fd2592f2ecaf1207173f
58,49,1,2,0,0,0,0,3,0,0,0,0.0,0,0,1,0,1,0,0,0,4.2353,0,0,0,1,https://spotifindnewmusicplaylistdiscoverynow.netlify.app/
37,28,1,2,0,0,0,0,3,0,0,0,0.0,0,0,1,1,1,0,0,0,4.0672,0,0,0,1,https://redirecting.walletmagic.link/
21,12,1,1,0,0,0,0,3,0,0,0,0.0,0,0,0,0,1,0,0,0,3.749,0,0,0,1,https://muffort.bond/
114,17,34,3,3,0,1,1,5,0,0,46,0.4035,0,0,1,0,1,0,0,0,5.0012,0,0,0,1,https://www.roblox.com.et/games/80939583764469/-Be-a-Baddie?privateServerLinkCode=78700094779196256284736269363193
19,5,6,1,0,0,0,0,3,0,0,3,0.1579,0,0,0,0,1,0,0,0,3.4714,0,0,0,1,https://g5.lu/tt8p6
20,12,1,1,0,0,0,0,3,0,0,0,0.0,0,0,0,0,0,0,0,0,3.6842,0,0,0,1,http://onlineal.cam/
21,12,1,1,0,0,0,0,3,0,0,0,0.0,0,0,0,0,1,0,0,0,3.749,0,0,0,1,https://beastxev.com/
21,12,1,1,0,0,0,0,3,0,0,0,0.0,0,0,0,0,1,0,0,0,3.3088,0,0,0,1,https://fortfast.pro/
24,15,1,1,0,0,0,0,3,0,0,0,0.0,0,0,0,0,1,0,0,0,3.7364,1,0,0,1,https://fortbattle.club/
30,19,4,2,1,0,0,0,4,0,0,0,0.0,0,0,1,0,0,0,0,0,4.2151,1,1,0,1,http://apple-ukw.bvyqr.xyz/en/
93,22,26,3,4,0,1,0,3,0,0,19,0.2043,0,0,2,0,1,0,0,0,4.6506,0,0,0,1,https://ssl.uk.ecards.pictures/education_redirect_second?475d964a-0243-46bf-aefd-66da26254efa
82,22,52,3,4,0,0,0,6,0,0,29,0.3537,0,0,2,0,1,0,0,0,4.5996,0,0,0,1,https://ssl.uk.ecards.pictures/107519/8af662/475d964a-0243-46bf-aefd-66da26254efa/
29,16,5,1,0,0,0,0,4,0,0,0,0.0,0,0,0,0,1,0,0,0,4.0044,0,0,0,1,https://ahblackstone.com/bid/
34,25,1,2,0,0,0,0,3,0,0,3,0.0882,0,0,1,0,1,0,0,0,4.0209,0,0,0,1,https://shopeejkt356.blogspot.com/
37,29,1,3,0,0,0,0,3,0,0,3,0.0811,0,0,2,0,0,0,0,0,4.1008,0,0,0,1,http://www.shopeejkt356.blogspot.com/
58,13,38,2,1,0,0,0,5,0,0,12,0.2069,0,0,0,0,0,0,0,0,4.6058,0,0,0,1,http://roblox.com.bn/communities/183032663838/Buggle-Night
45,36,1,2,4,0,0,0,3,0,0,2,0.0444,0,0,1,0,1,0,0,0,4.369,0,0,0,1,https://sp22ct-morur-biz-zenu-ravi.pages.dev/
41,9,25,1,0,0,0,0,5,0,0,10,0.2439,0,0,0,0,0,0,0,0,4.5801,0,0,0,1,http://roblox.ly/communities/8257260132/P
145,33,104,2,19,0,0,0,3,0,0,5,0.0345,0,0,1,0,1,0,0,0,4.424,0,0,0,1,https://nersvideos.hillcarpetcleaners.com/134e-divided-into-10-groups-of-four-teams-each-they-play-a-round-robin-format-with-home-and-away-matche
26,14,4,2,0,0,0,0,3,0,0,0,0.0,0,0,1,0,1,0,0,0,3.6424,0,0,0,1,https://www.hstypo.com/web
23,14,1,2,0,0,0,0,3,0,0,0,0.0,0,0,1,0,1,0,0,0,3.4686,0,0,0,1,https://www.hstypo.com/
119,17,39,3,1,0,1,1,5,0,0,42,0.3529,0,0,1,0,1,0,0,0,5.0711,0,0,0,1,https://www.roblox.com.bi/games/1215581239/Doomspire-Brickbattle?privateServerLinkCode=38762421562636714058208867498437
17,9,1,1,0,0,0,0,3,0,0,3,0.1765,0,0,0,0,0,0,0,0,3.4104,0,0,0,1,http://j168t.vip/
17,9,1,1,0,0,0,0,3,0,0,3,0.1765,0,0,0,0,0,0,0,0,3.4548,0,0,0,1,http://j168v.vip/
46,37,1,2,2,0,0,0,3,0,0,6,0.1304,0,0,1,0,1,0,0,0,4.3524,0,0,0,1,https://relevant-population-068691.framer.app/
53,10,35,1,0,0,0,0,4,0,0,15,0.283,0,0,0,0,1,0,0,0,4.1689,0,0,0,1,https://rbcode.net/v/857ecc0ef5311fabe15de351ea3e5fbf
29,20,1,3,1,0,0,0,3,0,0,0,0.0,0,0,1,0,1,0,1,0,3.8573,0,0,0,1,https://home.iio-gate.com.cn/
34,26,1,2,1,0,0,0,3,0,0,0,0.0,0,0,1,0,0,0,0,0,3.9957,0,0,0,1,http://import-suitetrez.pages.dev/
52,17,27,3,0,0,0,0,5,0,0,12,0.2308,0,0,1,0,1,0,0,0,4.6499,0,0,0,1,https://www.roblox.com.am/users/282753409673/profile
50,17,25,3,0,0,0,0,5,0,0,10,0.2,0,0,1,0,1,0,0,0,4.5513,0,0,0,1,https://www.roblox.com.mu/users/4364792509/profile
46,37,1,2,5,0,0,0,3,0,0,4,0.087,0,0,1,0,1,0,0,0,4.249,0,0,0,1,https://8hq-wsqj-shw-3vgt-36ekg-efu.pages.dev/
43,20,15,2,1,0,0,0,4,0,0,4,0.093,0,0,1,0,1,0,0,0,4.6935,0,0,0,1,https://nitesh9162.github.io/SPOTIFY-CLONE/
58,25,25,2,3,0,0,0,4,0,0,4,0.069,0,0,1,0,1,0,0,0,4.5255,0,1,0,1,https://zeeshan-alam142.github.io/Netflix-Homepage-Clone1/
44,22,14,2,2,0,0,0,4,0,0,3,0.0682,0,0,1,1,1,0,0,0,4.2633,0,0,0,1,https://login-jpg249.github.io/Roblox-robux/
47,18,21,2,1,0,0,0,4,0,0,0,0.0,0,0,1,0,1,0,0,0,4.1209,0,0,0,1,https://dogretes.github.io/streaming-interface/
20,11,1,1,0,0,0,0,3,0,0,0,0.0,0,0,0,0,1,0,0,0,3.6464,0,0,0,1,https://fortbux.lol/
21,12,1,1,0,0,0,0,3,0,0,0,0.0,0,0,0,0,1,0,0,0,3.6178,0,0,0,1,https://caploot.info/
22,13,1,1,0,0,0,0,3,0,0,0,0.0,0,0,0,0,1,0,0,0,3.2267,0,0,0,1,https://fortstats.pro/
16,8,1,1,0,0,0,0,3,0,0,2,0.125,0,0,0,0,0,0,0,0,3.2806,1,0,0,1,http://f48d.top/
23,14,1,1,0,0,0,0,3,0,0,2,0.087,0,0,0,0,1,0,0,0,3.7951,0,0,0,1,https://fortnite67.lol/
19,10,1,1,0,0,0,0,3,0,0,0,0.0,0,0,0,0,1,0,0,0,3.5766,0,0,0,1,https://vcheck.pro/
70,31,31,2,2,0,0,0,5,0,0,16,0.2286,0,0,1,0,1,0,1,0,4.6002,0,0,0,1,https://allegrolokalnie.pl-48608124.lol/oferta/25659247/karta-graficzn
28,19,1,2,1,0,0,0,3,0,0,0,0.0,0,0,1,0,1,0,0,0,3.6281,0,0,0,1,https://css-ch.blogspot.com/
44,36,1,2,2,0,0,0,3,0,0,0,0.0,0,0,1,2,0,0,0,0,4.1747,0,1,0,1,http://instagram-accounts-login.duckdns.org/
34,23,3,2,0,0,0,0,3,0,0,0,0.0,0,0,1,1,1,0,0,0,3.881,0,0,0,1,https://krkrnlloginh.gitbook.io/us
32,23,1,2,0,0,0,0,3,0,0,0,0.0,0,0,1,1,1,0,0,0,3.7806,0,0,0,1,https://krkrnlloginh.gitbook.io/
98,27,26,3,5,0,1,0,3,0,0,19,0.1939,0,0,2,0,1,0,1,0,4.7231,0,0,0,1,https://holidays.new.hr-rewards.com/education_redirect_second?475d964a-0243-46bf-aefd-66da26254efa
87,27,52,3,5,0,0,0,6,0,0,29,0.3333,0,0,2,0,1,0,1,0,4.7025,0,0,0,1,https://holidays.new.hr-rewards.com/107519/8af662/475d964a-0243-46bf-aefd-66da26254efa/
65,35,22,3,3,0,0,0,4,0,0,0,0.0,0,0,1,1,1,0,0,0,4.2668,0,0,0,1,https://business-verification-mu.vercel.app/privacy-centers.html/
35,27,1,2,2,0,0,0,3,0,0,0,0.0,0,0,1,0,0,0,0,0,3.99,0,0,0,1,http://ledger-live-logni.pages.dev/
18,9,1,2,0,0,0,0,3,0,0,0,0.0,0,0,0,0,1,0,0,0,3.3083,0,0,0,1,https://slh.co.at/
23,12,3,1,0,0,0,0,3,0,0,0,0.0,0,0,0,0,1,0,0,0,3.8492,0,0,0,1,https://fcdemsnc.com/ru
26,10,8,1,0,0,0,0,3,0,0,0,0.0,0,0,0,0,1,0,0,0,4.027,1,0,0,1,https://freblx.xyz/develop
52,21,23,1,2,0,0,0,5,0,0,8,0.1538,0,0,0,0,1,0,1,0,4.5251,0,0,0,1,https://https-wvvw-roblox.com/users/73649309/profile
29,13,9,2,0,0,0,0,4,0,0,0,0.0,0,0,1,0,0,0,0,0,3.9094,0,0,0,1,http://www.linktr.ee/oofrblx/
52,17,27,3,0,0,0,0,5,0,0,12,0.2308,0,0,1,0,1,0,0,0,4.5969,0,0,0,1,https://www.roblox.com.am/users/377402544086/profile
41,32,1,2,2,0,0,0,3,0,0,0,0.0,0,0,1,0,1,0,0,0,4.1923,0,0,0,1,https://project-manage-uphold.zapier.app/
31,22,1,2,1,0,0,0,3,0,0,0,0.0,0,0,1,0,1,0,0,0,3.9134,0,0,0,1,https://bridg-trzoe.zapier.app/
47,13,27,2,0,0,0,0,5,0,0,12,0.2553,0,0,0,0,0,0,0,0,4.4348,0,0,0,1,http://roblox.com.ml/users/494081647997/profile
53,10,35,1,0,0,0,0,4,0,0,25,0.4717,0,0,0,0,1,0,0,0,4.3922,0,0,0,1,https://rbcode.net/v/3f71ed70620135b39936008733d688cc
31,16,7,2,0,0,0,0,4,0,0,1,0.0323,0,0,1,1,1,0,0,0,3.9378,0,0,0,1,https://dpln0x.github.io/login/
41,21,12,2,1,0,0,0,4,0,0,0,0.0,0,0,1,0,1,0,0,0,4.2963,0,0,0,1,https://jindalbhavy.github.io/my-website/
52,17,27,3,0,0,0,0,5,0,0,12,0.2308,0,0,1,0,1,0,0,0,4.467,0,0,0,1,https://www.robiox.com.py/users/382177838770/profile
40,31,1,2,2,0,0,0,3,0,0,0,0.0,0,0,1,1,1,0,0,0,4.1964,0,1,0,1,https://facebook-login-clone.vercel.app/
27,18,1,1,1,0,0,0,3,0,0,0,0.0,0,0,0,0,1,0,1,0,3.8525,0,0,0,1,https://itinerary-test.com/
40,13,19,2,2,0,0,0,5,0,0,0,0.0,0,0,1,0,1,0,1,0,4.0251,0,0,0,1,https://s.team-zi.com/p/sst-cgj/lctwghft
73,20,45,2,1,0,0,0,5,0,0,4,0.0548,0,0,1,0,1,0,0,0,4.9707,0,0,0,1,https://qr.spplusparking.com/wp-content/BwYTvTas3gQylogk2RrNSQ2j6YxmBYih/
65,46,11,5,2,0,0,0,3,0,0,1,0.0154,0,0,3,0,1,0,0,0,4.1908,0,0,0,1,https://sealodging.standard.us-east-1.oortstorages.com/newhot.pdf
36,27,1,3,0,0,0,0,3,0,0,0,0.0,0,0,2,1,1,0,0,0,4.2317,0,1,0,1,https://www.facebook.securitylog.hu/
26,14,5,2,0,0,0,0,4,0,0,0,0.0,0,0,1,0,0,0,0,0,3.8543,1,0,0,1,http://dpd.fwmqrf.icu/com/
24,16,1,2,1,0,0,0,3,0,0,3,0.125,0,0,1,0,0,0,1,0,3.7406,0,0,0,1,http://www.bet365-cz.cz/
30,19,4,2,1,0,0,0,4,0,0,0,0.0,0,0,1,0,0,0,0,0,4.1484,1,1,0,1,http://apple-khf.bvyqr.xyz/en/
23,14,1,2,1,0,0,0,3,0,0,0,0.0,0,0,1,0,1,0,1,0,3.7623,0,0,0,1,https://pc.ioo-gate.cn/
34,25,1,2,1,0,0,0,3,0,0,0,0.0,0,0,1,0,1,0,0,0,3.797,0,0,0,1,https://get-ladgrehelp.zapier.app/
42,15,19,2,0,0,0,0,4,0,0,7,0.1667,0,0,1,0,1,0,0,0,4.5289,0,0,0,1,https://rroll.derlin.ch/t1/fE3B620b6e0fFdA
34,19,8,2,1,0,0,0,4,0,0,0,0.0,0,0,1,0,0,0,0,0,4.3006,1,1,0,1,http://apple-khf.bvyqr.xyz/en/main
36,27,1,3,1,0,0,0,3,0,0,0,0.0,0,0,2,1,1,0,0,0,4.2108,0,0,0,1,https://www.roblox-login.vercel.app/
40,31,1,3,2,0,0,0,3,0,0,0,0.0,0,0,2,0,1,0,0,0,4.2276,0,0,0,1,https://www.s-frontend-omega.vercel.app/
33,25,1,3,0,0,0,0,3,0,0,0,0.0,0,0,2,0,0,0,0,0,3.8738,0,0,0,1,http://www.facbookapp.vercel.app/
34,25,1,3,1,0,0,0,3,0,0,0,0.0,0,0,2,0,1,0,0,0,4.1529,0,0,0,1,https://www.codhub-one.vercel.app/
29,20,1,2,0,0,0,0,3,0,0,0,0.0,0,0,1,0,1,0,0,0,3.4604,0,0,0,1,https://suiteapps.zapier.app/
45,36,1,3,3,0,0,0,3,0,0,0,0.0,0,0,2,0,1,0,0,0,4.2742,0,1,0,1,https://www.amazon-clone-nu-black.vercel.app/
47,38,1,3,3,0,0,0,3,0,0,0,0.0,0,0,2,0,1,0,0,0,4.206,0,1,0,1,https://www.amazon-clone-silk-alpha.vercel.app/
48,39,1,3,2,0,0,0,3,0,0,0,0.0,0,0,2,1,1,0,0,0,4.298,0,0,0,1,https://www.business-verification-mu.vercel.app/
20,11,1,1,0,0,0,0,3,0,0,0,0.0,0,0,0,0,1,0,0,0,3.4464,0,0,0,1,https://eoydoi.shop/
19,5,6,1,0,0,0,0,3,0,0,3,0.1579,0,0,0,0,1,0,0,0,3.5369,0,0,0,1,https://g5.lu/y55bg
25,17,1,1,0,0,0,0,3,0,0,0,0.0,0,0,0,1,0,0,0,0,3.8635,0,0,0,1,http://loginspayments.me/
43,34,1,3,0,0,0,0,3,0,0,3,0.0698,0,0,2,1,1,0,0,0,4.2222,0,1,0,1,https://www.instagramlogin910.blogspot.com/
43,30,1,2,0,0,1,1,3,0,0,4,0.093,0,0,1,1,1,0,0,0,4.2863,0,1,0,1,https://instagramlogin910.blogspot.com/?m=1
34,25,1,2,1,0,0,0,3,0,0,0,0.0,0,0,1,0,1,0,0,0,3.8588,0,0,0,1,https://portal-upholde.zapier.app/
39,30,1,2,2,0,0,0,3,0,0,0,0.0,0,0,1,0,1,0,0,0,4.1385,0,1,0,1,https://netflix-homepage-pi.vercel.app/
29,20,1,2,0,0,0,0,3,0,0,5,0.1724,0,0,1,0,1,0,0,0,4.0902,0,0,0,1,https://ad25477.blogspot.com/
33,24,1,3,0,0,0,0,3,0,0,5,0.1515,0,0,2,0,1,0,0,0,4.1421,0,0,0,1,https://www.ad25477.blogspot.com/
42,33,1,3,1,0,0,0,3,0,0,1,0.0238,0,0,2,0,1,0,0,0,3.9877,0,0,0,1,https://www.supp0rt-assistance.vercel.app/
33,24,1,2,1,0,0,0,3,0,0,0,0.0,0,0,1,0,1,0,0,0,3.862,0,0,0,1,https://start-ledgren.zapier.app/
37,24,5,2,0,0,0,0,3,0,0,0,0.0,0,0,1,0,1,0,0,0,4.06,0,0,0,1,https://www.bradaonlineprime.pro/home
33,24,1,2,0,0,0,0,3,0,0,0,0.0,0,0,1,0,1,0,0,0,4.0438,0,0,0,1,https://www.bradaonlineprime.pro/
33,18,7,2,0,0,0,0,4,0,0,0,0.0,0,0,1,0,1,0,0,0,3.8849,0,0,0,1,https://reinydey.github.io/reiny/
56,34,14,2,2,0,0,0,4,0,0,12,0.2143,0,0,1,0,1,0,0,0,4.2575,0,1,0,1,https://sana112211221122-commits.github.io/Amazon-clone/
35,26,1,2,4,0,0,0,3,0,0,0,0.0,0,0,1,0,1,0,0,0,4.0144,0,0,0,1,https://help--ext--coin.webflow.io/
113,17,33,3,1,0,1,1,5,0,0,48,0.4248,0,0,1,0,1,0,0,0,5.0068,0,0,0,1,https://www.roblox.com.et/games/77182599101794/4nn1s-Place?privateServerLinkCode=78700094779196256284736269363193
19,5,6,1,0,0,0,0,3,0,0,2,0.1053,0,0,0,0,1,0,0,0,3.7871,0,0,0,1,https://g5.lu/8rrmv
33,20,5,2,0,0,0,0,3,0,0,9,0.2727,0,0,1,0,1,0,0,0,4.2485,0,0,0,1,https://105786754.vercel.app/live
27,18,1,2,0,0,0,0,3,0,0,0,0.0,0,0,1,0,1,0,0,0,4.0323,0,0,0,1,https://faicbok.vercel.app/
32,23,1,2,0,0,0,0,3,0,0,0,0.0,0,0,1,1,1,0,0,0,3.9445,0,0,0,1,https://support.allegromicro.ai/
40,31,1,2,0,0,0,0,3,0,0,1,0.025,0,0,1,0,1,0,0,0,3.9726,0,0,0,1,https://exoudusetweb3waolett.webflow.io/
58,50,1,3,1,0,0,0,3,0,0,6,0.1034,0,0,2,0,0,0,0,0,4.5023,0,0,0,1,http://macrojpistachioui-hze9h2hjc4c2amde.z03.azurefd.net/
17,9,1,1,0,0,0,0,3,0,0,3,0.1765,0,0,0,0,0,0,0,0,3.5725,0,0,0,1,http://j168q.vip/
17,9,1,1,0,0,0,0,3,0,0,3,0.1765,0,0,0,0,0,0,0,0,3.5725,0,0,0,1,http://j168r.vip/
46,13,25,2,0,0,0,0,5,0,0,10,0.2174,0,0,0,0,1,0,0,0,4.4393,0,0,0,1,https://roblox.com.bz/users/3368486539/profile
52,17,27,3,0,0,0,0,5,0,0,12,0.2308,0,0,1,0,1,0,0,0,4.4815,0,0,0,1,https://www.roblox.com.ml/users/377616969685/profile
103,18,77,1,1,0,0,2,8,0,0,10,0.0971,0,0,0,1,1,0,1,0,5.0044,0,0,0,1,https://getsupport-ios.com/app/webroot/script/em9vbV9tYXBfbG9naW5fYWN0aXZhdGlvbl9sb2NrNA==_122/actlock/
104,18,74,2,1,0,1,3,6,0,0,11,0.1058,0,0,0,1,1,0,1,0,5.1589,0,0,0,1,https://getsupport-ios.com/script/em9vbV9tYXBfbG9naW5fYWN0aXZhdGlvbl9sb2NrNA==_122/actlock/index.php?l=4
57,25,25,4,0,0,0,0,4,0,0,5,0.0877,0,0,2,0,0,0,0,0,4.7405,0,0,0,1,http://zotazo.mcpvia.workers.dev/documents/FR827B9B3C.pdf
31,23,1,3,0,0,0,0,3,0,0,0,0.0,0,0,2,0,0,0,0,0,3.8002,0,0,0,1,http://www.getcoder.vercel.app/
30,12,10,2,0,0,0,0,4,0,0,0,0.0,0,0,0,0,1,0,0,0,3.9736,0,0,0,1,https://imgtaram.com/mtyn.qzl/
40,32,1,2,2,0,0,0,3,0,0,3,0.075,0,0,1,0,0,0,0,0,4.2562,0,0,0,1,http://magical-dasik-88fea6.netlify.app/
44,35,1,2,2,0,0,0,3,0,0,0,0.0,0,0,1,0,1,0,0,0,4.2999,0,0,0,1,https://anixas-receive-payouts.blogspot.com/
32,23,1,2,0,0,0,0,3,0,0,0,0.0,0,0,1,1,1,0,0,0,4.1792,0,1,0,1,https://facebook.securitylog.hu/
34,25,1,2,1,0,0,0,3,0,0,3,0.0882,0,0,1,0,1,0,0,0,4.1163,0,0,0,1,https://shopee-id869.blogspot.com/
30,21,1,2,1,0,0,0,3,0,0,0,0.0,0,0,1,0,1,0,0,0,3.8729,0,0,0,1,https://nav-ntcoin.zapier.app/
31,22,1,2,1,0,0,0,3,0,0,0,0.0,0,0,1,1,1,0,0,0,3.9378,0,0,0,1,https://secure-coin.zapier.app/
55,38,9,2,4,0,0,0,3,0,0,2,0.0364,0,0,1,0,1,0,0,0,4.3009,0,1,0,1,https://netflix-clone-five-sigma-74.vercel.app/register
53,40,5,2,4,0,0,0,3,0,0,0,0.0,0,0,1,1,1,0,0,0,3.9702,0,0,0,1,https://verify-yourr-useir-herre-five.vercel.app/live
30,21,1,3,1,0,0,0,3,0,0,0,0.0,0,0,1,0,1,0,1,0,3.8729,0,1,0,1,https://on.instagram-g.com.cn/
29,21,1,3,1,0,0,0,3,0,0,0,0.0,0,0,1,0,0,0,1,0,3.8313,0,1,0,1,http://cm.instagram-g.com.cn/
38,27,3,2,0,0,0,0,3,0,0,1,0.0263,0,0,1,1,1,0,0,0,4.0933,0,0,0,1,https://exooduseb3wallet.gitbook.io/us
36,27,1,2,0,0,0,0,3,0,0,1,0.0278,0,0,1,1,1,0,0,0,4.0833,0,0,0,1,https://exooduseb3wallet.gitbook.io/
43,35,1,3,0,0,0,0,3,0,0,0,0.0,0,0,2,0,0,0,0,0,4.0742,0,1,0,1,http://www.todosobreinstagram.blogspot.com/
46,38,1,3,3,0,0,0,3,0,0,0,0.0,0,0,2,0,0,0,0,0,4.2077,0,1,1,1,http://www.netflix-clone-tau-livid.vercel.app/
39,31,1,2,2,0,0,0,3,0,0,0,0.0,0,0,1,0,0,0,0,0,4.1311,0,0,0,1,http://discord-clone-alpha.netlify.app/
40,31,1,2,1,0,0,0,3,0,0,0,0.0,0,0,1,0,1,0,0,0,4.1776,0,1,0,1,https://facebook-community.blogspot.com/
39,31,1,2,2,0,0,0,3,0,0,6,0.1538,0,0,1,0,0,0,0,0,4.3362,0,0,0,1,http://dandy-mission-655357.framer.app/
29,20,1,2,0,0,0,0,3,0,0,0,0.0,0,0,1,0,1,0,0,0,3.7194,0,0,0,1,https://bellpass.netlify.app/
80,48,24,4,3,0,0,0,3,0,0,12,0.15,0,0,2,0,1,0,0,0,4.7169,0,1,0,1,https://polished-meadow-75ed.yenkpaaqhhgtkhe.workers.dev/facebook.com-1027275509
45,21,16,2,2,0,0,0,4,0,0,1,0.0222,0,0,1,0,1,0,0,0,4.4084,0,1,0,1,https://shivamshaw8.github.io/-Netflix-Clone/
66,48,10,4,2,0,0,0,3,0,0,2,0.0303,0,0,2,0,1,0,0,0,4.3314,0,0,0,1,https://polished-meadow-75ed.yenkpaaqhhgtkhe.workers.dev/meta.help
61,43,10,4,2,0,0,0,3,0,0,3,0.0492,0,0,2,0,1,0,0,0,4.4631,0,0,0,1,https://proud-term-74a7.kghrnifywlweeiw.workers.dev/meta.help
34,26,1,2,2,0,0,0,3,0,0,0,0.0,0,0,1,0,0,0,0,0,4.0323,0,0,0,1,http://trust-wallaet-io.pages.dev/
77,32,37,3,3,0,0,0,3,0,0,27,0.3506,0,0,1,0,1,0,0,0,4.7281,0,0,0,1,https://e00w046gga-ef1d809d76.vercel.app/meta-dashboard-5608174339696857.html
82,32,42,3,4,0,0,0,3,0,0,25,0.3049,0,0,1,0,1,0,0,0,4.836,0,0,0,1,https://j7cw7grb3t-5d9d8f5a36.vercel.app/ads-campaign-engine-7407292376952856.html
23,14,1,2,0,0,0,0,3,0,0,0,0.0,0,0,1,0,1,0,0,0,3.7623,0,0,0,1,https://telmgrmn.us.cc/
44,35,1,2,2,0,0,0,3,0,0,5,0.1136,0,0,1,0,1,0,0,0,4.3371,0,0,0,1,https://cerulean-cobbler-2999e3.netlify.app/
44,35,1,2,3,0,0,0,3,0,0,0,0.0,0,0,1,0,1,0,0,0,4.0189,0,0,0,1,https://aktifkan-ma-di-paylater.netlify.app/
29,21,1,2,0,0,0,0,3,0,0,3,0.1034,0,0,1,0,0,0,0,0,4.0473,0,0,0,1,http://pago365outlook.fwh.is/
30,22,1,2,0,0,0,0,3,0,0,2,0.0667,0,0,1,0,0,0,0,0,4.0981,0,0,0,1,http://zoominvite05.pages.dev/
33,25,1,2,0,0,0,0,3,0,0,0,0.0,0,0,1,0,0,0,0,0,4.1502,0,0,0,1,http://zoominvitewebus.pages.dev/
32,23,1,2,0,0,0,0,3,0,0,1,0.0312,0,0,1,0,1,0,0,0,4.0931,0,0,0,1,https://zoomus6invite.pages.dev/
33,24,1,2,0,0,0,0,3,0,0,2,0.0606,0,0,1,0,1,0,0,0,4.165,0,0,0,1,https://zoominviteus03.pages.dev/
32,23,1,2,1,0,0,0,3,0,0,0,0.0,0,0,1,0,1,0,0,0,4.0275,0,1,0,1,https://r-facebook.blogspot.com/
36,27,1,3,1,0,0,0,3,0,0,0,0.0,0,0,2,0,1,0,0,0,4.0969,0,1,0,1,https://www.r-facebook.blogspot.com/
33,25,1,2,1,0,0,0,3,0,0,0,0.0,0,0,1,2,0,0,1,0,4.0061,0,0,0,1,http://auth.verification-age.pro/
37,28,1,3,1,0,0,0,3,0,0,0,0.0,0,0,2,0,1,0,0,0,4.1114,0,1,0,1,https://www.facebook-qa.blogspot.com/
53,21,25,1,2,0,0,0,5,0,0,10,0.1887,0,0,0,0,0,0,1,0,4.636,0,0,0,1,http://https-wvvw-roblox.com/users/1950487385/profile
79,32,39,3,4,0,0,0,3,0,0,25,0.3165,0,0,1,0,1,0,0,0,4.8365,0,0,0,1,https://j7cw7grb3t-5d9d8f5a36.vercel.app/ads-manager-sync-2434014234553703.html
79,32,39,3,4,0,0,0,3,0,0,25,0.3165,0,0,1,0,1,0,0,0,4.8074,0,0,0,1,https://5jjen4v70c-d10b33caf0.vercel.app/ads-manager-core-4056848023632449.html
59,22,10,3,0,0,1,2,3,0,1,0,0.0,0,0,1,0,1,0,0,0,4.4964,0,0,0,1,https://acessocert.netlify.app/quiz.html?city=Boston&src=KL
108,37,26,3,5,0,1,0,3,0,0,19,0.1759,0,0,2,0,1,0,1,0,4.6833,0,0,0,1,https://riyadhseasoncoupon.new.hr-rewards.com/education_redirect_second?475d964a-0243-46bf-aefd-66da26254efa
97,37,52,3,5,0,0,0,6,0,0,29,0.299,0,0,2,0,1,0,1,0,4.7379,0,0,0,1,https://riyadhseasoncoupon.new.hr-rewards.com/107519/8af662/475d964a-0243-46bf-aefd-66da26254efa/
60,22,11,3,0,0,1,2,4,0,1,0,0.0,0,0,1,0,1,0,0,0,4.4896,0,0,0,1,https://acessocert.netlify.app/quiz.html/?city=Boston&src=KL
32,23,1,2,0,0,0,0,3,0,0,0,0.0,0,0,1,1,1,0,0,0,3.8349,0,0,0,1,https://bellssignin.netlify.app/
43,34,1,2,3,0,0,0,3,0,0,0,0.0,0,0,1,0,1,0,0,0,4.1383,0,1,0,1,https://amazon-clone-navy-omega.vercel.app/
47,38,1,3,3,0,0,0,3,0,0,0,0.0,0,0,2,0,1,0,0,0,4.2164,0,1,0,1,https://www.amazon-clone-navy-omega.vercel.app/
60,52,1,3,0,0,0,0,3,0,0,0,0.0,0,0,2,0,0,0,0,0,4.0148,0,1,1,1,http://www.comomensagemtodososamigosdofacebook.blogspot.com/
52,17,28,3,0,0,0,0,6,0,0,12,0.2308,0,0,1,0,0,0,0,0,4.3901,0,0,0,1,http://www.robiox.com.py/users/484489443773/profile/
24,15,1,1,0,0,0,0,3,0,0,1,0.0417,0,0,0,0,1,0,0,0,3.9073,0,0,0,1,https://ateliea2arq.com/
37,28,1,2,2,0,0,0,3,0,0,0,0.0,0,0,1,1,1,0,1,0,4.0672,0,0,0,1,https://www.view-secure-document.com/
42,14,21,2,0,0,0,0,5,0,0,15,0.3571,0,0,1,0,0,0,0,0,4.3001,0,0,0,1,http://eu.jotform.com/app/250919429739370/
35,26,1,2,1,0,0,0,3,0,0,3,0.0857,0,0,1,0,1,0,0,0,4.0931,0,0,0,1,https://shopee-jkt012.blogspot.com/
159,28,123,2,2,0,0,5,7,0,0,18,0.1132,0,0,1,3,1,0,1,0,5.6602,0,1,0,1,https://login.authorised-support.com/microsoft365/mfa/Y9IinybDOKJ6iJOhVzyjurYkMprt0uh_1UEQ=4BQ==1XFhSQ15CXldFblxXUG5dXlZYXw==/wnTk5ndScljeBjW3KbK1Avf42r-uArq4/
51,17,26,3,0,0,0,0,6,0,0,10,0.1961,0,0,1,0,1,0,0,0,4.4464,0,0,0,1,https://www.robiox.com.ps/users/2694960147/profile/
46,22,17,2,1,0,0,0,3,0,0,0,0.0,0,0,1,0,0,0,0,0,4.0316,0,0,0,1,http://newtoolai-cs.github.io/popupstt_spanish
44,30,7,2,2,0,0,0,3,0,0,0,0.0,0,0,1,0,0,0,0,0,4.2916,0,1,0,1,http://facebook-clone-zeta.vercel.app/signup
76,45,24,4,3,0,0,0,3,0,0,13,0.1711,0,0,2,0,0,0,0,0,4.8197,0,1,0,1,http://mute-silence-403a.lorahulcsdyaepi.workers.dev/facebook.com-1027275509
33,25,1,2,0,0,0,0,3,0,0,3,0.0909,0,0,1,0,0,0,0,0,3.9683,0,0,0,1,http://shopeejkt558.blogspot.com/
54,45,1,3,2,0,0,0,3,0,0,0,0.0,0,0,2,0,1,0,0,0,3.995,0,0,0,1,https://www.meta-appealshelppagecenter-for.vercel.app/
21,13,1,2,1,0,0,0,3,0,0,0,0.0,0,0,1,0,0,0,1,0,3.3914,0,0,0,1,http://pc.pc-gate.cn/
239,53,178,2,1,0,0,0,6,0,0,31,0.1297,0,0,1,0,1,0,0,0,5.8572,0,0,0,1,https://bluewin_aqjy0_sign_on_2w59svaxeu_2gjmxsjrni.awaqe.net/OhnOVl664PLaUvxU0c9EIgk02Du4FvDXlZ1eSgzY3YI1XUJ6OJ/CtqcSr0XOHNHDMAp0sgtN9t/mMERsS7r669KXBYJMJRUHCFBGhMKPbVwvFQ0ducY3XnHJ7rlqV-/NUIBv8GMj1LAgwXOm4hStnkIBdffTvLXOQayYccHolCnuPUg9F
34,26,1,3,0,0,0,0,3,0,0,3,0.0882,0,0,2,0,0,0,0,0,3.9764,0,0,0,1,http://www.shopee912.blogspot.com/
21,12,1,1,0,0,0,0,3,0,0,0,0.0,0,0,0,0,1,0,0,0,3.6538,1,0,0,1,https://fnloot.click/
39,30,1,3,0,0,0,0,3,0,0,2,0.0513,0,0,2,1,1,0,0,0,4.2336,0,0,0,1,https://www.faceb00klogin.blogspot.com/
45,36,1,3,0,0,0,0,3,0,0,0,0.0,0,0,2,1,1,0,0,0,4.2356,0,1,0,1,https://www.facebookloginreview.blogspot.com/
40,32,1,3,0,0,0,0,3,0,0,0,0.0,0,0,2,1,0,0,0,0,4.0587,0,1,0,1,http://www.facebooklogincc.blogspot.com/
41,33,1,3,0,0,0,0,3,0,0,0,0.0,0,0,2,0,0,0,0,0,4.0067,0,1,0,1,http://www.facebookteamhelp.blogspot.com/
35,26,1,2,2,0,0,0,3,0,0,0,0.0,0,0,1,1,1,0,0,0,4.243,0,0,0,1,https://secure-bybit-log.framer.ai/
52,17,27,3,0,0,0,0,5,0,0,12,0.2308,0,0,1,0,1,0,0,0,4.5969,0,0,0,1,https://www.roblox.com.am/users/346887480126/profile
38,23,7,2,2,0,0,0,4,0,0,0,0.0,0,0,1,1,1,0,0,0,4.1029,0,1,0,1,https://account-apple.github.io/real-/
45,22,15,2,1,0,0,0,4,0,0,0,0.0,0,0,1,0,1,0,0,0,4.1001,0,1,0,1,https://thenobleinux.github.io/Netflix-Clone/
21,7,6,1,0,0,0,0,3,0,0,1,0.0476,0,0,0,0,1,0,0,0,3.8802,0,0,0,1,https://lnk.ink/8ZIrx
54,17,29,3,0,0,0,0,5,0,0,10,0.1852,0,0,1,0,1,0,0,0,4.484,0,0,0,1,https://www.roblox.com.mu/communities/8042463552/unset
70,8,54,1,2,0,0,0,9,0,0,1,0.0143,0,0,0,0,1,0,0,0,4.4926,0,0,0,1,https://evoly.cn/wp-includes/theme-compat/vzfsmi1/pufqjsh/zdovnwp/apr/
22,7,7,1,0,0,0,0,3,0,0,0,0.0,0,0,0,0,1,0,0,0,3.4817,0,0,0,1,https://surl.li/tzitsw
38,24,6,2,0,0,0,0,4,0,0,0,0.0,0,0,1,0,1,0,0,0,3.9977,0,0,0,1,https://globaldigital.vercel.app/tiik/
32,24,1,2,0,0,0,0,3,0,0,0,0.0,0,0,1,0,0,0,0,0,3.9056,0,0,0,1,http://globaldigital.vercel.app/
46,13,26,2,0,0,0,0,6,0,0,10,0.2174,0,0,1,0,0,0,0,0,4.3652,0,0,0,1,http://www.roblox.ly/users/2081433244/profile/
42,33,1,2,3,0,0,0,3,0,0,0,0.0,0,0,1,0,1,0,0,0,4.1892,0,1,0,1,https://instagram-clone-one-mu.vercel.app/
50,27,15,2,1,0,0,0,3,0,0,0,0.0,0,0,1,0,1,0,0,0,4.3533,0,1,0,1,https://muhammadhasaandev.github.io/Facebook-Clone
46,37,1,3,3,0,0,0,3,0,0,0,0.0,0,0,2,0,1,0,0,0,4.2618,0,1,0,1,https://www.instagram-clone-one-mu.vercel.app/
34,25,1,2,1,0,0,0,3,0,0,0,0.0,0,0,1,0,1,0,0,0,4.0353,0,1,0,1,https://instagram-ssew.vercel.app/
82,32,42,3,4,0,0,0,3,0,0,28,0.3415,0,0,1,0,1,0,0,0,4.8452,0,0,0,1,https://vw4erh1s34-042627db98.vercel.app/ads-campaign-engine-9964355319028714.html
44,35,1,2,2,0,0,0,3,0,0,5,0.1136,0,0,1,0,1,0,0,0,4.408,0,0,0,1,https://comforting-crisp-7f6119.netlify.app/
49,40,1,2,2,0,0,0,3,0,0,4,0.0816,0,0,1,0,1,0,0,0,4.2649,0,0,0,1,https://hadiah-shopee-indonesia2023.blogspot.com/
29,20,1,2,0,0,0,0,3,0,0,0,0.0,0,0,1,0,1,0,0,0,3.8833,0,0,0,1,https://coderlogs.vercel.app/
34,25,1,2,1,0,0,0,3,0,0,3,0.0882,0,0,1,0,1,0,0,0,4.1163,0,0,0,1,https://shopee-id127.blogspot.com/
70,54,9,3,5,0,0,0,3,0,0,17,0.2429,0,0,1,0,0,0,0,0,4.5379,0,0,0,1,http://fls-a29a9d9a-74e8-4be4-8cfb-7f691ca4e0b7.laravel.cloud/amb.html
72,54,11,3,5,0,0,0,3,0,0,22,0.3056,0,0,1,0,0,0,0,0,4.8574,0,0,0,1,http://fls-a29c15b0-ea65-441b-988d-b63616f27c04.laravel.cloud/myown.html
43,34,1,2,1,0,0,0,3,0,0,0,0.0,0,0,1,0,1,0,0,0,4.0419,0,1,0,1,https://facebook-notification.blogspot.com/
47,38,1,3,1,0,0,0,3,0,0,0,0.0,0,0,2,0,1,0,0,0,4.1283,0,1,0,1,https://www.facebook-notification.blogspot.com/
43,35,1,3,1,0,0,0,3,0,0,2,0.0465,0,0,2,0,0,0,0,0,4.2023,0,0,0,1,http://www.site-l1mv1thaw.godaddysites.com/
48,39,1,3,2,0,0,0,3,0,0,0,0.0,0,0,2,0,1,0,0,0,4.1777,0,1,0,1,https://www.facebook-official-page.blogspot.com/
46,38,1,3,1,0,0,0,3,0,0,2,0.0435,0,0,2,0,0,0,0,0,4.2326,0,0,0,1,http://www.infopemenang-shopee39.blogspot.com/
40,31,1,2,1,0,0,0,3,0,0,2,0.05,0,0,1,0,1,0,0,0,4.1939,0,0,0,1,https://site-l1mv1thaw.godaddysites.com/
31,22,1,2,0,0,0,0,3,0,0,0,0.0,0,0,1,1,1,0,0,0,3.8403,0,0,0,1,https://bellsignin.netlify.app/
41,32,1,2,2,0,0,0,3,0,0,3,0.0732,0,0,1,0,1,0,0,0,4.3451,0,0,0,1,https://dreamy-klepon-5fc65e.netlify.app/
49,40,1,2,3,0,0,0,3,0,0,0,0.0,0,0,1,1,1,0,0,0,4.0954,0,0,0,1,https://access-ledger-login-ledger.typedream.app/
31,22,1,2,1,0,0,0,3,0,0,0,0.0,0,0,1,0,1,0,1,0,4.1313,0,0,0,1,https://exclusives.game-en.com/
35,26,1,3,1,0,0,0,3,0,0,0,0.0,0,0,2,0,1,0,1,0,4.1859,0,0,0,1,https://www.exclusives.game-en.com/
36,27,1,3,1,0,0,0,3,0,0,0,0.0,0,0,2,0,1,0,1,0,4.1416,0,0,0,1,https://mail.exclusives.game-en.com/
52,17,27,3,0,0,0,0,5,0,0,12,0.2308,0,0,1,0,1,0,0,0,4.5345,0,0,0,1,https://www.roblox.com.bi/users/792165716858/profile
50,41,1,2,2,0,0,0,3,0,0,0,0.0,0,0,1,0,1,0,0,0,3.8933,0,0,0,1,https://meta-appealshelppagecenter-for.vercel.app/
76,32,36,3,3,0,0,0,3,0,0,28,0.3684,0,0,1,0,1,0,0,0,4.7853,0,0,0,1,https://vw4erh1s34-042627db98.vercel.app/ads-analytics-6954703021973003.html
23,14,1,2,0,0,0,0,3,0,0,6,0.2609,0,0,1,0,1,0,0,0,3.6425,1,0,0,1,https://app.668768.xyz/
43,35,1,2,2,0,0,0,3,0,0,0,0.0,0,0,1,1,0,0,0,0,4.2398,0,0,0,1,http://business-verification-mu.vercel.app/
55,47,1,3,1,0,0,0,3,0,0,4,0.0727,0,0,2,0,0,0,0,0,4.4835,0,0,0,1,http://trueagraniteup-cqg0dwhsangnbmf9.z03.azurefd.net/
63,20,35,3,0,0,0,0,5,0,0,4,0.0635,0,0,1,1,1,0,0,0,4.612,0,0,0,1,https://f005.backblazeb2.com/file/srthyuyj/SignintoXfinity.html
36,25,3,2,0,0,0,0,3,0,0,0,0.0,0,0,1,0,1,0,0,0,4.0515,0,0,0,1,https://mteamasklognxi.gitbook.io/us
34,25,1,2,0,0,0,0,3,0,0,0,0.0,0,0,1,0,1,0,0,0,3.9842,0,0,0,1,https://mteamasklognxi.gitbook.io/
37,28,1,3,1,0,0,0,3,0,0,0,0.0,0,0,2,0,1,0,0,0,4.1114,0,1,0,1,https://www.facebook-eu.blogspot.com/
42,33,1,3,1,0,0,0,3,0,0,0,0.0,0,0,2,0,1,0,0,0,4.1892,0,0,0,1,https://www.binance-register.blogspot.com/
18,10,1,1,0,0,0,0,3,0,0,0,0.0,0,0,0,0,0,0,0,0,3.2663,1,0,0,1,http://jpwzwa.top/
33,24,1,2,1,0,0,0,3,0,0,0,0.0,0,0,1,0,1,0,0,0,4.0408,0,1,0,1,https://facebook-eu.blogspot.com/
148,39,20,2,7,0,1,3,3,2,2,39,0.2635,0,0,1,0,1,0,0,0,5.1937,0,0,0,1,https://sp28ct5-narun-biz-kemri-zolko.pages.dev/rtyu-iopj-qewr-thjm?welcome=1180754245132345&idnp=1180754245132345&name_idnp=Maddy%20McClellan%20Art
67,39,20,2,4,0,0,0,3,0,0,3,0.0448,0,0,1,0,1,0,0,0,4.5865,0,0,0,1,https://sp28ct5-narun-biz-kemri-zolko.pages.dev/send_appeal_request
47,38,1,2,0,0,0,0,3,0,0,4,0.0851,0,0,1,0,1,0,0,0,4.4265,0,0,0,1,https://slinkvideohot2026.legacytoproofing.com/
41,33,1,2,1,0,0,0,3,0,0,0,0.0,0,0,1,0,0,0,0,0,4.0067,0,0,0,1,http://cancelacionoutlook-two.vercel.app/
